slug,subreddit,word_count
OCD_pf88ix,OCD,1138
OCD_piosex,OCD,901
OCD_nu4war,OCD,398
OCD_p06cfj,OCD,469
OCD_pmh0sp,OCD,1929
OCD_onyk8x,OCD,657
OCD_r3unlk,OCD,342
OCD_py75zx,OCD,331
OCD_n8d9ui,OCD,329
OCD_osue9h,OCD,822
OCD_ppcwo2,OCD,427
OCD_oxzrbu,OCD,312
OCD_oy9zg6,OCD,543
OCD_rbb19e,OCD,311
OCD_o2wi9y,OCD,475
OCD_q5isqj,OCD,1023
OCD_ncbrgf,OCD,355
OCD_ngj1m6,OCD,390
OCD_ovcu4q,OCD,377
OCD_q6l7r2,OCD,382
OCD_rfykzp,OCD,371
OCD_oe0fmp,OCD,375
OCD_n6s78r,OCD,520
OCD_rldbvk,OCD,310
OCD_r63zir,OCD,350
OCD_pl1lbl,OCD,438
OCD_nhyo97,OCD,469
OCD_r51vmm,OCD,352
OCD_r29ugu,OCD,510
OCD_q9vjmw,OCD,825
OCD_ly51m4,OCD,556
OCD_m31fxt,OCD,724
OCD_pukaol,OCD,340
OCD_p89pl5,OCD,307
OCD_nd6f80,OCD,527
OCD_oufze8,OCD,320
OCD_qlb1f8,OCD,514
OCD_ocpuwe,OCD,394
OCD_o50tuy,OCD,484
OCD_re4har,OCD,595
OCD_onqmtv,OCD,348
OCD_m6ae8n,OCD,815
OCD_ougn14,OCD,556
OCD_pdf0dt,OCD,470
OCD_p379wm,OCD,539
OCD_omzjq4,OCD,456
OCD_redo71,OCD,556
OCD_q9dw7z,OCD,357
OCD_pwcx8w,OCD,363
OCD_n2r5g2,OCD,557
OCD_p3xsh1,OCD,456
OCD_r37d69,OCD,412
OCD_odv6bu,OCD,392
OCD_qf6sn4,OCD,379
OCD_qq9qpe,OCD,387
OCD_qj1anm,OCD,463
OCD_r0pzgg,OCD,616
OCD_qql00n,OCD,344
OCD_mhtf3p,OCD,339
OCD_ra17u8,OCD,384
OCD_qx5mum,OCD,953
OCD_qe8yzg,OCD,554
OCD_ovd79n,OCD,410
OCD_r9023f,OCD,461
OCD_o56umd,OCD,330
OCD_onyb58,OCD,346
OCD_pv5olt,OCD,409
OCD_nmklev,OCD,580
OCD_obu6xi,OCD,311
OCD_oh266x,OCD,469
OCD_nycw6h,OCD,634
OCD_nbiz80,OCD,557
OCD_qygubo,OCD,380
OCD_r1xwo6,OCD,413
OCD_p1tw2h,OCD,693
OCD_lplt92,OCD,395
OCD_mtb09i,OCD,402
OCD_oym8pq,OCD,471
OCD_norubw,OCD,338
OCD_p37wu4,OCD,741
OCD_ojajvk,OCD,504
OCD_r5tk1h,OCD,424
OCD_onljgt,OCD,336
OCD_ni6f5f,OCD,534
OCD_o1s5p4,OCD,718
OCD_mhbwvh,OCD,353
OCD_r40edh,OCD,505
OCD_pcmxve,OCD,699
OCD_qu0ia3,OCD,470
OCD_qt2wad,OCD,409
OCD_p0lp4f,OCD,881
OCD_p1ito9,OCD,317
OCD_o3lx7y,OCD,776
OCD_ojsdlb,OCD,317
OCD_qvsap6,OCD,656
OCD_qp31z1,OCD,330
OCD_mm087d,OCD,434
OCD_mxt4a9,OCD,582
OCD_p9cwcb,OCD,411
OCD_ra2h61,OCD,319
OCD_okmvvf,OCD,462
OCD_ol3oim,OCD,379
OCD_rjepxd,OCD,1194
OCD_raoy9k,OCD,308
OCD_rili1h,OCD,576
OCD_qgc7wp,OCD,343
OCD_r1jrjz,OCD,356
OCD_q7cbtr,OCD,365
OCD_mt8b2k,OCD,795
OCD_qvbq2m,OCD,746
OCD_pcv5pb,OCD,368
OCD_rjdt67,OCD,412
OCD_p14204,OCD,583
OCD_nx8jyl,OCD,337
OCD_m3o21a,OCD,993
OCD_p0rg1n,OCD,567
OCD_qzuns7,OCD,711
OCD_povjof,OCD,493
OCD_pdztdi,OCD,358
OCD_ri8o9s,OCD,400
OCD_rjtr2m,OCD,323
OCD_n8whzv,OCD,335
OCD_mewr6m,OCD,666
OCD_pz16sp,OCD,324
OCD_pw6sr8,OCD,328
OCD_o5aeik,OCD,460
OCD_nb5qp4,OCD,482
OCD_n60087,OCD,597
OCD_pzsr28,OCD,346
OCD_q4a6ja,OCD,700
OCD_r710yx,OCD,345
OCD_p0ijht,OCD,369
OCD_mztohv,OCD,321
OCD_nhaude,OCD,410
OCD_o8nxz3,OCD,1374
OCD_q34msb,OCD,337
OCD_pcozb4,OCD,367
OCD_puye90,OCD,325
OCD_o48f32,OCD,450
OCD_qum7zz,OCD,1027
OCD_n9vs2o,OCD,382
OCD_q67scl,OCD,449
OCD_no9x1b,OCD,745
OCD_qoyba9,OCD,718
OCD_qtm6tl,OCD,394
OCD_ll28xd,OCD,457
OCD_mma8cg,OCD,367
OCD_r8sgp6,OCD,348
OCD_oue99j,OCD,382
OCD_rhnwsh,OCD,462
OCD_r1q35m,OCD,1012
OCD_r5su5o,OCD,555
OCD_ltueoe,OCD,629
OCD_rdtyqm,OCD,327
OCD_plapq1,OCD,915
OCD_r5vi2e,OCD,425
OCD_mwapjh,OCD,479
OCD_pd8j6w,OCD,673
OCD_mj54u0,OCD,622
OCD_nb45vo,OCD,529
OCD_lql484,OCD,398
OCD_pycf5l,OCD,332
OCD_rcy4ox,OCD,343
OCD_q109dv,OCD,619
OCD_p08q50,OCD,362
OCD_p3zwjz,OCD,328
OCD_pswzr5,OCD,444
OCD_rm82t8,OCD,816
OCD_petgph,OCD,542
OCD_prvwpc,OCD,627
OCD_plduws,OCD,1515
OCD_otw49i,OCD,427
OCD_r9l33b,OCD,368
OCD_mjeyzh,OCD,430
OCD_r3820p,OCD,414
OCD_o0dyt6,OCD,386
OCD_nqxw4n,OCD,308
OCD_nxv5gx,OCD,433
OCD_rkdtco,OCD,387
OCD_qkgd8j,OCD,603
OCD_n3ojzc,OCD,1149
OCD_rll3qs,OCD,347
OCD_rgf3i6,OCD,353
OCD_p7143w,OCD,576
OCD_na32ru,OCD,613
OCD_qgrwvz,OCD,312
OCD_r00x92,OCD,447
OCD_rdm0p0,OCD,701
OCD_quxf3c,OCD,647
OCD_pssfry,OCD,396
OCD_pfwgc3,OCD,340
OCD_rabte0,OCD,363
OCD_p26tny,OCD,562
OCD_qt8hth,OCD,443
OCD_ovqicy,OCD,353
OCD_r94wp1,OCD,369
OCD_oq7yf4,OCD,832
OCD_o9jqsr,OCD,400
OCD_o9xsnl,OCD,394
OCD_px9pr4,OCD,550
OCD_qom17n,OCD,772
OCD_lx5yfr,OCD,560
OCD_lp3gb7,OCD,542
OCD_pcwzi9,OCD,395
OCD_r6nypj,OCD,327
OCD_oxlwb1,OCD,356
OCD_p3n7d4,OCD,757
OCD_qk859g,OCD,391
OCD_nrps25,OCD,496
OCD_mhnjum,OCD,328
OCD_ph2z76,OCD,484
OCD_rawmz6,OCD,445
OCD_n7us5v,OCD,772
OCD_oatmf8,OCD,945
OCD_revdhv,OCD,384
OCD_mukefr,OCD,346
OCD_n7k2w4,OCD,744
OCD_n5bpgc,OCD,1234
OCD_opw5wp,OCD,315
OCD_punhzd,OCD,360
OCD_oyswao,OCD,509
OCD_neu8fj,OCD,353
OCD_qnacxr,OCD,325
OCD_m634al,OCD,322
OCD_ra6xgd,OCD,377
OCD_pcn5md,OCD,393
OCD_ns53ab,OCD,1340
OCD_oaqndk,OCD,387
OCD_oc11o3,OCD,368
OCD_mwc3fr,OCD,355
OCD_q2ctd0,OCD,2019
OCD_mwmmag,OCD,367
OCD_qufiue,OCD,604
OCD_qbpa7a,OCD,1030
OCD_mxwnwp,OCD,353
OCD_oaeua4,OCD,751
OCD_oag8p8,OCD,446
OCD_qj1it7,OCD,447
OCD_npu2m7,OCD,701
OCD_meo6mt,OCD,442
OCD_nheecr,OCD,439
OCD_op80u7,OCD,576
OCD_n9m5vk,OCD,687
OCD_ofbty7,OCD,444
OCD_qdtiat,OCD,404
OCD_n2ad7k,OCD,350
OCD_qylave,OCD,323
OCD_p4siks,OCD,335
OCD_lw6kld,OCD,319
OCD_mklaup,OCD,497
OCD_q5gh1v,OCD,331
OCD_pvib67,OCD,692
OCD_om195l,OCD,891
OCD_pnrfpg,OCD,672
OCD_rjtmxm,OCD,307
OCD_nptqrl,OCD,957
OCD_qkequh,OCD,1395
OCD_qjox2o,OCD,580
OCD_p4pd2z,OCD,481
OCD_p6im0c,OCD,424
OCD_otq2rp,OCD,3146
OCD_n06b6o,OCD,390
OCD_qw62mj,OCD,518
OCD_raroto,OCD,1158
OCD_ml8hmx,OCD,644
OCD_qhqzrk,OCD,658
OCD_qoslls,OCD,339
OCD_qhxw67,OCD,1109
OCD_oulx7c,OCD,345
OCD_nu06nm,OCD,982
OCD_p98y0k,OCD,478
OCD_onsxi3,OCD,407
OCD_nm28sa,OCD,378
OCD_ojxjra,OCD,1419
OCD_oys8w7,OCD,385
OCD_nudwm0,OCD,2627
OCD_qgpecm,OCD,616
OCD_pada7t,OCD,1707
OCD_mquodv,OCD,304
OCD_p0d6q3,OCD,349
OCD_pj2wyu,OCD,491
OCD_q8b2pd,OCD,309
OCD_n01rj1,OCD,647
OCD_o2n2oo,OCD,416
OCD_oawjo6,OCD,366
OCD_r53w77,OCD,438
OCD_r9widc,OCD,398
OCD_njv09l,OCD,495
OCD_rh2ij2,OCD,311
OCD_pfrevc,OCD,435
OCD_pjenee,OCD,425
OCD_n54aie,OCD,364
OCD_nwg0rf,OCD,377
OCD_nn31ka,OCD,393
OCD_oewr41,OCD,1312
OCD_ndej4t,OCD,352
OCD_pf49od,OCD,401
OCD_lwodqa,OCD,398
OCD_r0o65t,OCD,505
OCD_rl3xt3,OCD,313
OCD_o61b8t,OCD,467
OCD_n2ev6b,OCD,423
OCD_oaslbs,OCD,313
OCD_o4imno,OCD,572
OCD_phm1tw,OCD,328
OCD_mrm8n0,OCD,471
OCD_ni3gh6,OCD,346
OCD_o6k5wy,OCD,1017
OCD_oz7b7o,OCD,564
OCD_m46e8m,OCD,570
OCD_ood1k6,OCD,397
OCD_p3lc3b,OCD,878
OCD_rid6sp,OCD,342
OCD_qer6d5,OCD,371
OCD_qmfgqw,OCD,575
OCD_p6p5lo,OCD,359
OCD_rkdwui,OCD,345
OCD_pm27mx,OCD,447
OCD_m0q2g5,OCD,1295
OCD_nnedhg,OCD,595
OCD_oftn34,OCD,731
OCD_q4ela4,OCD,531
OCD_nnw7mj,OCD,341
OCD_o7flfp,OCD,509
OCD_m6hbxh,OCD,364
OCD_p1s294,OCD,468
OCD_lm0dgm,OCD,590
OCD_rbmt67,OCD,313
OCD_rekbzx,OCD,419
OCD_m1bzxl,OCD,457
OCD_nnmy2j,OCD,660
OCD_ohbobp,OCD,375
OCD_nd60zc,OCD,390
OCD_ptk1iz,OCD,354
OCD_qhsd0q,OCD,563
OCD_msyluw,OCD,455
OCD_phxr8l,OCD,420
OCD_msyozu,OCD,466
OCD_oh1y5k,OCD,867
OCD_q7ldao,OCD,854
OCD_pk5rvi,OCD,479
OCD_p19fwq,OCD,406
OCD_odcz46,OCD,349
OCD_ph0mlg,OCD,332
OCD_raraiz,OCD,336
OCD_qzfyv5,OCD,336
OCD_qbx9h7,OCD,369
OCD_nsueks,OCD,501
OCD_ntaw78,OCD,436
OCD_mfd7ym,OCD,631
OCD_prmxcl,OCD,584
OCD_p1z3fh,OCD,358
OCD_rhkjaf,OCD,458
OCD_lqboqr,OCD,447
OCD_m0zl1g,OCD,496
OCD_mydyo6,OCD,331
OCD_qb6503,OCD,444
OCD_o7s295,OCD,447
OCD_pf0guy,OCD,466
OCD_o7dqhb,OCD,327
OCD_nhnhkr,OCD,354
OCD_m2ilbg,OCD,369
OCD_mmeoov,OCD,694
OCD_nk6q1c,OCD,354
OCD_qb3j98,OCD,498
OCD_nnypxg,OCD,346
OCD_qjcj8f,OCD,382
OCD_mzk85j,OCD,1060
OCD_lx0ipy,OCD,392
OCD_n5hvbv,OCD,635
OCD_pczcer,OCD,694
OCD_m1efqc,OCD,3034
OCD_re1vvs,OCD,2182
OCD_nmrwzk,OCD,428
OCD_nomk2o,OCD,342
OCD_p83l3o,OCD,366
OCD_oy3esc,OCD,434
OCD_qh2xvh,OCD,394
OCD_pv08wf,OCD,307
OCD_o766hn,OCD,457
OCD_nwdqhk,OCD,565
OCD_nsutda,OCD,556
OCD_pyxb32,OCD,703
OCD_rar9m6,OCD,1152
OCD_n18b0e,OCD,376
OCD_q9fnns,OCD,1083
OCD_ol5wya,OCD,334
OCD_nfic5z,OCD,367
OCD_p6kjuh,OCD,329
OCD_qujo77,OCD,528
OCD_qs3w27,OCD,534
OCD_radvl9,OCD,815
OCD_oqb51g,OCD,1190
OCD_ph7bc7,OCD,452
OCD_ndwh1n,OCD,483
OCD_qi7j0h,OCD,577
OCD_qu0xca,OCD,550
OCD_nfwwwd,OCD,683
OCD_q7fl98,OCD,681
OCD_qvpdw8,OCD,353
OCD_pipx0y,OCD,355
OCD_omt5du,OCD,356
OCD_qnc3qn,OCD,524
OCD_qwt4ws,OCD,406
OCD_p2przc,OCD,434
OCD_n1fq7a,OCD,390
OCD_qteh2s,OCD,353
OCD_rc1nlm,OCD,348
OCD_qcccsp,OCD,407
OCD_p65xcx,OCD,453
OCD_npv771,OCD,333
OCD_plemsa,OCD,576
OCD_odi52f,OCD,4127
OCD_nyd7ub,OCD,340
OCD_omgyuq,OCD,934
OCD_qhi1cj,OCD,317
OCD_nxjgp4,OCD,508
OCD_my7nil,OCD,681
OCD_n2fyu5,OCD,327
OCD_rkj4t1,OCD,332
OCD_qha6cm,OCD,326
OCD_pmke7p,OCD,452
OCD_pk4ivd,OCD,515
OCD_pxumxc,OCD,330
OCD_rb0rts,OCD,325
OCD_mwbxs7,OCD,416
OCD_r3gzye,OCD,324
OCD_r1av4y,OCD,405
OCD_pa3is6,OCD,378
OCD_qjnpe1,OCD,527
OCD_r4gwoz,OCD,395
OCD_o85nav,OCD,416
OCD_o6wn96,OCD,1181
OCD_o64xfm,OCD,591
OCD_o4iica,OCD,662
OCD_obyyl6,OCD,331
OCD_pvxdks,OCD,312
OCD_qr773n,OCD,414
OCD_p73pra,OCD,460
OCD_oshpjz,OCD,357
OCD_mvysks,OCD,341
OCD_n8j7pd,OCD,372
OCD_ri086r,OCD,347
OCD_mnplk0,OCD,775
OCD_rjluv2,OCD,682
OCD_pcjpvr,OCD,815
OCD_ngw70b,OCD,395
OCD_p1j6e0,OCD,572
OCD_odlu5r,OCD,535
OCD_p5sov9,OCD,533
OCD_qjvhka,OCD,531
OCD_p7f1rg,OCD,765
OCD_ow37hc,OCD,387
OCD_qwe504,OCD,325
OCD_ongq09,OCD,723
OCD_pl2bl1,OCD,760
OCD_ox88us,OCD,429
OCD_lti5c7,OCD,1041
OCD_qqliq2,OCD,324
OCD_pxvg7j,OCD,429
OCD_n4ji3g,OCD,454
OCD_onkxxo,OCD,391
OCD_pd4i4k,OCD,834
OCD_ni4vhm,OCD,373
OCD_mr83fw,OCD,331
OCD_pnytmf,OCD,936
OCD_m1bl32,OCD,508
OCD_o4ihlb,OCD,350
OCD_op37pn,OCD,535
OCD_r1cb1b,OCD,520
OCD_q51jdr,OCD,346
OCD_opibst,OCD,432
OCD_ojajas,OCD,346
OCD_pilcdz,OCD,314
OCD_o8woqa,OCD,557
OCD_polp20,OCD,567
OCD_mg1uu5,OCD,468
OCD_o29880,OCD,345
OCD_qqakhv,OCD,438
OCD_qc9gj2,OCD,367
OCD_n69ofh,OCD,320
OCD_oi23b8,OCD,1457
OCD_r71o6y,OCD,440
OCD_qbiwgq,OCD,319
OCD_q54wr9,OCD,439
OCD_pdl7wu,OCD,311
OCD_n0v7i1,OCD,530
OCD_om3tsm,OCD,629
OCD_mwac91,OCD,528
OCD_no3jl2,OCD,460
OCD_pcuf6k,OCD,548
OCD_ppswgw,OCD,676
OCD_ptb2g5,OCD,495
OCD_qpl4r7,OCD,2550
OCD_lmmatd,OCD,431
OCD_oy4v8l,OCD,484
OCD_ntdnrp,OCD,355
OCD_psqxmv,OCD,382
OCD_ob2vwp,OCD,706
OCD_pnrzwt,OCD,334
OCD_n8wpc1,OCD,472
OCD_pb4f2e,OCD,473
OCD_nr4t56,OCD,1953
OCD_mwa67q,OCD,335
OCD_pmhp43,OCD,334
OCD_pn0fn9,OCD,397
OCD_qaq0h4,OCD,405
OCD_ooirxv,OCD,342
OCD_p2ft2q,OCD,332
OCD_o0ohlv,OCD,328
OCD_owfuij,OCD,315
OCD_qvj753,OCD,510
OCD_or3utj,OCD,336
OCD_ovprsv,OCD,2323
OCD_n050ai,OCD,369
OCD_rfngtd,OCD,605
OCD_pxp03j,OCD,522
OCD_m53x00,OCD,370
OCD_r1sc3f,OCD,332
OCD_ojcp39,OCD,335
OCD_ovyszy,OCD,422
OCD_mfktse,OCD,641
OCD_ls0xjx,OCD,327
OCD_nd6i86,OCD,479
OCD_ptz7bb,OCD,314
OCD_q15pfv,OCD,1667
OCD_m6gypj,OCD,406
OCD_o4rx36,OCD,1413
OCD_q5ii62,OCD,1206
OCD_p8fbai,OCD,950
OCD_ml7qhe,OCD,954
OCD_p4sb2z,OCD,325
OCD_pdzclk,OCD,338
OCD_riwoa1,OCD,606
OCD_o6wapf,OCD,358
OCD_ot9bet,OCD,353
OCD_nxlo84,OCD,807
OCD_qjv73w,OCD,328
OCD_o4fnex,OCD,611
OCD_oeh0ln,OCD,420
OCD_mhuk0a,OCD,361
OCD_qm6kcx,OCD,783
OCD_pjqgg9,OCD,423
OCD_o7r6z8,OCD,1420
OCD_m58jlj,OCD,414
OCD_ns3mhh,OCD,342
OCD_pqk1xf,OCD,628
OCD_lqw6y8,OCD,657
OCD_pbctke,OCD,606
OCD_mr4r1d,OCD,336
OCD_obakho,OCD,383
OCD_qu5mgf,OCD,1183
OCD_nxwicb,OCD,822
OCD_oalto1,OCD,339
OCD_mfugc1,OCD,461
OCD_o6nbcr,OCD,350
OCD_r22v6g,OCD,443
OCD_r7ju1z,OCD,609
OCD_pw20cy,OCD,391
OCD_pnlofb,OCD,319
OCD_q7lide,OCD,380
OCD_rf9i1l,OCD,304
OCD_o76z72,OCD,310
OCD_pl7of7,OCD,415
OCD_lwao7x,OCD,345
OCD_q70gj8,OCD,410
OCD_mu8g4f,OCD,715
OCD_qr645t,OCD,341
OCD_poi047,OCD,507
OCD_ou27gi,OCD,347
OCD_q5nh3g,OCD,373
OCD_oonlpa,OCD,530
OCD_meylkl,OCD,328
OCD_ps9t2m,OCD,756
OCD_qcpyfz,OCD,448
OCD_n0bksc,OCD,609
OCD_o6ti5h,OCD,340
OCD_qz1qaq,OCD,497
OCD_recevd,OCD,573
OCD_mx6j46,OCD,1927
OCD_mzmuc5,OCD,455
OCD_q2cgpw,OCD,455
OCD_ngqbj2,OCD,481
OCD_qysk8d,OCD,882
OCD_ofqq1t,OCD,405
OCD_rklz1k,OCD,582
OCD_mz2adf,OCD,1047
OCD_rl7o4w,OCD,355
OCD_no9e0u,OCD,377
OCD_o3fi39,OCD,432
OCD_ow37jo,OCD,405
OCD_quz4i3,OCD,336
OCD_lmjks0,OCD,509
OCD_qsdrb8,OCD,597
OCD_rju3db,OCD,505
OCD_rh2j5x,OCD,398
OCD_p56aut,OCD,370
OCD_qhjv6u,OCD,488
OCD_m0tcnx,OCD,321
OCD_r4fnlx,OCD,783
OCD_qc82hx,OCD,414
OCD_ops9tc,OCD,872
OCD_p9mwsf,OCD,473
OCD_m17nc6,OCD,369
OCD_nkaq4t,OCD,438
OCD_qmcl70,OCD,416
OCD_q3pjm1,OCD,315
OCD_lntptt,OCD,599
OCD_mfycjs,OCD,465
OCD_n9dzwp,OCD,1120
OCD_n6ja02,OCD,388
OCD_mxuww0,OCD,447
OCD_ox82a6,OCD,360
OCD_lwvaij,OCD,407
OCD_ppwubt,OCD,323
OCD_o57efk,OCD,425
OCD_m3ea9s,OCD,626
OCD_lss9i2,OCD,622
OCD_nlokir,OCD,430
OCD_q8c0ag,OCD,611
OCD_lkzo6x,OCD,556
OCD_r8ft1d,OCD,497
OCD_qlf89f,OCD,504
OCD_p6gh15,OCD,553
OCD_lq36c7,OCD,359
OCD_qb8z2f,OCD,476
OCD_nixu77,OCD,1192
OCD_poxviq,OCD,311
OCD_mje95v,OCD,496
OCD_mn2bfv,OCD,320
OCD_pl54qv,OCD,371
OCD_o0al2c,OCD,316
OCD_n87d2m,OCD,521
OCD_ojtrld,OCD,452
OCD_r50cu8,OCD,694
OCD_qnpip5,OCD,993
OCD_qnla9l,OCD,1186
OCD_oq22u9,OCD,338
OCD_lxvwa0,OCD,551
OCD_pq44d4,OCD,529
OCD_qzr6a9,OCD,838
OCD_lwtb3c,OCD,815
OCD_ohnav7,OCD,472
OCD_nclh1j,OCD,318
OCD_p61n41,OCD,708
OCD_mt82xf,OCD,333
OCD_q4msq8,OCD,509
OCD_pdglsc,OCD,373
OCD_nozzls,OCD,400
OCD_petbmd,OCD,485
OCD_rbf044,OCD,565
OCD_mmy372,OCD,443
OCD_o2smqp,OCD,568
OCD_q3rl84,OCD,310
OCD_p5pi2e,OCD,486
OCD_q42f1c,OCD,325
OCD_q4g3sc,OCD,680
OCD_owty8b,OCD,466
OCD_pd65ze,OCD,579
OCD_oh9gqr,OCD,747
OCD_ni74th,OCD,1089
OCD_r8ruop,OCD,373
OCD_qylfnc,OCD,314
OCD_no07ew,OCD,348
OCD_pvy6c8,OCD,389
OCD_nfnvvi,OCD,339
OCD_nfr9p1,OCD,406
OCD_p1fn51,OCD,576
OCD_qzphs5,OCD,329
OCD_plmfu7,OCD,405
OCD_oxxmjc,OCD,325
OCD_ohoz8h,OCD,527
OCD_o421yq,OCD,363
OCD_mksrkw,OCD,335
OCD_n81su8,OCD,410
OCD_qpby98,OCD,386
OCD_oj15bi,OCD,369
OCD_r950hq,OCD,371
OCD_llo5fd,OCD,394
OCD_q7047u,OCD,332
OCD_qebyrz,OCD,326
OCD_r83os4,OCD,570
OCD_qyv665,OCD,346
OCD_ohuc1o,OCD,332
OCD_r4qdhr,OCD,336
OCD_nm77w1,OCD,406
OCD_nd79v6,OCD,433
OCD_olwkvr,OCD,312
OCD_mv7b44,OCD,579
OCD_mn2v95,OCD,336
OCD_qw6eq7,OCD,336
OCD_m73cqu,OCD,348
OCD_mr96i7,OCD,350
OCD_nbbco1,OCD,311
OCD_q38mj9,OCD,351
OCD_qayin3,OCD,394
OCD_n5tv5s,OCD,342
OCD_q8zms2,OCD,358
OCD_rlu46z,OCD,396
OCD_pa21ja,OCD,340
OCD_mgckxe,OCD,667
OCD_p1q1ty,OCD,609
OCD_qvfkou,OCD,455
OCD_m1xds0,OCD,692
OCD_ozmpek,OCD,329
OCD_obc13h,OCD,424
OCD_q287v3,OCD,322
OCD_r9oa6j,OCD,498
OCD_r4df95,OCD,401
OCD_r7pqyc,OCD,343
OCD_n4dndl,OCD,392
OCD_ogaclz,OCD,392
OCD_rgchyr,OCD,361
OCD_lxpj7u,OCD,522
OCD_mv08v5,OCD,461
OCD_mmwbuf,OCD,406
OCD_lx86sf,OCD,320
OCD_owuwvo,OCD,419
OCD_ne2ixr,OCD,406
OCD_ly3nq2,OCD,898
OCD_mtoev9,OCD,480
OCD_ol8pru,OCD,367
OCD_lo749v,OCD,892
OCD_rfv9gd,OCD,500
OCD_nigtas,OCD,360
OCD_ltx6ae,OCD,767
OCD_n79q9a,OCD,331
OCD_pktl6q,OCD,802
OCD_nh9o3r,OCD,604
OCD_mtwc5x,OCD,333
OCD_ng1mrw,OCD,329
OCD_r870gb,OCD,323
OCD_p499lt,OCD,352
OCD_ndtutz,OCD,451
OCD_nog7uf,OCD,503
OCD_oc69oh,OCD,661
OCD_pr75o0,OCD,1519
OCD_p45d6u,OCD,597
OCD_pjokk5,OCD,407
OCD_o13ti0,OCD,618
OCD_ncrs8r,OCD,389
OCD_lktms1,OCD,360
OCD_m2ajko,OCD,448
OCD_oswkyn,OCD,509
OCD_ol6sf9,OCD,829
OCD_qrtdf1,OCD,492
OCD_q0w4h3,OCD,525
OCD_o1dkcn,OCD,330
OCD_pck4p7,OCD,357
OCD_p2zon0,OCD,394
OCD_o1tr9k,OCD,350
OCD_p0pobq,OCD,316
OCD_om2o5i,OCD,523
OCD_po2ln9,OCD,2160
OCD_r94ouw,OCD,659
OCD_rlm7vl,OCD,365
OCD_ltudo0,OCD,351
OCD_quyd64,OCD,361
OCD_olfl0q,OCD,484
OCD_poyel1,OCD,632
OCD_nsw0pc,OCD,1190
OCD_ojbnua,OCD,400
OCD_q8f7jk,OCD,671
OCD_mnl0zh,OCD,419
OCD_mixexh,OCD,564
OCD_oy6gwi,OCD,847
OCD_prabs7,OCD,424
OCD_p28nnd,OCD,2111
OCD_ohihza,OCD,715
OCD_qontj7,OCD,572
OCD_qeod1u,OCD,464
OCD_qhv5yr,OCD,662
OCD_nlwvxb,OCD,937
OCD_msby8q,OCD,332
OCD_ncj1yd,OCD,440
OCD_q2fhpf,OCD,360
OCD_mn4vj4,OCD,613
OCD_qnxpne,OCD,635
OCD_mybmqa,OCD,616
OCD_q06nae,OCD,305
OCD_qjcg3b,OCD,355
OCD_lr8rfk,OCD,372
OCD_ly0y52,OCD,421
OCD_pdyws8,OCD,344
OCD_nz97e5,OCD,692
OCD_oldptm,OCD,338
OCD_ntx25o,OCD,356
OCD_ovgwd0,OCD,376
OCD_ren6mb,OCD,324
OCD_p917yi,OCD,326
OCD_r8qkmw,OCD,322
OCD_ltgnlx,OCD,546
OCD_qz723f,OCD,317
OCD_o77z0a,OCD,438
OCD_mne5vf,OCD,752
OCD_o7vs9f,OCD,333
OCD_ok035y,OCD,393
OCD_opovg4,OCD,332
OCD_r5nj4n,OCD,569
OCD_m70y0g,OCD,488
OCD_mg5icc,OCD,368
OCD_plxslw,OCD,357
OCD_n6hufc,OCD,480
OCD_ppmxd4,OCD,354
OCD_plbv1b,OCD,725
OCD_n5tiab,OCD,304
OCD_ocmtx9,OCD,337
OCD_o3e5hf,OCD,492
OCD_nu60s4,OCD,579
OCD_mio0x8,OCD,1540
OCD_mxy5em,OCD,305
OCD_qt3q5n,OCD,983
OCD_qs59zo,OCD,408
OCD_nj5872,OCD,328
OCD_ounhwq,OCD,573
OCD_lkzifq,OCD,371
OCD_p3klm7,OCD,341
OCD_qxnvtb,OCD,543
OCD_lkzb4m,OCD,814
OCD_n6gkqe,OCD,404
OCD_oiefu6,OCD,497
OCD_oq50kh,OCD,492
OCD_os1v7o,OCD,375
OCD_n1fook,OCD,564
OCD_lp2thk,OCD,490
OCD_p7eflr,OCD,1908
OCD_riuo9a,OCD,354
OCD_p3tu4m,OCD,429
OCD_mi9y47,OCD,342
OCD_nr4fsh,OCD,395
OCD_ow40it,OCD,651
OCD_n9boo7,OCD,684
OCD_ne69ir,OCD,378
OCD_pdzxls,OCD,477
OCD_qdm4rw,OCD,332
OCD_miee4j,OCD,1011
OCD_qlh8so,OCD,439
OCD_lqa437,OCD,496
OCD_o0ex9g,OCD,525
OCD_p8xxi9,OCD,386
OCD_o91fo3,OCD,453
OCD_ojsdmo,OCD,382
OCD_mv6vlt,OCD,539
OCD_mlj5i6,OCD,381
OCD_orxovz,OCD,596
OCD_o1lojy,OCD,603
OCD_q0abtl,OCD,333
OCD_lwgcnb,OCD,347
OCD_n6em8u,OCD,375
OCD_p28mjb,OCD,568
OCD_n4dn9n,OCD,355
OCD_ofgbh3,OCD,857
OCD_nrabnj,OCD,778
OCD_qu7q9l,OCD,511
OCD_mkz0ya,OCD,346
OCD_r76q5j,OCD,446
OCD_q0ozgj,OCD,561
OCD_pl09fh,OCD,386
OCD_rfgis8,OCD,365
OCD_mgciv0,OCD,790
OCD_q60nd0,OCD,469
OCD_mlq714,OCD,328
OCD_rc1l8s,OCD,390
OCD_r41yuw,OCD,312
OCD_phq5hb,OCD,306
OCD_r63eip,OCD,521
OCD_ohi34g,OCD,314
OCD_nxpzp7,OCD,469
OCD_m5p7nt,OCD,534
OCD_q6vkkl,OCD,420
OCD_q5lvnm,OCD,491
OCD_p1v5zk,OCD,478
OCD_onb327,OCD,332
OCD_ojrl4q,OCD,443
OCD_mlsnzd,OCD,470
OCD_ppdpng,OCD,508
OCD_njxmrf,OCD,1200
OCD_lph4lv,OCD,323
OCD_pl0v3o,OCD,357
OCD_pqur0r,OCD,464
OCD_openb4,OCD,328
OCD_p5dtq4,OCD,483
OCD_q1zfz7,OCD,668
OCD_mvuz49,OCD,732
OCD_n07fg9,OCD,452
OCD_qs6aah,OCD,507
OCD_ptlsns,OCD,322
OCD_oup19t,OCD,455
OCD_rcjzfq,OCD,536
OCD_my8apt,OCD,486
OCD_npe2fo,OCD,643
OCD_mw043p,OCD,386
OCD_qc9qdr,OCD,542
OCD_n9k3af,OCD,788
OCD_lwgx3g,OCD,544
OCD_r71rft,OCD,497
OCD_lxknua,OCD,978
OCD_nurjp5,OCD,413
OCD_r6vy9c,OCD,447
OCD_rg4n8c,OCD,347
OCD_r1xmwn,OCD,549
OCD_mt6mfu,OCD,402
OCD_ne1iv2,OCD,971
OCD_pvjsv0,OCD,361
OCD_n1yu2e,OCD,348
OCD_r5km83,OCD,519
OCD_oy9d5t,OCD,339
OCD_ohs4ee,OCD,585
OCD_r9z80q,OCD,371
OCD_nqyq1w,OCD,505
OCD_n4s0rq,OCD,396
OCD_lopv5c,OCD,1215
OCD_raign9,OCD,344
OCD_q2xiwa,OCD,463
OCD_q29h9d,OCD,348
OCD_nchsqi,OCD,396
OCD_ovsf01,OCD,444
OCD_pg71ux,OCD,317
OCD_r05bkd,OCD,431
OCD_mkx66q,OCD,659
OCD_ot1d60,OCD,360
OCD_q823js,OCD,591
OCD_pfo4fu,OCD,359
OCD_qd5ymt,OCD,394
OCD_qqk6gd,OCD,386
OCD_q4wuiz,OCD,323
OCD_npg1bc,OCD,456
OCD_ly55j9,OCD,924
OCD_ozv8td,OCD,320
OCD_n1ny4f,OCD,573
OCD_qkvxjt,OCD,631
OCD_pc2e7c,OCD,548
OCD_q5pj2r,OCD,661
OCD_mj44s6,OCD,587
OCD_mgnpbs,OCD,386
OCD_q8f51f,OCD,952
OCD_lodeu5,OCD,849
OCD_odjbte,OCD,575
OCD_ozuhek,OCD,467
OCD_prr37v,OCD,408
OCD_lp3ldc,OCD,552
OCD_p4szwc,OCD,986
OCD_nqnpf3,OCD,445
OCD_pkmwkd,OCD,360
OCD_r6jg5g,OCD,446
OCD_pzxjn0,OCD,365
OCD_pqcc0j,OCD,557
OCD_pciixr,OCD,624
OCD_mhzxk6,OCD,448
OCD_qg2ekv,OCD,424
OCD_qzujig,OCD,389
OCD_r4igaw,OCD,612
OCD_o82igu,OCD,518
OCD_nf37ix,OCD,320
OCD_qdswyo,OCD,366
OCD_p5xw5h,OCD,327
OCD_pqvmjw,OCD,477
OCD_pxjnfy,OCD,543
OCD_mr8mrc,OCD,728
OCD_mtj4n7,OCD,592
OCD_omei5v,OCD,747
OCD_pxa85g,OCD,1175
OCD_oddxb6,OCD,382
OCD_qfiujs,OCD,339
OCD_plewld,OCD,497
OCD_qtku12,OCD,685
OCD_qgi2ro,OCD,468
OCD_opcfe5,OCD,334
OCD_o7ddo2,OCD,445
OCD_mzx1yo,OCD,393
OCD_pc8e2y,OCD,440
OCD_oncvml,OCD,1093
OCD_q28m8j,OCD,422
OCD_mw9bzt,OCD,632
OCD_ql93ec,OCD,2135
OCD_noeld9,OCD,375
OCD_lsdt24,OCD,389
OCD_p0d1qs,OCD,406
OCD_r5ehh8,OCD,641
OCD_p453vt,OCD,695
OCD_mqp7e2,OCD,384
OCD_lowhjx,OCD,937
OCD_qzkh4o,OCD,338
OCD_q4zeo1,OCD,741
OCD_r9a89h,OCD,340
OCD_qgo2ju,OCD,544
OCD_pe40s6,OCD,388
OCD_ofsw9h,OCD,342
OCD_ntn88c,OCD,315
OCD_ofqjb7,OCD,948
OCD_pbdtdb,OCD,511
OCD_npo34m,OCD,360
OCD_oqe6iu,OCD,702
OCD_riwn1h,OCD,367
OCD_m41ywe,OCD,1039
OCD_q44do1,OCD,384
OCD_nlln7u,OCD,562
OCD_qjxxmp,OCD,671
OCD_nvihhp,OCD,355
OCD_r7qxb8,OCD,380
OCD_msgami,OCD,763
OCD_mis8qg,OCD,356
OCD_o3dddo,OCD,441
OCD_qlueui,OCD,522
OCD_p4p3ie,OCD,1011
OCD_mgjcmn,OCD,367
OCD_p8lzxg,OCD,324
OCD_m55zss,OCD,358
OCD_nujfw3,OCD,404
OCD_qjywux,OCD,406
OCD_nrh1zh,OCD,418
OCD_qaku1e,OCD,348
OCD_pf98ch,OCD,567
OCD_quuw9b,OCD,397
OCD_rib5fw,OCD,441
OCD_pmgzrx,OCD,458
OCD_lr1sfx,OCD,444
OCD_qej8ef,OCD,321
OCD_oevvtg,OCD,362
OCD_p1litv,OCD,428
OCD_nyzomt,OCD,487
OCD_nhh18y,OCD,346
OCD_mtzk0q,OCD,367
OCD_okf431,OCD,1369
OCD_pmdtfw,OCD,334
OCD_prgy3i,OCD,313
OCD_qgfxgu,OCD,743
OCD_p6x0io,OCD,389
OCD_qkn6bp,OCD,420
OCD_mm6zmu,OCD,317
OCD_od58zp,OCD,611
OCD_prw7o2,OCD,425
OCD_p5jdry,OCD,1080
OCD_lwnnnp,OCD,443
OCD_mfy1ul,OCD,429
OCD_lmgoc8,OCD,391
OCD_n9dqoe,OCD,669
OCD_qtwuew,OCD,789
OCD_qoo8ey,OCD,463
OCD_qiswpo,OCD,315
OCD_n2ajwi,OCD,330
OCD_qecg47,OCD,437
OCD_osgudw,OCD,740
OCD_ofebux,OCD,734
OCD_olst9t,OCD,408
OCD_nrpy8w,OCD,355
OCD_ohci62,OCD,369
OCD_qfov87,OCD,368
OCD_mj0ri7,OCD,1296
OCD_qqehn0,OCD,322
OCD_pcyg4q,OCD,698
OCD_mvpx7b,OCD,1000
OCD_peirdu,OCD,379
OCD_nt5rpt,OCD,446
OCD_o4o02a,OCD,321
OCD_oodr5t,OCD,417
OCD_q1d0r6,OCD,473
OCD_qmuei3,OCD,627
OCD_odgurg,OCD,413
OCD_rjj0dz,OCD,343
OCD_q146w1,OCD,382
OCD_q9vewh,OCD,824
OCD_ohtd50,OCD,469
OCD_o6fx3y,OCD,519
OCD_nhdian,OCD,409
OCD_nhdkj9,OCD,375
OCD_nn34az,OCD,370
OCD_npzg3o,OCD,405
OCD_ot1ir3,OCD,591
OCD_ml3otl,OCD,625
OCD_noai0d,OCD,846
OCD_m1z78q,OCD,711
OCD_n7seaw,OCD,545
OCD_pko8nd,OCD,411
OCD_ltg9no,OCD,328
OCD_mqxfbp,OCD,453
OCD_os5csy,OCD,531
OCD_r3cnr6,OCD,613
OCD_m2jm7s,OCD,867
OCD_ls0bxf,OCD,1675
OCD_pu5yat,OCD,479
OCD_mj7sdy,OCD,816
OCD_p6d2om,OCD,1260
OCD_n1qa1x,OCD,2071
OCD_qzsa3a,OCD,327
OCD_ov7gui,OCD,601
OCD_qeqyuo,OCD,382
OCD_mjs97f,OCD,332
OCD_pag2wj,OCD,437
OCD_qcxi5x,OCD,351
OCD_p4gtuj,OCD,347
OCD_otwfvw,OCD,311
OCD_odvs9z,OCD,517
OCD_mh4yqk,OCD,406
OCD_n7l9l8,OCD,518
OCD_nx95ub,OCD,378
OCD_ooul4z,OCD,373
OCD_q5mxax,OCD,394
OCD_mk8ugm,OCD,697
OCD_re3w3w,OCD,346
OCD_q5kxks,OCD,315
OCD_lnlyhw,OCD,398
OCD_nx00bi,OCD,315
OCD_qa9pqm,OCD,395
OCD_n232pe,OCD,469
OCD_mf4cbf,OCD,781
OCD_ouyq0t,OCD,343
OCD_p0vnag,OCD,831
OCD_qgh1ty,OCD,337
OCD_qw8fq2,OCD,422
OCD_otd5c8,OCD,468
OCD_mzlt1a,OCD,428
OCD_pfkr68,OCD,439
OCD_ot62pc,OCD,413
OCD_ol4obl,OCD,370
OCD_qpfsk8,OCD,321
OCD_r01qzs,OCD,561
OCD_o4kf2j,OCD,349
OCD_mr7yfh,OCD,333
OCD_q5txfx,OCD,310
OCD_nll1yr,OCD,847
OCD_r2wap2,OCD,576
OCD_oh2dtb,OCD,603
OCD_qd319f,OCD,572
OCD_mxdpzj,OCD,339
OCD_m1rr4s,OCD,488
OCD_ncw2sx,OCD,524
OCD_otcp1k,OCD,507
OCD_rh9hhj,OCD,355
OCD_msyb2n,OCD,691
OCD_pvdm3x,OCD,497
OCD_ptzm6d,OCD,524
OCD_q2c98h,OCD,483
OCD_n1sb8r,OCD,380
OCD_n7dbp4,OCD,314
OCD_p9zi4j,OCD,335
OCD_ngvncc,OCD,356
OCD_r3uuo9,OCD,704
OCD_o7kmer,OCD,452
OCD_o88wer,OCD,345
OCD_qhd9ym,OCD,593
OCD_nw4fmt,OCD,889
OCD_px1ck6,OCD,396
OCD_p4econ,OCD,339
OCD_oilqm1,OCD,595
OCD_pl76tn,OCD,503
OCD_pligff,OCD,348
OCD_lrcgtc,OCD,318
OCD_p1wxf8,OCD,405
OCD_q3m7a4,OCD,485
OCD_n0ibye,OCD,839
OCD_prskzo,OCD,404
OCD_p017bn,OCD,430
OCD_rlcscf,OCD,397
OCD_o8avqh,OCD,462
OCD_pjkwgm,OCD,332
OCD_necnwv,OCD,356
OCD_oi144c,OCD,324
OCD_p43ptj,OCD,4741
OCD_ntt34e,OCD,565
OCD_ov4ksc,OCD,1795
OCD_ojb13l,OCD,342
OCD_ortkr4,OCD,305
OCD_mztgdj,OCD,486
OCD_m4gapu,OCD,821
OCD_prakhu,OCD,368
OCD_qz4rwq,OCD,771
OCD_mvxwng,OCD,815
OCD_mksl19,OCD,364
OCD_n5y8tt,OCD,320
OCD_p438e9,OCD,662
OCD_ngo1rz,OCD,393
OCD_qzyc7y,OCD,323
OCD_psdgjv,OCD,531
OCD_oac4co,OCD,843
OCD_nfru4e,OCD,380
OCD_p0k6o5,OCD,334
OCD_oe0guc,OCD,440
OCD_rf1dc0,OCD,489
OCD_pewx5n,OCD,454
OCD_o6mx0i,OCD,408
OCD_omfnxo,OCD,344
OCD_rh4pj5,OCD,530
OCD_nlq483,OCD,992
OCD_qcz4fs,OCD,705
OCD_pqyn5j,OCD,542
OCD_rehng5,OCD,452
OCD_n7qyqx,OCD,663
OCD_paiu0m,OCD,431
OCD_py53g3,OCD,323
OCD_nyp4gf,OCD,370
OCD_r2hjtd,OCD,397
OCD_qxj2yi,OCD,540
OCD_o2guwe,OCD,332
OCD_pc5eb3,OCD,357
OCD_qupij3,OCD,443
OCD_qplz6h,OCD,442
OCD_on5v0m,OCD,385
OCD_n2j40b,OCD,521
OCD_nl83u3,OCD,323
OCD_m6q35z,OCD,345
OCD_p1jul8,OCD,404
OCD_r4qvek,OCD,464
OCD_qq0zcm,OCD,713
OCD_p4p3qp,OCD,422
OCD_qbaxme,OCD,897
OCD_p0weeg,OCD,450
OCD_olx6o0,OCD,395
OCD_patehx,OCD,500
OCD_oalyiw,OCD,393
OCD_nk9jjn,OCD,438
OCD_ntk20i,OCD,314
OCD_pnoen2,OCD,719
OCD_rexait,OCD,529
OCD_pqjq9w,OCD,388
OCD_p05tmm,OCD,587
OCD_r4gdle,OCD,478
OCD_oqxnbj,OCD,1032
OCD_nb8l1x,OCD,534
OCD_ptblwp,OCD,321
OCD_oy3gnv,OCD,402
OCD_p86ws2,OCD,343
OCD_mmxrkq,OCD,436
OCD_rcqbdq,OCD,610
OCD_r2nk4v,OCD,1115
OCD_o4a4hr,OCD,509
OCD_oz0dyy,OCD,837
OCD_oq07v6,OCD,858
OCD_nhr8r2,OCD,411
OCD_oym0us,OCD,432
OCD_qj8mn7,OCD,660
OCD_np9kg6,OCD,426
OCD_muiwzc,OCD,457
OCD_mr9q0p,OCD,503
OCD_ovmgde,OCD,378
OCD_o8aal0,OCD,421
OCD_q28zwl,OCD,328
OCD_mzajgf,OCD,322
OCD_r51yby,OCD,467
OCD_qfqhrq,OCD,334
OCD_ppnol5,OCD,511
OCD_r4a7s6,OCD,348
OCD_njty00,OCD,613
OCD_r3426t,OCD,860
OCD_oz9h2v,OCD,390
OCD_m1n7wh,OCD,362
OCD_p0vzif,OCD,422
OCD_rihu31,OCD,313
OCD_njhvd9,OCD,705
OCD_py67eh,OCD,406
OCD_n03bo9,OCD,329
OCD_no5zv6,OCD,545
OCD_mmz2q2,OCD,386
OCD_mvugaj,OCD,468
OCD_r7qtl9,OCD,355
OCD_qp09qs,OCD,304
OCD_p1epqd,OCD,652
OCD_oz93zi,OCD,559
OCD_ou6emg,OCD,398
OCD_m1zw3h,OCD,625
OCD_priv86,OCD,929
OCD_q2ndlg,OCD,379
OCD_o2em05,OCD,480
OCD_qybc3t,OCD,437
OCD_p3zf6a,OCD,823
OCD_mlhzra,OCD,602
OCD_lmim82,OCD,432
OCD_m1rtwk,OCD,313
OCD_ntvk8i,OCD,639
OCD_q80jup,OCD,320
OCD_rg6dfr,OCD,727
OCD_ocfy3i,OCD,815
OCD_q0aie4,OCD,348
OCD_pxcqdx,OCD,330
OCD_p0jcs4,OCD,1020
OCD_qmxxz2,OCD,414
OCD_patotk,OCD,670
OCD_qf72hs,OCD,494
OCD_pa71qf,OCD,392
OCD_rab03j,OCD,422
OCD_ozw18n,OCD,359
OCD_oqsq0j,OCD,341
OCD_pvy3t7,OCD,885
OCD_n2a3z0,OCD,344
OCD_ndwewq,OCD,412
OCD_owxsod,OCD,444
OCD_n63kmr,OCD,319
OCD_p9xpa2,OCD,1192
OCD_nu2vnf,OCD,379
OCD_qh89j8,OCD,716
OCD_ozpokm,OCD,320
OCD_rd6kof,OCD,350
OCD_n1wx38,OCD,609
OCD_noys3n,OCD,802
OCD_q94wz3,OCD,442
OCD_ozzqlt,OCD,310
OCD_okobpg,OCD,487
OCD_mh7hpe,OCD,444
OCD_rl7b9n,OCD,629
OCD_ogw4ly,OCD,682
OCD_rcdn2t,OCD,512
OCD_q0xedy,OCD,1039
OCD_pxrl9r,OCD,951
OCD_ov1wcm,OCD,422
OCD_pcukum,OCD,394
OCD_ngyau1,OCD,317
OCD_qtlgb2,OCD,434
OCD_lqsisb,OCD,369
OCD_q7q76z,OCD,878
OCD_pwpdwy,OCD,334
OCD_lnrxv4,OCD,388
OCD_mse3rs,OCD,468
OCD_r24bv5,OCD,362
OCD_ql8x71,OCD,470
OCD_nzcvqw,OCD,314
OCD_meyw3q,OCD,479
OCD_r2i5ow,OCD,510
OCD_r4295l,OCD,394
OCD_qb5n1i,OCD,403
OCD_r2at70,OCD,1453
OCD_nc2hcd,OCD,875
OCD_q81znn,OCD,358
OCD_ouyawc,OCD,418
OCD_n2ygrb,OCD,484
OCD_m5ki81,OCD,356
OCD_p3fgwi,OCD,821
OCD_pxg4oc,OCD,559
OCD_rh2ku9,OCD,330
OCD_n7bx4a,OCD,323
OCD_p26nkq,OCD,360
OCD_mzfhik,OCD,416
OCD_ptaydg,OCD,453
OCD_rll6et,OCD,400
OCD_pzwuq5,OCD,385
OCD_q4f7yz,OCD,417
OCD_mu719f,OCD,610
OCD_qodhc2,OCD,332
OCD_n4q4dd,OCD,329
OCD_qw005k,OCD,543
OCD_npl17r,OCD,383
OCD_p5vbt5,OCD,343
OCD_mse5k7,OCD,342
OCD_o3jo12,OCD,324
OCD_p56put,OCD,329
OCD_m38j4f,OCD,516
OCD_osxswm,OCD,605
OCD_qxmsc7,OCD,334
OCD_omrhal,OCD,477
OCD_nlydna,OCD,331
OCD_p56gn7,OCD,672
OCD_p0c0n4,OCD,1320
OCD_oh2h6b,OCD,395
OCD_o3g6k8,OCD,1419
OCD_nzdor3,OCD,1137
OCD_qkpemf,OCD,744
OCD_r8f5ba,OCD,326
OCD_pl96tj,OCD,433
OCD_mt4zm3,OCD,869
OCD_rltgix,OCD,341
OCD_os9ku9,OCD,660
OCD_r1w01l,OCD,942
OCD_p687ml,OCD,702
OCD_qunsgm,OCD,397
OCD_ncfjvc,OCD,669
OCD_rfuww5,OCD,374
OCD_lwa3jq,OCD,449
OCD_rdwbi7,OCD,2026
OCD_retbq2,OCD,452
OCD_n7v429,OCD,411
OCD_lxxeq3,OCD,2113
OCD_pf6yy7,OCD,508
OCD_o14uk0,OCD,583
OCD_mt0d94,OCD,356
OCD_oyfrm0,OCD,484
OCD_reyqp2,OCD,435
OCD_owkxpi,OCD,477
OCD_p3jrf2,OCD,621
OCD_m1pm4c,OCD,393
OCD_m55lk6,OCD,501
OCD_lppvzs,OCD,336
OCD_okrssp,OCD,793
OCD_o7bnj2,OCD,775
OCD_qck3fs,OCD,369
OCD_npkmv2,OCD,476
OCD_oiu7ey,OCD,379
OCD_mf3fgb,OCD,4958
OCD_qinnji,OCD,331
OCD_o89d9q,OCD,371
OCD_pyb3pz,OCD,479
OCD_oackju,OCD,394
OCD_m12fqt,OCD,543
OCD_ltzctt,OCD,364
OCD_r930kq,OCD,439
OCD_q64ilh,OCD,476
OCD_n2uyif,OCD,687
OCD_q5247r,OCD,445
OCD_mzzs4f,OCD,1542
OCD_otzter,OCD,811
OCD_opgdl4,OCD,418
OCD_mf6dpt,OCD,311
OCD_m5t713,OCD,603
OCD_opztef,OCD,414
OCD_miyqyw,OCD,773
OCD_p5mgmd,OCD,323
OCD_r4ygcp,OCD,466
OCD_ri7oyh,OCD,438
OCD_mf0uyt,OCD,649
OCD_plkven,OCD,394
OCD_qwrx14,OCD,1001
OCD_qj180n,OCD,424
OCD_nq9hut,OCD,463
OCD_nxvteq,OCD,450
OCD_nxmvxn,OCD,382
OCD_qp47yr,OCD,895
OCD_nwzrow,OCD,306
OCD_nj66uq,OCD,406
OCD_lmqyzm,OCD,485
OCD_mg9hy4,OCD,725
OCD_osvj10,OCD,410
OCD_pax41y,OCD,322
OCD_ok4516,OCD,493
OCD_njy7vx,OCD,313
OCD_r9gls3,OCD,605
OCD_q91vdm,OCD,573
OCD_ntkx3e,OCD,429
OCD_qnfaw3,OCD,492
OCD_or1yp3,OCD,578
OCD_pxvegi,OCD,323
OCD_qxwog5,OCD,909
OCD_oc8lcb,OCD,460
OCD_mke227,OCD,363
OCD_lqzms6,OCD,353
OCD_qxa7d1,OCD,648
OCD_r9otn5,OCD,374
OCD_poaxyt,OCD,338
OCD_qissb2,OCD,662
OCD_qnwsv6,OCD,327
OCD_nxk7wy,OCD,876
OCD_nhq48c,OCD,325
OCD_qumh8j,OCD,443
OCD_plt01i,OCD,394
OCD_r9cd02,OCD,645
OCD_qpwwuy,OCD,353
OCD_mvknps,OCD,320
OCD_lt7mq1,OCD,1003
OCD_q5h7vo,OCD,379
OCD_mzfvs0,OCD,359
OCD_pf995a,OCD,1892
OCD_pf9i2u,OCD,409
OCD_lslqnf,OCD,485
OCD_nn6bnw,OCD,612
OCD_ni7en3,OCD,387
OCD_p29h2e,OCD,415
OCD_rhabur,OCD,430
OCD_n85czl,OCD,344
OCD_lmupya,OCD,369
OCD_rl96dz,OCD,1328
OCD_opy3y5,OCD,1793
OCD_onjj49,OCD,385
OCD_p2qeva,OCD,348
OCD_nzfbll,OCD,403
OCD_mk8xeh,OCD,596
OCD_nzfvnf,OCD,471
OCD_pt24rh,OCD,737
OCD_m5llsg,OCD,735
OCD_pyqu57,OCD,758
OCD_pl7bra,OCD,547
OCD_rck32y,OCD,486
OCD_nfnst5,OCD,412
OCD_pydj5x,OCD,528
OCD_lktnw5,OCD,1330
OCD_ol5emk,OCD,320
OCD_n00q5x,OCD,392
OCD_m1yibz,OCD,832
OCD_mxav09,OCD,498
OCD_o5g920,OCD,624
OCD_osowy5,OCD,415
OCD_p0o2fr,OCD,332
OCD_mmy3l6,OCD,327
OCD_qsjpap,OCD,352
OCD_nqe13h,OCD,328
OCD_rhlt9l,OCD,365
OCD_lt43kv,OCD,426
OCD_pnrwi6,OCD,499
OCD_pxlddj,OCD,1314
OCD_ona3ol,OCD,472
OCD_njrksn,OCD,330
OCD_mk3gte,OCD,769
OCD_qxqcjw,OCD,369
OCD_pus82k,OCD,322
OCD_odatly,OCD,629
OCD_nfty0z,OCD,349
OCD_qa6b6g,OCD,511
OCD_nz7bnq,OCD,327
OCD_qbi47l,OCD,562
OCD_m2lv8t,OCD,382
OCD_p8hue4,OCD,953
OCD_r2jzq7,OCD,317
OCD_r981f5,OCD,475
OCD_nn8505,OCD,406
OCD_njhkgj,OCD,324
OCD_lnby1x,OCD,364
OCD_oolsy5,OCD,315
OCD_pyf614,OCD,368
OCD_oiokgw,OCD,480
OCD_pwz8hp,OCD,352
OCD_og1ufi,OCD,405
OCD_n09t3l,OCD,481
OCD_ra316p,OCD,405
OCD_oar7be,OCD,339
OCD_nwc88k,OCD,466
OCD_paew9r,OCD,617
OCD_qqcds6,OCD,1191
OCD_px350e,OCD,404
OCD_mt3258,OCD,407
OCD_r4ow86,OCD,623
OCD_psbsv0,OCD,347
OCD_oqz707,OCD,1453
OCD_pbv3l8,OCD,381
OCD_oj4il5,OCD,506
OCD_qje5d1,OCD,332
OCD_p1g8o3,OCD,685
OCD_ps4s7u,OCD,544
OCD_own0aj,OCD,360
OCD_mytyxn,OCD,512
OCD_qizksd,OCD,1299
OCD_lqdnoi,OCD,447
OCD_omqg7x,OCD,472
OCD_ll07pq,OCD,572
OCD_p56s12,OCD,325
OCD_prdyio,OCD,350
OCD_qceaqj,OCD,353
OCD_mu49wh,OCD,857
OCD_q1fg6i,OCD,379
OCD_qth0gx,OCD,366
OCD_melwzi,OCD,753
OCD_ofmbp0,OCD,683
OCD_nrcsgn,OCD,450
OCD_ngmpz6,OCD,453
OCD_m0o6wr,OCD,320
OCD_n6yjbo,OCD,333
OCD_od7x6i,OCD,677
OCD_mljky6,OCD,823
OCD_pblvp6,OCD,509
OCD_r3nobm,OCD,386
OCD_qits84,OCD,1194
OCD_p9ewzx,OCD,337
OCD_nqjri0,OCD,2380
OCD_ntdrt0,OCD,421
OCD_nmuyef,OCD,341
OCD_mxycjp,OCD,557
OCD_nh0k6c,OCD,604
OCD_p23upn,OCD,462
OCD_qur01d,OCD,437
OCD_qmbegl,OCD,660
OCD_pnysea,OCD,835
OCD_npxfp5,OCD,516
OCD_lpxzau,OCD,413
OCD_ov5lz0,OCD,311
OCD_ree6jn,OCD,431
OCD_o4pkqy,OCD,625
OCD_m49k3d,OCD,1462
OCD_quz2ik,OCD,328
OCD_lxec2p,OCD,317
OCD_nwc5jy,OCD,341
OCD_omm550,OCD,355
OCD_p4akh9,OCD,354
OCD_qka5br,OCD,414
OCD_nw1bjf,OCD,1457
OCD_on24s9,OCD,640
OCD_ml76qp,OCD,348
OCD_qjg02i,OCD,335
OCD_qzl3x0,OCD,505
OCD_rgv1jt,OCD,790
OCD_n1wsd7,OCD,1275
OCD_mxdl28,OCD,425
OCD_pgd88v,OCD,670
OCD_mfx4rw,OCD,674
OCD_p99l31,OCD,437
OCD_odt7h3,OCD,537
OCD_osxiy4,OCD,579
OCD_m57wne,OCD,764
OCD_o5ouws,OCD,1489
OCD_qazocz,OCD,512
OCD_myjrgt,OCD,331
OCD_qzu534,OCD,405
OCD_niwlzv,OCD,863
OCD_nahbvq,OCD,430
OCD_n2nneu,OCD,329
OCD_msxyhz,OCD,720
OCD_pik6ge,OCD,565
OCD_o7blkz,OCD,334
OCD_oppvna,OCD,455
OCD_m1vk5w,OCD,334
OCD_ly77e0,OCD,429
OCD_p5s2en,OCD,348
OCD_mzjewm,OCD,978
OCD_qt61uw,OCD,336
OCD_px90ll,OCD,340
OCD_peoi5l,OCD,489
OCD_p9vdsl,OCD,364
OCD_lpxqoq,OCD,372
OCD_rk8ioh,OCD,392
OCD_pszm0x,OCD,436
OCD_lp55ib,OCD,343
OCD_psjb9i,OCD,613
OCD_nkl0ou,OCD,387
OCD_ny7kpb,OCD,439
OCD_p21anc,OCD,420
OCD_p9asm3,OCD,559
OCD_ohqfdu,OCD,774
OCD_rk7xvu,OCD,762
OCD_ozivp1,OCD,623
OCD_o7vam3,OCD,619
OCD_rbd5yt,OCD,331
OCD_p4wjd3,OCD,320
OCD_q8za1m,OCD,428
OCD_mno46v,OCD,408
OCD_mjtsr1,OCD,475
OCD_ovcwqu,OCD,892
OCD_o188p5,OCD,392
OCD_qfd5rn,OCD,676
OCD_mmyaez,OCD,313
OCD_nlkzhx,OCD,375
OCD_p8vw6e,OCD,532
OCD_p3xte9,OCD,304
OCD_qj3yhr,OCD,356
OCD_r0ycdg,OCD,337
OCD_nonsxc,OCD,322
OCD_py4x98,OCD,542
OCD_o3yim2,OCD,645
OCD_q61kqq,OCD,340
OCD_rcdebo,OCD,314
OCD_o9y5xi,OCD,441
OCD_ohb5lq,OCD,387
OCD_nbt2c6,OCD,367
OCD_riqjmm,OCD,411
OCD_q1z7i6,OCD,305
OCD_naq04h,OCD,404
OCD_lwjhzx,OCD,580
OCD_ojyou9,OCD,336
OCD_otn5mr,OCD,374
OCD_poxtjq,OCD,445
OCD_mzcyhb,OCD,404
OCD_owmvk7,OCD,402
OCD_myekhk,OCD,655
OCD_ojdwne,OCD,304
OCD_pmhppu,OCD,349
OCD_rjdjgr,OCD,491
OCD_n1zo6y,OCD,634
OCD_r5r5ip,OCD,321
OCD_qoyu40,OCD,379
OCD_q7w8xx,OCD,355
OCD_nxn7o6,OCD,404
OCD_r8ujos,OCD,306
OCD_q3fvos,OCD,464
OCD_opo1gc,OCD,347
OCD_lkv9ou,OCD,340
OCD_nfrttk,OCD,622
OCD_p3p2z2,OCD,1189
OCD_myz2lt,OCD,707
OCD_pae3ol,OCD,330
OCD_n0xpx5,OCD,568
OCD_odauxb,OCD,417
OCD_oti812,OCD,318
OCD_ot35qi,OCD,734
OCD_lwq7tc,OCD,810
OCD_q6niva,OCD,991
OCD_m4xxxr,OCD,318
OCD_o9yrwp,OCD,440
OCD_ml1gfi,OCD,492
OCD_plmckn,OCD,431
OCD_n40ybb,OCD,321
OCD_lmbz6p,OCD,659
OCD_p6f2kn,OCD,317
OCD_n3jv0r,OCD,347
OCD_ono6k0,OCD,428
OCD_nb66i4,OCD,644
OCD_ohpzxt,OCD,327
OCD_p2ufwq,OCD,484
OCD_ofe3yb,OCD,348
OCD_mqkdaj,OCD,435
OCD_od8nrq,OCD,314
OCD_pgm36v,OCD,354
OCD_ptr0kb,OCD,317
OCD_ltuld5,OCD,427
OCD_mzq0bw,OCD,335
OCD_qwngsz,OCD,1387
OCD_qizyep,OCD,939
OCD_puoiz6,OCD,382
OCD_qaqz0u,OCD,465
OCD_qukphm,OCD,554
OCD_oonxyx,OCD,364
OCD_r3u3dy,OCD,367
OCD_rdquwh,OCD,778
OCD_r1iy13,OCD,505
OCD_mtcm6k,OCD,339
OCD_nrga3u,OCD,383
OCD_pgln94,OCD,435
OCD_p0p817,OCD,560
OCD_rm3u8a,OCD,840
OCD_qj7wju,OCD,331
OCD_ndlcr8,OCD,413
OCD_r05q3v,OCD,349
OCD_o86jnl,OCD,451
OCD_oloowf,OCD,306
OCD_pwdg3y,OCD,418
OCD_r552qe,OCD,444
OCD_qy99pe,OCD,642
OCD_nr2f8y,OCD,354
OCD_p09va3,OCD,338
OCD_r50t90,OCD,391
OCD_qb1ob4,OCD,516
OCD_lnedzl,OCD,532
OCD_r6tx3w,OCD,934
OCD_m3u6ak,OCD,663
OCD_qqw12g,OCD,494
OCD_mhbpqb,OCD,389
OCD_och0ka,OCD,409
OCD_o41u21,OCD,458
OCD_nhouxb,OCD,359
OCD_mx4kde,OCD,459
OCD_m603hv,OCD,405
OCD_lpbfsx,OCD,334
OCD_pgloja,OCD,434
OCD_lnyfmx,OCD,1124
OCD_r66bps,OCD,415
OCD_qvlzvh,OCD,304
OCD_qlasri,OCD,385
OCD_peyuah,OCD,335
OCD_q8wir1,OCD,345
OCD_r274bw,OCD,383
OCD_oekj9g,OCD,1883
OCD_py4kwb,OCD,512
OCD_piwfqm,OCD,443
OCD_p0smlx,OCD,432
OCD_lthied,OCD,348
OCD_rlh2jk,OCD,403
OCD_nyzuee,OCD,776
OCD_q9rk1m,OCD,339
OCD_p1xelu,OCD,2515
OCD_lkzgrk,OCD,431
OCD_psod2i,OCD,509
OCD_mfsdy0,OCD,358
OCD_owrtmh,OCD,339
OCD_mxpqf2,OCD,805
OCD_ow5rk5,OCD,611
OCD_n43mu0,OCD,349
OCD_qz0o20,OCD,380
OCD_pslc3p,OCD,363
OCD_raeea0,OCD,424
OCD_pseqtp,OCD,430
OCD_nxiav0,OCD,759
OCD_pey12t,OCD,429
OCD_o8tetv,OCD,688
OCD_mzfwqt,OCD,615
OCD_pk0f3m,OCD,923
OCD_ra7bls,OCD,790
OCD_qgfz3n,OCD,324
OCD_mlreb5,OCD,557
OCD_pfvyli,OCD,309
OCD_pfh055,OCD,316
OCD_n70all,OCD,504
OCD_nkrdgp,OCD,355
OCD_qgm4ap,OCD,640
OCD_oy2anz,OCD,671
OCD_p07fpp,OCD,844
OCD_qwfzsd,OCD,313
OCD_ps2uob,OCD,559
OCD_pvukio,OCD,814
OCD_qyf4lf,OCD,735
OCD_o0lj70,OCD,686
OCD_nnrotx,OCD,321
OCD_qiax47,OCD,733
OCD_o0t9ym,OCD,409
OCD_q9g3ws,OCD,553
OCD_q3el0y,OCD,508
OCD_ofopfw,OCD,601
OCD_qbgy0b,OCD,537
OCD_njqn99,OCD,368
OCD_re7gf0,OCD,392
OCD_n1oh4v,OCD,623
OCD_qftavt,OCD,561
OCD_r0lmd2,OCD,360
OCD_qwz3lb,OCD,353
OCD_nd5a9t,OCD,410
OCD_pkts6m,OCD,355
OCD_o1mb24,OCD,316
OCD_mjv4up,OCD,417
OCD_qaf8l1,OCD,326
OCD_pp49k5,OCD,392
OCD_nic9js,OCD,549
OCD_o3t72y,OCD,416
OCD_mt6w5m,OCD,331
OCD_ovii9s,OCD,664
OCD_mf057b,OCD,775
OCD_oto69j,OCD,757
OCD_m16gvx,OCD,488
OCD_my33dt,OCD,544
OCD_pkqsb3,OCD,323
OCD_qrt2zu,OCD,747
OCD_ovj4yl,OCD,971
OCD_pd3fzf,OCD,318
OCD_nyu0iz,OCD,520
OCD_lo5444,OCD,458
OCD_mepm00,OCD,471
OCD_oy8cjd,OCD,314
OCD_o8sjf9,OCD,3470
OCD_pl0z2d,OCD,320
OCD_qdhf73,OCD,507
OCD_mky7w6,OCD,899
OCD_r05u2i,OCD,1003
OCD_r8yfj2,OCD,437
OCD_osrkxz,OCD,812
OCD_p5ph0c,OCD,1043
OCD_mybsff,OCD,377
OCD_m4nlmb,OCD,356
OCD_ottj6a,OCD,350
OCD_o4qr71,OCD,786
OCD_of6jhb,OCD,316
OCD_mxzk63,OCD,310
OCD_q3tws7,OCD,1055
OCD_pmt87v,OCD,1319
OCD_nx66l5,OCD,797
OCD_r4uij0,OCD,535
OCD_nhfob5,OCD,915
OCD_q0k60k,OCD,313
OCD_rfzbff,OCD,415
OCD_oynhhf,OCD,576
OCD_noda3h,OCD,458
OCD_rbacnu,OCD,425
OCD_rfr94r,OCD,704
OCD_o38b5a,OCD,1734
OCD_oxrpmu,OCD,350
OCD_lm7of5,OCD,1333
OCD_o3kq69,OCD,438
OCD_mmfuz0,OCD,385
OCD_nyolj0,OCD,586
OCD_mxx882,OCD,565
OCD_nw1sza,OCD,795
OCD_ny36ls,OCD,399
OCD_msihbx,OCD,353
OCD_naxuqr,OCD,459
OCD_muag4u,OCD,1999
OCD_o9y4yg,OCD,332
OCD_r3mkc8,OCD,357
OCD_qada7l,OCD,389
OCD_ri67lx,OCD,319
OCD_oxmv9b,OCD,417
OCD_nfwjcv,OCD,432
OCD_mvsmg8,OCD,544
OCD_lwynz2,OCD,596
OCD_qqk44m,OCD,349
OCD_njksnw,OCD,704
OCD_oxb65l,OCD,906
OCD_mw8t7h,OCD,366
OCD_oy0eqj,OCD,413
OCD_loqk53,OCD,356
OCD_ok6prr,OCD,459
OCD_oz851m,OCD,1104
OCD_pgblsg,OCD,652
OCD_mie1nk,OCD,451
OCD_m59zot,OCD,391
OCD_mwtigj,OCD,450
OCD_ntv0li,OCD,370
OCD_njpvvc,OCD,309
OCD_nft5ec,OCD,324
OCD_qw8jil,OCD,376
OCD_q7ky2o,OCD,692
OCD_nyf5cd,OCD,393
OCD_nmd4i8,OCD,372
OCD_nlfzfg,OCD,390
OCD_rgcerb,OCD,354
OCD_p62s1l,OCD,1494
OCD_msxvlg,OCD,3846
OCD_q8ejfe,OCD,353
OCD_q4ljhl,OCD,630
OCD_m7222s,OCD,536
OCD_nuq4wi,OCD,712
OCD_mz5xz1,OCD,521
OCD_ox4200,OCD,340
OCD_nvfmwc,OCD,314
OCD_mirilr,OCD,337
OCD_n1a8rw,OCD,312
OCD_rdn47n,OCD,363
OCD_o8mqu7,OCD,315
OCD_nuzf4n,OCD,542
OCD_o0yhyr,OCD,395
OCD_p733gh,OCD,796
OCD_qb8jhx,OCD,861
OCD_q3q9y5,OCD,366
OCD_omnabv,OCD,322
OCD_p3qjpj,OCD,914
OCD_oeymf8,OCD,386
OCD_neyo9p,OCD,468
OCD_nutk99,OCD,364
OCD_oth4oc,OCD,482
OCD_n9b43r,OCD,313
OCD_n1b92q,OCD,479
OCD_qaxbjd,OCD,564
OCD_oyq9d4,OCD,333
OCD_mmips9,OCD,888
OCD_pwt8if,OCD,313
OCD_p1tip1,OCD,396
OCD_onrdwh,OCD,410
OCD_pxne4h,OCD,976
OCD_qt60gc,OCD,486
OCD_nteyo6,OCD,738
OCD_nsd19m,OCD,380
OCD_ndd296,OCD,421
OCD_o62jhx,OCD,311
OCD_rbh5k2,OCD,321
OCD_q9apvr,OCD,777
OCD_mgtff9,OCD,707
OCD_p7cutw,OCD,785
OCD_ndto8q,OCD,642
OCD_rl1v1g,OCD,6288
OCD_nzybzo,OCD,353
OCD_oby1lw,OCD,344
OCD_oq83j1,OCD,329
OCD_os764g,OCD,329
OCD_qix0ib,OCD,688
OCD_p30j1j,OCD,372
OCD_prw7pm,OCD,422
OCD_pfu2o5,OCD,681
OCD_oo4zz0,OCD,346
OCD_pp3l0w,OCD,327
OCD_rkdsdy,OCD,372
OCD_o6tdc0,OCD,317
OCD_n87bgh,OCD,366
OCD_p3yimq,OCD,337
OCD_rk0mst,OCD,524
OCD_oda63t,OCD,376
OCD_o7gzno,OCD,461
OCD_nlqfgu,OCD,507
OCD_msqwwe,OCD,340
OCD_nnyvj6,OCD,316
OCD_m1zo6m,OCD,409
OCD_o7ftwc,OCD,391
OCD_qh4v6x,OCD,645
OCD_pivfg5,OCD,467
OCD_rkpmn4,OCD,399
OCD_qtroqh,OCD,734
OCD_qd2on7,OCD,1005
OCD_nnzx0j,OCD,329
OCD_qpt78m,OCD,336
OCD_paz6q6,OCD,485
OCD_p85s54,OCD,814
OCD_mx2trm,OCD,377
OCD_n8dg1h,OCD,354
OCD_p3xiwk,OCD,459
OCD_p7iv4p,OCD,900
OCD_r7eem2,OCD,563
OCD_qkqbzc,OCD,370
OCD_qnqzbk,OCD,1286
OCD_njmn95,OCD,453
OCD_pcphwj,OCD,582
OCD_pignma,OCD,349
OCD_ob9awo,OCD,716
OCD_q9roat,OCD,352
OCD_q91gf7,OCD,361
OCD_mmthnn,OCD,339
OCD_ol2zjp,OCD,309
OCD_rivfe2,OCD,636
OCD_qfklbn,OCD,794
OCD_pfjoe6,OCD,569
OCD_lmlvgv,OCD,328
OCD_qidyfi,OCD,733
OCD_p7qzif,OCD,534
OCD_p3q8yy,OCD,370
OCD_mrwohq,OCD,580
OCD_mqwuxz,OCD,433
OCD_o49lav,OCD,391
OCD_mlwtzx,OCD,511
OCD_pviv57,OCD,354
OCD_m5m0fv,OCD,378
OCD_pbeg81,OCD,699
OCD_pxoy6w,OCD,493
OCD_mwlet8,OCD,463
OCD_p9le0v,OCD,304
OCD_mzaujt,OCD,612
OCD_lx68t8,OCD,620
OCD_nq39kb,OCD,363
OCD_mx3z3i,OCD,657
OCD_n0yhcs,OCD,539
OCD_pi71rk,OCD,606
OCD_n7bb2i,OCD,396
OCD_qao9vp,OCD,484
OCD_mnb2x8,OCD,307
OCD_pqkak5,OCD,509
OCD_q8bcd5,OCD,422
OCD_owgmfm,OCD,479
OCD_o8pa6f,OCD,359
OCD_n9gfci,OCD,1219
OCD_nsre4w,OCD,549
OCD_o1ez54,OCD,330
OCD_qoikad,OCD,561
OCD_rhfalu,OCD,316
OCD_mmayfl,OCD,596
OCD_p7emwc,OCD,618
OCD_mzdsb3,OCD,511
OCD_px81zj,OCD,497
OCD_p2svyu,OCD,337
OCD_oqm37r,OCD,321
OCD_meya3d,OCD,608
OCD_pkws4m,OCD,318
OCD_rd6px3,OCD,565
OCD_mhksgd,OCD,563
OCD_q6a0xz,OCD,635
OCD_r0ur5w,OCD,357
OCD_rlv8y4,OCD,887
OCD_o5cc19,OCD,424
OCD_pv4mqj,OCD,584
OCD_q3jg9p,OCD,393
OCD_q91slo,OCD,504
OCD_pxcyj4,OCD,339
OCD_qrps9t,OCD,311
OCD_ragw9v,OCD,456
OCD_rc15v7,OCD,436
OCD_oxolvg,OCD,333
OCD_qt8fq1,OCD,529
OCD_nglnqe,OCD,329
OCD_qpyjpm,OCD,353
OCD_q41wvp,OCD,450
OCD_pi1xsc,OCD,422
OCD_p7c04f,OCD,401
OCD_lsuq23,OCD,1013
OCD_pkr255,OCD,472
OCD_m0rr2p,OCD,419
OCD_ofxyll,OCD,412
OCD_p1as9g,OCD,353
OCD_p92est,OCD,406
OCD_prfzi1,OCD,494
OCD_ortner,OCD,692
OCD_orhngk,OCD,369
OCD_pmehzy,OCD,701
OCD_qj6qct,OCD,346
OCD_nrp3r4,OCD,722
OCD_nai0il,OCD,804
OCD_nghvjy,OCD,2665
OCD_ndfflm,OCD,608
OCD_r198tq,OCD,320
OCD_oihcis,OCD,437
OCD_qtq4ue,OCD,498
OCD_mmj585,OCD,333
OCD_o4slq1,OCD,770
OCD_oe248v,OCD,330
OCD_m56tpx,OCD,324
OCD_r242bl,OCD,519
OCD_q32ypf,OCD,550
OCD_pefgqf,OCD,659
OCD_ncmc7s,OCD,1169
OCD_o1iluv,OCD,339
OCD_nbws5e,OCD,339
OCD_ozoj2n,OCD,579
OCD_q6764k,OCD,389
OCD_q54eo6,OCD,610
OCD_rj3c9k,OCD,525
OCD_oad0u5,OCD,316
OCD_mtpuag,OCD,393
OCD_no68uy,OCD,405
OCD_oo2u41,OCD,371
OCD_m4lzhb,OCD,549
OCD_psbylf,OCD,459
OCD_no9o52,OCD,1245
OCD_p3kaqx,OCD,453
OCD_q6v2hz,OCD,411
OCD_lt0mh3,OCD,539
OCD_r4b8t2,OCD,373
OCD_mnlttt,OCD,344
OCD_qumji7,OCD,362
OCD_q9o4xd,OCD,374
OCD_pumhn8,OCD,350
OCD_psayji,OCD,312
OCD_m593t0,OCD,929
OCD_nx4u8h,OCD,527
OCD_r19b46,OCD,508
OCD_p3x9pl,OCD,512
OCD_omveng,OCD,381
OCD_pllva2,OCD,479
OCD_r03xa7,OCD,350
OCD_rdnmjf,OCD,374
OCD_naybqc,OCD,457
OCD_pkwu92,OCD,775
OCD_q1z9aw,OCD,394
OCD_pti3su,OCD,710
OCD_mwttzr,OCD,399
OCD_qdachp,OCD,408
OCD_prqm2y,OCD,877
OCD_navxme,OCD,509
OCD_m1izwe,OCD,428
OCD_mmqucy,OCD,416
OCD_od7tm6,OCD,481
OCD_m34891,OCD,458
OCD_pebhsj,OCD,389
OCD_o6ef4e,OCD,698
OCD_rl5372,OCD,340
OCD_m4755z,OCD,413
OCD_nx91ip,OCD,327
OCD_ntkxyc,OCD,309
OCD_ndltt3,OCD,608
OCD_pzsgzg,OCD,808
OCD_meorja,OCD,504
OCD_pvjrbr,OCD,361
OCD_myjqdw,OCD,332
OCD_lnmvos,OCD,728
OCD_qxc5yj,OCD,466
OCD_myj88j,OCD,347
OCD_mvr9he,OCD,2339
OCD_nfk6m0,OCD,312
OCD_pvmbrn,OCD,429
OCD_lxpx1m,OCD,492
OCD_ls4d5v,OCD,429
OCD_p64djo,OCD,464
OCD_o8yoxj,OCD,386
OCD_pvsex2,OCD,482
OCD_qjtl4c,OCD,399
OCD_oe6i6m,OCD,407
OCD_n3g2r8,OCD,333
OCD_oqpibj,OCD,361
OCD_nqxafz,OCD,354
OCD_oi5yup,OCD,468
OCD_p1jlyk,OCD,476
OCD_nc102y,OCD,539
OCD_pr33yc,OCD,454
OCD_o9r9kh,OCD,412
OCD_nhca6q,OCD,454
OCD_rejez2,OCD,1362
OCD_nst0v3,OCD,672
OCD_p5d9cr,OCD,482
OCD_qzdia1,OCD,683
OCD_q3eg5l,OCD,412
OCD_or2mon,OCD,1478
OCD_psif2l,OCD,420
OCD_qz1ksn,OCD,366
OCD_qzwhld,OCD,1123
OCD_ntinx9,OCD,738
OCD_mwogcp,OCD,347
OCD_qaf40s,OCD,324
OCD_nuis3k,OCD,2786
OCD_rlq5u6,OCD,323
OCD_n4hj7h,OCD,482
OCD_nxhw7j,OCD,366
OCD_ofmv7o,OCD,1168
OCD_q5gwb3,OCD,399
OCD_meoxks,OCD,351
OCD_rgdg80,OCD,346
OCD_reg11m,OCD,324
OCD_nhqwc2,OCD,447
OCD_lti7tl,OCD,379
OCD_obpvtm,OCD,484
OCD_n6g2bd,OCD,340
OCD_o92sxm,OCD,440
OCD_non69a,OCD,345
OCD_odmn62,OCD,449
OCD_oq0789,OCD,463
OCD_qo5068,OCD,337
OCD_oe2xi4,OCD,318
OCD_p9r2fv,OCD,355
OCD_pumsvt,OCD,338
OCD_pk0jt9,OCD,458
OCD_qv4oiq,OCD,348
OCD_pwr9o9,OCD,342
OCD_nkyko2,OCD,438
OCD_qqvavf,OCD,468
OCD_o3c8n3,OCD,454
OCD_nmtsh5,OCD,447
OCD_oofhal,OCD,492
OCD_njtjut,OCD,1130
OCD_p01onr,OCD,330
OCD_pebw76,OCD,347
OCD_opo4js,OCD,328
OCD_m6k62e,OCD,401
OCD_o7a34s,OCD,499
OCD_nuly5l,OCD,436
OCD_q3p7r8,OCD,495
OCD_o5kx6r,OCD,430
OCD_lxqr42,OCD,981
OCD_pbkyvt,OCD,384
OCD_mmbauh,OCD,359
OCD_ms70ys,OCD,351
OCD_polydn,OCD,334
OCD_ocbtw9,OCD,840
OCD_qglqt1,OCD,372
OCD_p6uos4,OCD,332
OCD_lonwsl,OCD,356
OCD_nvrnx8,OCD,363
OCD_mllaki,OCD,904
OCD_ojpi03,OCD,1237
OCD_lpje3p,OCD,448
OCD_reeur8,OCD,540
OCD_rhnnxa,OCD,472
OCD_o1otye,OCD,389
OCD_q9kbmh,OCD,389
OCD_p73b80,OCD,347
OCD_oef6b0,OCD,515
OCD_nduh6c,OCD,914
OCD_mzn23l,OCD,323
OCD_p45jjp,OCD,2402
OCD_oe5ttz,OCD,526
OCD_p6ssy0,OCD,354
OCD_lxivyi,OCD,661
OCD_nncgrm,OCD,1700
OCD_qy9kl8,OCD,500
OCD_ob2tp2,OCD,345
OCD_r0nfve,OCD,494
OCD_nh4yx9,OCD,383
OCD_ndkd9e,OCD,333
OCD_ot8eg0,OCD,426
OCD_pk3kkd,OCD,427
OCD_m25qt2,OCD,432
OCD_o8d86d,OCD,355
OCD_lpk9m8,OCD,349
OCD_my0pkf,OCD,463
OCD_p5ov0g,OCD,492
OCD_r1qzag,OCD,329
OCD_osgxvi,OCD,453
OCD_n1v2nq,OCD,596
OCD_o1c6oh,OCD,315
OCD_opfbux,OCD,1344
OCD_o8lqvu,OCD,411
OCD_r5mp29,OCD,537
OCD_n9pv8e,OCD,406
OCD_o33jnt,OCD,343
OCD_qbbhd6,OCD,442
OCD_pxs4ot,OCD,488
OCD_o3qq6i,OCD,476
OCD_re54e9,OCD,1326
OCD_oag5ia,OCD,326
OCD_ofurbe,OCD,547
OCD_ouzesw,OCD,322
OCD_r1r5vk,OCD,415
OCD_qdvvkw,OCD,368
OCD_nvogi0,OCD,359
OCD_nbxd7l,OCD,363
OCD_qk82op,OCD,423
OCD_nsmp4b,OCD,730
OCD_rf7un7,OCD,444
OCD_qmtho6,OCD,354
OCD_r87hmd,OCD,496
OCD_q9khgg,OCD,354
OCD_m0vof1,OCD,435
OCD_m2l8ab,OCD,358
OCD_p1hnms,OCD,471
OCD_nbh845,OCD,665
OCD_n6bgfd,OCD,650
OCD_p0gbej,OCD,307
OCD_mjnuvs,OCD,343
OCD_q201xi,OCD,363
OCD_ra2bzd,OCD,445
OCD_p09cjd,OCD,345
OCD_puy4d2,OCD,517
OCD_o47sp9,OCD,420
OCD_orqf1g,OCD,310
OCD_rexssk,OCD,318
OCD_qek4w7,OCD,467
OCD_odfeef,OCD,338
OCD_rm0cgi,OCD,392
OCD_rhvcpy,OCD,320
OCD_oko7bk,OCD,487
OCD_qrr9jk,OCD,484
OCD_rlwlxa,OCD,507
OCD_pbqtwj,OCD,1705
OCD_pwxjtg,OCD,483
OCD_r7wdia,OCD,352
OCD_pn1eoi,OCD,659
OCD_r6w6v7,OCD,357
OCD_nfeftc,OCD,456
OCD_ph141m,OCD,427
OCD_mybssx,OCD,325
OCD_oxi2a4,OCD,633
OCD_ot6mbo,OCD,372
OCD_m5wziu,OCD,485
OCD_nblxxl,OCD,501
OCD_mwgwn5,OCD,498
OCD_o6eu50,OCD,1103
OCD_lx4ang,OCD,400
OCD_o73vmr,OCD,430
OCD_okb8zv,OCD,537
OCD_p7hali,OCD,499
OCD_owpyyi,OCD,417
OCD_qgauaz,OCD,308
OCD_ncndku,OCD,309
OCD_oz4qwl,OCD,511
OCD_rfbum9,OCD,699
OCD_nmsjhq,OCD,452
OCD_nggnfh,OCD,394
OCD_pgf77h,OCD,319
OCD_n15pmn,OCD,396
OCD_r7p6ll,OCD,337
OCD_rihdhm,OCD,335
OCD_lpxt33,OCD,883
OCD_o0md9g,OCD,695
OCD_nrwjbq,OCD,550
OCD_qm69ne,OCD,402
OCD_rejqaj,OCD,490
OCD_nw1idd,OCD,918
OCD_pb8w2o,OCD,477
OCD_mzqf0c,OCD,342
OCD_o6zzvz,OCD,357
OCD_n12yjg,OCD,365
OCD_nbqejp,OCD,418
OCD_o0iebw,OCD,356
OCD_qqbfr6,OCD,417
OCD_oq64lp,OCD,583
OCD_mlahaa,OCD,309
OCD_ngaphc,OCD,481
OCD_n5ykkh,OCD,581
OCD_ojikiz,OCD,410
OCD_pwyg2h,OCD,472
OCD_oqor9y,OCD,1282
OCD_pq5tdw,OCD,444
OCD_ppv8uw,OCD,588
OCD_pyvb08,OCD,351
OCD_p5y9sb,OCD,349
OCD_nj8r1p,OCD,1228
OCD_qz0n4f,OCD,372
OCD_nwpmq3,OCD,488
OCD_rl0ttv,OCD,368
OCD_qr5l59,OCD,1081
OCD_qnfvly,OCD,344
OCD_q9i14t,OCD,1827
OCD_rixmb5,OCD,342
OCD_qf3vwa,OCD,582
OCD_r2ycxe,OCD,738
OCD_msjjmp,OCD,312
OCD_p9s53d,OCD,409
OCD_mnq5g9,OCD,492
OCD_qg6b1k,OCD,345
OCD_o1kd9b,OCD,387
OCD_p9h3yp,OCD,383
OCD_poerih,OCD,364
OCD_r0dwsp,OCD,337
OCD_rjox27,OCD,356
OCD_rfrgzf,OCD,413
OCD_plyxkt,OCD,339
OCD_nlvo3k,OCD,467
OCD_nnw55o,OCD,326
OCD_pi0qwm,OCD,633
OCD_n6yetx,OCD,596
OCD_nl5zsa,OCD,485
OCD_ofi2fm,OCD,710
OCD_okpgcn,OCD,1008
OCD_pl2r26,OCD,642
OCD_o7bak4,OCD,377
OCD_qnk58a,OCD,572
OCD_nmkc8b,OCD,362
OCD_p1k7lf,OCD,805
OCD_msjxoy,OCD,357
OCD_qhh1m9,OCD,389
OCD_oz8x3j,OCD,540
OCD_n9ti0y,OCD,509
OCD_rirxl0,OCD,689
OCD_mfqdbt,OCD,837
OCD_qcol63,OCD,384
OCD_rgib12,OCD,403
OCD_qd18qc,OCD,373
OCD_oce29y,OCD,407
OCD_r4gmd5,OCD,635
OCD_on6hbo,OCD,498
OCD_qz4shw,OCD,335
OCD_pxupyn,OCD,310
OCD_o8y57w,OCD,466
OCD_o5q50g,OCD,405
OCD_ncr1gt,OCD,510
OCD_q7cqh2,OCD,322
OCD_nu5wif,OCD,1525
OCD_mjyrgl,OCD,379
OCD_rjxmdj,OCD,682
OCD_ntix7h,OCD,349
OCD_r9gqsr,OCD,848
OCD_p002wi,OCD,429
OCD_nyblue,OCD,331
OCD_rid6lz,OCD,1139
OCD_oda78l,OCD,367
OCD_n7c1i0,OCD,393
OCD_nph8xl,OCD,310
OCD_re663z,OCD,341
OCD_q5ahpq,OCD,357
OCD_nt4vnw,OCD,552
OCD_nwdcyx,OCD,432
OCD_q7gdhn,OCD,433
OCD_qlla2k,OCD,375
OCD_pqugoi,OCD,943
OCD_ne4vqz,OCD,476
OCD_rby4zf,OCD,479
OCD_r6i446,OCD,332
OCD_p65hxp,OCD,463
OCD_o4dn0l,OCD,548
OCD_qtis0i,OCD,325
OCD_p4sia3,OCD,480
OCD_nuv3hz,OCD,335
OCD_p67wzu,OCD,540
OCD_ltg08z,OCD,379
OCD_nupywm,OCD,752
OCD_qu80wq,OCD,336
OCD_nx2af2,OCD,344
OCD_qj7acu,OCD,356
OCD_n6jtdy,OCD,622
OCD_mg6wpb,OCD,381
OCD_oekppo,OCD,344
OCD_q77hvs,OCD,397
OCD_qx2tu0,OCD,337
OCD_r7i9hf,OCD,337
OCD_msu6lt,OCD,572
OCD_o6n1ix,OCD,693
OCD_r53r2u,OCD,553
OCD_q6qi1e,OCD,462
OCD_ntv5fz,OCD,586
OCD_qu4o07,OCD,407
OCD_qcf5ut,OCD,414
OCD_r6gljm,OCD,670
OCD_nrhf4m,OCD,1273
OCD_ouz96v,OCD,690
OCD_nv9bpe,OCD,476
OCD_nzpq93,OCD,472
OCD_mrte2a,OCD,546
OCD_mv60pe,OCD,626
OCD_mg9yqm,OCD,364
OCD_qtfzzg,OCD,422
OCD_p030gi,OCD,366
OCD_qa48fs,OCD,1631
OCD_n6an7r,OCD,345
OCD_mrwy7f,OCD,486
OCD_o1x428,OCD,506
OCD_obcc5i,OCD,342
OCD_pgfhmz,OCD,370
OCD_rhdsxl,OCD,493
OCD_n3qpgt,OCD,497
OCD_p0d45x,OCD,368
OCD_oc1soh,OCD,304
OCD_opojik,OCD,323
OCD_o5eqaz,OCD,452
OCD_qr069a,OCD,721
OCD_qo2wx6,OCD,366
OCD_qw9jnd,OCD,467
OCD_qxhg0t,OCD,407
OCD_mn521p,OCD,340
OCD_nukepk,OCD,746
OCD_org5gi,OCD,804
OCD_ly7vap,OCD,1118
OCD_qbbksa,OCD,324
OCD_pci7ay,OCD,817
OCD_ripfy7,OCD,451
OCD_q1okda,OCD,1230
OCD_mfdhdt,OCD,355
OCD_n022h2,OCD,565
OCD_papdik,OCD,341
OCD_r8a793,OCD,380
OCD_nrvjvl,OCD,315
OCD_qycvtl,OCD,385
OCD_og3789,OCD,397
OCD_mx4mun,OCD,551
OCD_lxpxgd,OCD,337
OCD_mt6ax0,OCD,742
OCD_m6uow7,OCD,385
OCD_rlteg9,OCD,364
OCD_o8cc8y,OCD,430
OCD_ofevmn,OCD,571
OCD_qak3vy,OCD,888
OCD_r5txgx,OCD,491
OCD_oshx74,OCD,319
OCD_qx1dk5,OCD,678
OCD_ougvqh,OCD,362
OCD_pwki3o,OCD,855
OCD_o38ktn,OCD,309
OCD_n60j4k,OCD,604
OCD_pd279m,OCD,1346
OCD_o8acsj,OCD,691
OCD_q8jzui,OCD,515
OCD_rk12ih,OCD,527
OCD_q090ac,OCD,503
OCD_qlsc5u,OCD,311
OCD_myfxz7,OCD,542
OCD_p46pdm,OCD,508
OCD_phyyba,OCD,452
OCD_ppuhdb,OCD,648
OCD_qyemv4,OCD,492
OCD_qczuws,OCD,488
OCD_qz8g6z,OCD,522
OCD_ptfczv,OCD,716
OCD_p510vn,OCD,688
OCD_pperk7,OCD,549
OCD_qr7c17,OCD,482
OCD_p3fidc,OCD,525
OCD_mn1d7l,OCD,359
OCD_owa17r,OCD,498
OCD_pb188c,OCD,713
OCD_nyp803,OCD,365
OCD_ovxq3j,OCD,394
OCD_mtfsyu,OCD,335
OCD_pbedlm,OCD,504
OCD_oo5wk6,OCD,425
OCD_pbd3bv,OCD,527
OCD_m66foc,OCD,341
OCD_rhlfdv,OCD,746
OCD_pg725j,OCD,371
OCD_q3wulg,OCD,376
OCD_oed9h6,OCD,488
OCD_nq97g7,OCD,567
OCD_mr4bwy,OCD,312
OCD_nxwdtt,OCD,518
OCD_ree3pt,OCD,313
OCD_pieoxl,OCD,446
OCD_pvv4sf,OCD,332
OCD_pw4m7b,OCD,360
OCD_q3gxmv,OCD,321
OCD_oxa10b,OCD,386
OCD_pdgknv,OCD,1081
OCD_qozzfl,OCD,434
OCD_lo9ufa,OCD,375
OCD_ne0tf6,OCD,537
OCD_o5m61s,OCD,527
OCD_nbevmw,OCD,335
OCD_o7ncam,OCD,584
OCD_p3twot,OCD,460
OCD_py415e,OCD,1128
OCD_q3cn7y,OCD,325
OCD_lsrc7c,OCD,551
OCD_op0h0y,OCD,389
OCD_mufped,OCD,536
OCD_mvwsif,OCD,329
OCD_mye6uq,OCD,507
OCD_qe6xf2,OCD,397
OCD_rb16bb,OCD,429
OCD_rk7zfp,OCD,3925
OCD_ly6l5d,OCD,495
OCD_qac1am,OCD,316
OCD_rgxn3q,OCD,400
OCD_lp91sm,OCD,386
OCD_pe0yax,OCD,324
OCD_n03kjs,OCD,771
OCD_lu21c4,OCD,2527
OCD_ofx4z2,OCD,329
OCD_phc777,OCD,371
OCD_p6fsm8,OCD,425
OCD_r8vqk4,OCD,313
OCD_qonr5e,OCD,313
OCD_op3fdn,OCD,457
OCD_qp57qt,OCD,1117
OCD_n00gd9,OCD,344
OCD_oe4x07,OCD,753
OCD_p3pqli,OCD,335
OCD_oxvpni,OCD,930
OCD_neitr9,OCD,353
OCD_mhzmwe,OCD,417
OCD_o0getd,OCD,348
OCD_owqvph,OCD,464
OCD_pdeogg,OCD,330
OCD_p24dna,OCD,335
OCD_nqjkqh,OCD,349
OCD_my7r22,OCD,347
OCD_opc84e,OCD,415
OCD_pete1r,OCD,500
OCD_owpn4v,OCD,430
OCD_n2f5a5,OCD,481
OCD_puifbm,OCD,346
OCD_q80ssz,OCD,457
OCD_r7jc3h,OCD,443
OCD_q93bx3,OCD,365
OCD_ll0pmv,OCD,594
OCD_phbw0q,OCD,357
OCD_mugtxz,OCD,407
OCD_naqlc8,OCD,366
OCD_pdz3i1,OCD,414
OCD_pmxjpe,OCD,744
OCD_nu86mr,OCD,481
OCD_pncd3w,OCD,460
OCD_pggrn3,OCD,624
OCD_oz5ev8,OCD,528
OCD_n03gk9,OCD,386
OCD_pypoc7,OCD,654
OCD_rdu003,OCD,327
OCD_lqa4bb,OCD,390
OCD_q1ytn9,OCD,434
OCD_q9w3rg,OCD,622
OCD_m1eoc4,OCD,476
OCD_n66x0j,OCD,392
OCD_r563qy,OCD,358
OCD_rhnzey,OCD,381
OCD_n6px3k,OCD,900
OCD_qwrnt2,OCD,311
OCD_mwfdlk,OCD,366
OCD_npvit1,OCD,380
OCD_m53gwd,OCD,380
OCD_qwps2o,OCD,625
OCD_p4g4vq,OCD,380
OCD_mz5m7b,OCD,327
OCD_obbc4d,OCD,311
OCD_qhzs6r,OCD,362
OCD_nxnwig,OCD,522
OCD_p8c6il,OCD,422
OCD_oge6np,OCD,406
OCD_pzwx65,OCD,442
OCD_lt8a32,OCD,658
OCD_nis8s7,OCD,316
OCD_owdgoi,OCD,506
OCD_rk9n5r,OCD,618
OCD_mxx3e5,OCD,459
OCD_nv1osg,OCD,588
OCD_mvy3yw,OCD,412
OCD_psskpn,OCD,613
OCD_ov217l,OCD,1315
OCD_pjto65,OCD,425
OCD_nou6oz,OCD,701
OCD_n620ql,OCD,336
OCD_oc4goe,OCD,428
OCD_qccsuo,OCD,571
OCD_q9egwp,OCD,390
OCD_qvohne,OCD,366
OCD_oxzwpd,OCD,348
OCD_oqhdgk,OCD,314
OCD_q3f7ke,OCD,574
OCD_qgjjb0,OCD,307
OCD_rf0p4s,OCD,323
OCD_qvaxk5,OCD,480
OCD_os08ga,OCD,423
OCD_lqm84x,OCD,441
OCD_rgztg6,OCD,891
OCD_nzms76,OCD,451
OCD_q7vifj,OCD,495
OCD_n214xs,OCD,520
OCD_ornouz,OCD,566
OCD_rln2mo,OCD,1655
OCD_naszrg,OCD,372
OCD_r4d244,OCD,423
OCD_pmwpdx,OCD,612
OCD_pf2crm,OCD,308
OCD_p1db3d,OCD,312
OCD_m50ds9,OCD,311
OCD_lm6s29,OCD,331
OCD_mj05m9,OCD,1002
OCD_ov4rff,OCD,894
OCD_nbsctm,OCD,316
OCD_mu7n84,OCD,1149
OCD_ooo7vc,OCD,389
OCD_q1tnab,OCD,559
OCD_nr5j0v,OCD,772
OCD_py251t,OCD,749
OCD_qphslo,OCD,686
OCD_nk6ei6,OCD,660
OCD_oj6j89,OCD,349
OCD_r0l2xw,OCD,408
OCD_qoawse,OCD,1040
OCD_p5bild,OCD,727
OCD_pqygmn,OCD,330
OCD_m4c16l,OCD,335
OCD_m4pq0a,OCD,641
OCD_oj78tj,OCD,362
OCD_n11lve,OCD,374
OCD_oixoxz,OCD,490
OCD_o0rkws,OCD,325
OCD_qzc8ul,OCD,1122
OCD_m0udtc,OCD,339
OCD_p73wog,OCD,335
OCD_or7lbu,OCD,503
OCD_qkri0p,OCD,761
OCD_ne9sgk,OCD,334
OCD_n7erwe,OCD,326
OCD_n4g7sp,OCD,415
OCD_nnfwoa,OCD,334
OCD_pcxg3q,OCD,329
OCD_ml5u27,OCD,343
OCD_pu7w22,OCD,693
OCD_ojpgvq,OCD,793
OCD_nv9x6z,OCD,772
OCD_prd3j9,OCD,475
OCD_plc8jn,OCD,562
OCD_mle5sg,OCD,328
OCD_prytlf,OCD,576
OCD_op41le,OCD,606
OCD_rcsv61,OCD,553
OCD_m60p1s,OCD,452
OCD_qj2qd2,OCD,664
OCD_p0218q,OCD,881
OCD_qauk0r,OCD,427
OCD_pdk5u1,OCD,705
OCD_pxx21p,OCD,354
OCD_qq1b6x,OCD,384
OCD_qk1oi0,OCD,1326
OCD_pi73kl,OCD,373
OCD_pk1cum,OCD,506
OCD_qok2c0,OCD,539
OCD_qfdvq7,OCD,327
OCD_mttt9u,OCD,481
OCD_opszbh,OCD,422
OCD_pr4hpo,OCD,324
OCD_o9aw6a,OCD,536
OCD_phnvci,OCD,321
OCD_m4m3xw,OCD,539
OCD_rextop,OCD,475
OCD_q8hw9i,OCD,311
OCD_mevwp3,OCD,326
OCD_o73zf7,OCD,410
OCD_plv0u1,OCD,413
OCD_ohc5ks,OCD,733
OCD_q38bb1,OCD,372
OCD_rewv3z,OCD,618
OCD_qdn064,OCD,323
OCD_mgoh2d,OCD,330
OCD_mkkdfb,OCD,742
OCD_lr775s,OCD,458
OCD_qf8mb9,OCD,330
OCD_qyhwq2,OCD,410
OCD_r52jwr,OCD,549
OCD_mtamez,OCD,536
OCD_rjsngu,OCD,335
OCD_ps6odz,OCD,311
OCD_pzksbf,OCD,439
OCD_q6frfg,OCD,407
OCD_pdc9r1,OCD,544
OCD_pjhq19,OCD,1428
OCD_rlww4z,OCD,306
OCD_otnrlm,OCD,720
OCD_njtjgp,OCD,546
OCD_lxnrod,OCD,472
OCD_n6qjj5,OCD,713
OCD_pm5ouw,OCD,601
OCD_q2me8z,OCD,323
OCD_qbw00s,OCD,345
OCD_ondam5,OCD,544
OCD_nh79yv,OCD,464
OCD_mygblg,OCD,423
OCD_ngmjse,OCD,607
OCD_nrlx46,OCD,497
OCD_phwdes,OCD,523
OCD_qjb04x,OCD,675
OCD_rjgcuu,OCD,470
OCD_q1im6t,OCD,451
OCD_o6rngg,OCD,433
OCD_og9mw7,OCD,304
OCD_q321z6,OCD,632
OCD_pkmj7q,OCD,504
OCD_pghlrb,OCD,513
OCD_n4hp22,OCD,1320
OCD_ob40dz,OCD,840
OCD_ptat56,OCD,413
OCD_mtbcqb,OCD,680
OCD_qwln3j,OCD,336
OCD_n1gdrk,OCD,1101
OCD_ng3zpl,OCD,556
OCD_rlapc3,OCD,317
OCD_qbj3je,OCD,309
OCD_rkc2wf,OCD,443
OCD_m2581t,OCD,580
OCD_qnihsf,OCD,336
OCD_n9svn0,OCD,398
OCD_pwwres,OCD,602
OCD_ofcmgc,OCD,708
OCD_oc7n6e,OCD,390
OCD_qm4j3i,OCD,408
OCD_onxa9l,OCD,302
OCD_lr7uph,OCD,438
OCD_r6ppuy,OCD,418
OCD_q5ogwy,OCD,574
OCD_p2f3m5,OCD,371
OCD_n2hpr5,OCD,399
OCD_rcr00f,OCD,766
OCD_ooq1mu,OCD,385
OCD_qg4itp,OCD,395
OCD_mri93j,OCD,5034
OCD_lxbyfd,OCD,336
OCD_p5dkg4,OCD,565
OCD_qjk64z,OCD,457
OCD_lr4kzd,OCD,360
OCD_oklcr6,OCD,588
OCD_oh2cvc,OCD,382
OCD_o1460d,OCD,319
OCD_rejduj,OCD,605
OCD_ln9497,OCD,461
OCD_o4z5wp,OCD,426
OCD_psppca,OCD,547
OCD_lnc9xz,OCD,463
OCD_ra3c5p,OCD,554
OCD_pies6z,OCD,1358
OCD_ps5zug,OCD,659
OCD_qayw26,OCD,1313
OCD_qh93cz,OCD,359
OCD_rahu03,OCD,456
OCD_r2yvdc,OCD,862
OCD_n27e9j,OCD,326
OCD_m6iewo,OCD,438
OCD_pnlqnn,OCD,322
OCD_m2wcjz,OCD,448
OCD_lx6tm1,OCD,562
OCD_n17r7q,OCD,356
OCD_pmhv74,OCD,319
OCD_n4aezr,OCD,507
OCD_nrb73g,OCD,355
OCD_pc58wn,OCD,337
OCD_rldrv2,OCD,370
OCD_lmmm2o,OCD,523
OCD_qladoz,OCD,784
OCD_qdlybo,OCD,337
OCD_mjavwt,OCD,349
OCD_mghmch,OCD,559
OCD_oyhjyk,OCD,332
OCD_pu4t2b,OCD,344
OCD_ni7dri,OCD,404
OCD_q56yuw,OCD,323
OCD_r87239,OCD,606
OCD_o0jl5o,OCD,625
OCD_ohtckk,OCD,712
OCD_n723rg,OCD,357
OCD_loobo7,OCD,315
OCD_nmqvmc,OCD,326
OCD_nzf41d,OCD,319
OCD_ooffg0,OCD,787
OCD_ml3rtq,OCD,444
OCD_pot3ek,OCD,552
OCD_qrd0ck,OCD,1048
OCD_pug7ke,OCD,392
OCD_ln9hyz,OCD,436
OCD_mrclhu,OCD,640
OCD_qez7kf,OCD,447
OCD_m6gvyn,OCD,2165
OCD_pdds3j,OCD,480
OCD_ph48xv,OCD,383
OCD_p25vxh,OCD,349
OCD_miwvic,OCD,446
OCD_oxh203,OCD,456
OCD_lso0id,OCD,416
OCD_p85vki,OCD,1019
OCD_lxwz44,OCD,379
OCD_ot98qf,OCD,324
OCD_rc7uyn,OCD,502
OCD_onxetb,OCD,364
OCD_pu8ezq,OCD,816
OCD_lt310v,OCD,943
OCD_pzc2ll,OCD,343
OCD_oad7a8,OCD,329
OCD_ocjo39,OCD,428
OCD_nrhifa,OCD,1788
OCD_rgaexg,OCD,464
OCD_m27djz,OCD,451
OCD_n1k59z,OCD,829
OCD_r60hv0,OCD,516
OCD_rfwqj3,OCD,571
OCD_p0zmnz,OCD,667
OCD_p17q3o,OCD,361
OCD_oqiefb,OCD,603
OCD_qiykpl,OCD,339
OCD_qfuhoj,OCD,312
OCD_ood213,OCD,326
OCD_nyar9f,OCD,369
OCD_nriej2,OCD,398
OCD_qwdhma,OCD,312
OCD_phdeqo,OCD,351
OCD_no0rdx,OCD,845
OCD_op2n1n,OCD,355
OCD_o1kb5r,OCD,566
OCD_m1d56y,OCD,340
OCD_qt8c9q,OCD,434
OCD_nkdi1a,OCD,399
OCD_p6bm02,OCD,1012
OCD_o1wtkw,OCD,1137
OCD_pz0227,OCD,387
OCD_lsu2u1,OCD,352
OCD_qg7zat,OCD,588
OCD_ne2gw2,OCD,1713
OCD_m6w80a,OCD,310
OCD_oir29p,OCD,321
OCD_r5jdc0,OCD,574
OCD_or93on,OCD,391
OCD_p1e95a,OCD,524
OCD_nrifyp,OCD,654
OCD_o7a5fd,OCD,1845
OCD_n4h6fq,OCD,316
OCD_ohqc5w,OCD,434
OCD_qewt44,OCD,383
OCD_nestux,OCD,352
OCD_mzhbrz,OCD,327
OCD_m22evy,OCD,418
OCD_o7myc3,OCD,317
OCD_qq129v,OCD,842
OCD_of8ego,OCD,622
OCD_om9qjb,OCD,413
OCD_rdqchs,OCD,346
OCD_ox4q0r,OCD,340
OCD_o6l6xq,OCD,531
OCD_p4aka7,OCD,332
OCD_na9iia,OCD,518
OCD_lqx2nm,OCD,488
OCD_mk3mzv,OCD,804
OCD_qdllo2,OCD,535
OCD_oi1mfw,OCD,370
OCD_n5qqky,OCD,608
OCD_ra8x5h,OCD,382
OCD_phxc0w,OCD,501
OCD_qh7s7p,OCD,504
OCD_ns0h4s,OCD,750
OCD_ml1s1u,OCD,312
OCD_o9crae,OCD,425
OCD_r9vcjd,OCD,448
OCD_ningun,OCD,424
OCD_r3sg59,OCD,324
OCD_q6xcr0,OCD,1258
OCD_qwk79i,OCD,478
OCD_res8w9,OCD,424
OCD_r9ls0b,OCD,561
OCD_q2rkfk,OCD,389
OCD_nlbfzt,OCD,842
OCD_p1dmgs,OCD,582
OCD_omecmm,OCD,409
OCD_oodk3v,OCD,405
OCD_lrpm4m,OCD,321
OCD_onso10,OCD,586
OCD_lt73cj,OCD,314
OCD_phexyx,OCD,385
OCD_opxrc4,OCD,374
OCD_nbgwga,OCD,331
OCD_okkfc5,OCD,549
OCD_q1hsny,OCD,357
OCD_otzniu,OCD,345
OCD_nndpmi,OCD,315
OCD_qeuena,OCD,321
OCD_rm58nw,OCD,583
OCD_nu4260,OCD,797
OCD_qaz6w9,OCD,349
OCD_or4ae8,OCD,416
OCD_p8n9bk,OCD,819
OCD_m0pt3p,OCD,1060
OCD_n6xrqq,OCD,376
OCD_oxu42b,OCD,380
OCD_oebuvt,OCD,700
OCD_pikzkp,OCD,346
OCD_lu30uq,OCD,368
OCD_ormmui,OCD,581
OCD_o5jah8,OCD,424
OCD_qd3auz,OCD,521
OCD_qbodvu,OCD,347
OCD_pb0lbn,OCD,387
OCD_r1uydk,OCD,531
OCD_qefb40,OCD,373
OCD_p1gi15,OCD,493
OCD_ozsbfq,OCD,1604
OCD_qaftcn,OCD,2549
OCD_p9cxfw,OCD,516
OCD_ojthvw,OCD,324
OCD_pta3nn,OCD,343
OCD_mvcj3g,OCD,337
OCD_mupxzs,OCD,542
OCD_p7fphp,OCD,370
OCD_p310cb,OCD,389
OCD_p2faeg,OCD,544
OCD_nozh4n,OCD,384
OCD_oyxc32,OCD,311
OCD_o37hp0,OCD,336
OCD_oxc43c,OCD,349
OCD_opua1t,OCD,589
OCD_p4wq9s,OCD,510
OCD_lsb4td,OCD,514
OCD_lq8dc2,OCD,496
OCD_oqurdb,OCD,339
OCD_po6iev,OCD,492
OCD_q5eon5,OCD,304
OCD_mttwhu,OCD,1276
OCD_otkm1x,OCD,466
OCD_mzb6qp,OCD,312
OCD_mrtr7f,OCD,379
OCD_mybbzl,OCD,1327
OCD_ogxdmp,OCD,987
OCD_on22mu,OCD,323
OCD_pffwak,OCD,334
OCD_n0vg1q,OCD,858
OCD_pno636,OCD,706
OCD_qlp0pq,OCD,703
OCD_op5ec9,OCD,329
OCD_ml3tek,OCD,482
OCD_lwqaqk,OCD,632
OCD_n2y1s9,OCD,511
OCD_okmipr,OCD,427
OCD_oaayxf,OCD,350
OCD_rgd1qp,OCD,347
OCD_pqrhkg,OCD,440
OCD_qjwjl7,OCD,344
OCD_mlc4wa,OCD,338
OCD_q0rndk,OCD,320
OCD_ozjq87,OCD,516
OCD_m2uz3w,OCD,423
OCD_ocs4m2,OCD,427
OCD_pp608j,OCD,363
OCD_r9eawl,OCD,329
OCD_qwx4g5,OCD,624
OCD_mhlhkk,OCD,342
OCD_q05dhr,OCD,1276
OCD_qwo6gb,OCD,788
OCD_mjwdo5,OCD,364
OCD_lx48jd,OCD,822
OCD_ppxynz,OCD,349
OCD_mu3p1j,OCD,306
OCD_ozjbo6,OCD,1547
OCD_mwa8dp,OCD,569
OCD_pu1s3m,OCD,319
OCD_ov269p,OCD,588
OCD_mmf9u4,OCD,747
OCD_obzf8s,OCD,782
OCD_mrpzg9,OCD,428
OCD_nuut8c,OCD,322
OCD_q4v46r,OCD,353
OCD_okxsag,OCD,483
OCD_n9ters,OCD,473
OCD_qp1opl,OCD,419
OCD_m04rb0,OCD,799
OCD_q63be0,OCD,392
OCD_odtc00,OCD,352
OCD_r9nvtt,OCD,342
OCD_nsv53v,OCD,388
OCD_nzbr56,OCD,573
OCD_nmldxt,OCD,1151
OCD_ohz2mh,OCD,490
OCD_qxw4bx,OCD,440
OCD_ni0ypw,OCD,371
OCD_qv9rwy,OCD,864
OCD_oo7b54,OCD,941
OCD_qwxvd6,OCD,447
OCD_mxk2ht,OCD,512
OCD_oxpl8r,OCD,307
OCD_pgr1ji,OCD,394
OCD_oyyi51,OCD,407
OCD_mtto0n,OCD,321
OCD_o3ovh2,OCD,697
OCD_phi4a2,OCD,797
OCD_p4cjz4,OCD,342
OCD_n12cry,OCD,487
OCD_rii6rz,OCD,417
OCD_o18tws,OCD,320
OCD_pfk17x,OCD,690
OCD_qpul6x,OCD,381
OCD_qxslb1,OCD,475
OCD_np8mbd,OCD,820
OCD_q76u6p,OCD,506
OCD_nnld2c,OCD,918
OCD_q5hmu2,OCD,554
OCD_pm7r72,OCD,333
OCD_pz1bt7,OCD,424
OCD_r0dpq6,OCD,333
OCD_mmum6o,OCD,386
OCD_nhl001,OCD,472
OCD_pqwfco,OCD,381
OCD_p9v7ck,OCD,344
OCD_qt5mt8,OCD,365
OCD_q3u0u1,OCD,314
OCD_njio08,OCD,440
OCD_ps0byl,OCD,410
OCD_o6rwky,OCD,534
OCD_r9lzbx,OCD,1408
OCD_rc5rbj,OCD,447
OCD_oumobi,OCD,839
OCD_mmavar,OCD,692
OCD_nag7hm,OCD,384
OCD_qax6ym,OCD,687
OCD_oyq4mh,OCD,357
OCD_pizjjz,OCD,329
OCD_mympsc,OCD,538
OCD_pqr7ou,OCD,413
OCD_ouaalz,OCD,343
OCD_o7ubxw,OCD,335
OCD_no53sn,OCD,1764
OCD_rkdsb1,OCD,374
OCD_q699gq,OCD,898
OCD_n1lhsx,OCD,322
OCD_ozu29o,OCD,609
OCD_lx1hu4,OCD,504
OCD_p3nsox,OCD,316
OCD_nvhhe6,OCD,567
OCD_p4oohf,OCD,696
OCD_m29t1d,OCD,360
OCD_myn3pb,OCD,362
OCD_mj4m3e,OCD,370
OCD_o2txa6,OCD,384
OCD_r6zkb6,OCD,444
OCD_o1ag63,OCD,352
OCD_ngjqz1,OCD,344
OCD_qhnc8m,OCD,401
OCD_nbcmmd,OCD,506
OCD_p8b4bo,OCD,589
OCD_nqrml5,OCD,444
OCD_m71p97,OCD,366
OCD_o0xfqn,OCD,409
OCD_qeje94,OCD,351
OCD_oxd81n,OCD,536
OCD_mewjrm,OCD,471
OCD_padu8k,OCD,639
OCD_obrfqb,OCD,467
OCD_qjx7ls,OCD,580
OCD_loa4sw,OCD,369
OCD_mrf6bb,OCD,534
OCD_lwzugm,OCD,2421
OCD_ra4ndu,OCD,540
OCD_ohkd7u,OCD,719
OCD_psycne,OCD,321
OCD_mqkecl,OCD,873
OCD_o1z170,OCD,810
OCD_n1h761,OCD,409
OCD_pltnjm,OCD,521
OCD_qr2pp9,OCD,504
OCD_m5wzds,OCD,465
OCD_q879ym,OCD,372
OCD_nkgkjz,OCD,311
OCD_rl8ju8,OCD,319
OCD_qsfr99,OCD,502
OCD_pfdxyv,OCD,356
OCD_nixiu0,OCD,391
OCD_pud8io,OCD,372
OCD_pdg7km,OCD,374
OCD_nbf1yp,OCD,1083
OCD_mgd2sq,OCD,1727
OCD_oy00s3,OCD,369
OCD_ne4dyt,OCD,326
OCD_q6t0d3,OCD,813
OCD_oosog7,OCD,474
OCD_refkdx,OCD,658
OCD_m52l0y,OCD,522
OCD_nvvnbm,OCD,338
OCD_ozmxy3,OCD,340
OCD_r0u8so,OCD,314
OCD_pcj527,OCD,483
OCD_qrrf6g,OCD,370
OCD_ntl488,OCD,696
OCD_or2sny,OCD,2053
OCD_lo1jbm,OCD,320
OCD_pla4lk,OCD,366
OCD_piz1fg,OCD,327
OCD_p8fr5f,OCD,500
OCD_q0zm5c,OCD,362
depression_r03p0i,depression,434
depression_rkuyeq,depression,319
depression_qp573n,depression,1061
depression_qyj5dz,depression,340
depression_rf3ceq,depression,346
depression_qxx6d4,depression,357
depression_rlpvlh,depression,566
depression_rcrj1q,depression,363
depression_rbbkjd,depression,527
depression_r3s7fk,depression,1392
depression_r6n5ea,depression,342
depression_r73qxf,depression,355
depression_qqar7x,depression,340
depression_rkfnh3,depression,575
depression_rfzpio,depression,964
depression_r527z9,depression,366
depression_qv1o53,depression,478
depression_r9b92x,depression,805
depression_rfwygn,depression,460
depression_qyeenr,depression,748
depression_rhqwc7,depression,738
depression_r6tfpb,depression,501
depression_r0nw9h,depression,345
depression_r3f83s,depression,319
depression_rj3ank,depression,627
depression_r8jcqf,depression,627
depression_rkcjg1,depression,561
depression_qvuozc,depression,345
depression_qsnaza,depression,419
depression_qy9byg,depression,477
depression_ramki7,depression,422
depression_r1j87z,depression,968
depression_qutqkq,depression,383
depression_qvcu0g,depression,361
depression_risg1r,depression,968
depression_qz7eur,depression,1321
depression_r4pvcz,depression,456
depression_r3kmho,depression,392
depression_rbmvow,depression,790
depression_qr05he,depression,372
depression_rbr1nq,depression,700
depression_rgwm3z,depression,2150
depression_rfzpsi,depression,528
depression_rc9lvd,depression,839
depression_qynpjy,depression,899
depression_r281fy,depression,475
depression_rf3xs1,depression,334
depression_qwacwf,depression,318
depression_rl2xrk,depression,367
depression_qxbux1,depression,981
depression_r033ey,depression,356
depression_r3wlyr,depression,350
depression_r4glgz,depression,449
depression_rijozx,depression,455
depression_rhia0s,depression,746
depression_r2uxa7,depression,420
depression_qvk0m3,depression,391
depression_rfry0e,depression,313
depression_r7t7pj,depression,330
depression_r213b5,depression,585
depression_r2h5zh,depression,499
depression_r327yk,depression,409
depression_r7bnsl,depression,336
depression_r6wto2,depression,509
depression_rhbc50,depression,370
depression_r0jxft,depression,561
depression_r4rajw,depression,328
depression_r0b8zf,depression,461
depression_ra20si,depression,537
depression_qrr8en,depression,320
depression_qvqz7x,depression,309
depression_qzh9iw,depression,356
depression_qog5w9,depression,569
depression_rlsz5i,depression,451
depression_r6290i,depression,781
depression_qywe4t,depression,347
depression_qreedj,depression,549
depression_r5sgbk,depression,482
depression_rmjncp,depression,420
depression_rbgo59,depression,326
depression_r0o3aj,depression,754
depression_r9o6m8,depression,326
depression_qyy4rt,depression,308
depression_qv0j6q,depression,318
depression_rc0dsa,depression,641
depression_r7140a,depression,916
depression_rgsk3r,depression,386
depression_qu9n7y,depression,322
depression_quaf2o,depression,613
depression_rdvz90,depression,882
depression_quhtdr,depression,391
depression_rf5g0r,depression,389
depression_qqfrnn,depression,429
depression_qz6vbz,depression,476
depression_refrks,depression,442
depression_rep815,depression,469
depression_r5flat,depression,469
depression_r3ub55,depression,365
depression_qsbc97,depression,955
depression_r9ud8f,depression,339
depression_rgxkpa,depression,310
depression_qy3dwu,depression,1486
depression_qs3emy,depression,410
depression_rjesks,depression,374
depression_r75let,depression,329
depression_rblxdl,depression,375
depression_rkn2am,depression,1053
depression_qxs5sm,depression,314
depression_qtidk6,depression,344
depression_r8tfry,depression,367
depression_rkwmyt,depression,413
depression_rh7twq,depression,463
depression_qsp5gw,depression,495
depression_qxm77q,depression,446
depression_qp4k8f,depression,486
depression_r8wpup,depression,342
depression_rgly5q,depression,739
depression_reybwe,depression,837
depression_rc7q3k,depression,404
depression_r1vdan,depression,406
depression_r5zy57,depression,364
depression_qy3nt2,depression,410
depression_qp59h0,depression,358
depression_qrh14q,depression,557
depression_qyo3lb,depression,354
depression_rbevau,depression,319
depression_qvd6xi,depression,337
depression_r238oa,depression,1023
depression_r891gj,depression,376
depression_r9m39i,depression,330
depression_rbgb4g,depression,346
depression_qojn5l,depression,424
depression_rd06qt,depression,557
depression_r5xn9s,depression,318
depression_ri7en5,depression,493
depression_qyuh7d,depression,389
depression_qofcx8,depression,421
depression_rdy9k4,depression,319
depression_rctavt,depression,708
depression_rifkmj,depression,412
depression_qtomfd,depression,437
depression_qu2yyh,depression,396
depression_qzkisw,depression,1091
depression_ri5c9i,depression,614
depression_qs0mtf,depression,488
depression_r05nds,depression,337
depression_qumoiw,depression,472
depression_qy395k,depression,334
depression_qt8b53,depression,915
depression_rcyohw,depression,507
depression_qx7p09,depression,787
depression_r2gb3j,depression,1103
depression_qzc9qy,depression,352
depression_r9qpux,depression,473
depression_rmpdjl,depression,315
depression_rh746k,depression,359
depression_rlu0qi,depression,537
depression_reysrl,depression,436
depression_rh923p,depression,585
depression_qu4qvx,depression,1165
depression_r9jjjf,depression,665
depression_rex9u1,depression,617
depression_r67oxo,depression,334
depression_qvthqn,depression,307
depression_rjj12c,depression,372
depression_r4appv,depression,699
depression_r3seuz,depression,530
depression_qp3l7t,depression,309
depression_qrtbph,depression,664
depression_r4lzvm,depression,526
depression_qp7o5h,depression,361
depression_rcah9t,depression,1103
depression_rf3bj4,depression,488
depression_qobswd,depression,519
depression_r36l13,depression,676
depression_rbjr98,depression,624
depression_qyw7a0,depression,315
depression_rkrbmo,depression,413
depression_qvimg9,depression,1035
depression_r8q8wf,depression,311
depression_rctcyw,depression,328
depression_qp4d4q,depression,1109
depression_r6v46x,depression,347
depression_rbojlh,depression,579
depression_r9hhg1,depression,386
depression_r0v70i,depression,309
depression_rf22xf,depression,399
depression_r60rch,depression,646
depression_rjp8kw,depression,414
depression_qtoqef,depression,1011
depression_r0fsbc,depression,545
depression_qvz9jk,depression,351
depression_rdxys7,depression,363
depression_r8lhtj,depression,410
depression_r0msec,depression,451
depression_r4927z,depression,399
depression_rmhtq3,depression,352
depression_qwjh3r,depression,1057
depression_rjasms,depression,354
depression_rhtw8h,depression,645
depression_rkjxcs,depression,496
depression_qumz9y,depression,392
depression_rjuqxl,depression,417
depression_qw880q,depression,355
depression_raozpg,depression,403
depression_qqqx82,depression,348
depression_r599hx,depression,705
depression_rm7wqh,depression,838
depression_r6rh1t,depression,478
depression_rinkm1,depression,514
depression_qyoi2r,depression,370
depression_r8l30w,depression,720
depression_r31d3w,depression,342
depression_r0snzu,depression,674
depression_qw6wzw,depression,554
depression_ri4y7c,depression,442
depression_ribf6s,depression,323
depression_rgbkjq,depression,468
depression_rizjgw,depression,567
depression_rfzw74,depression,380
depression_qtgupj,depression,328
depression_rga9r1,depression,719
depression_qqheii,depression,327
depression_qouydt,depression,378
depression_rizcs0,depression,330
depression_rhay0a,depression,349
depression_qublc6,depression,310
depression_rljgwv,depression,466
depression_rlx3i5,depression,587
depression_ra17ia,depression,1708
depression_rgc8d2,depression,528
depression_r4bie8,depression,453
depression_qzh5ye,depression,378
depression_rh1gf6,depression,597
depression_rlosuz,depression,314
depression_r0r5dy,depression,376
depression_qttsac,depression,523
depression_rj50bj,depression,331
depression_rlqitz,depression,409
depression_rjuyvw,depression,2858
depression_r60epm,depression,574
depression_rbatxt,depression,752
depression_r4e15h,depression,405
depression_qqzygt,depression,1995
depression_rb9hmb,depression,336
depression_rdq0zr,depression,493
depression_qzu0bs,depression,353
depression_qq3e5p,depression,497
depression_qozfr2,depression,621
depression_rcnaeh,depression,417
depression_r2dcdm,depression,341
depression_rm9x48,depression,327
depression_r6ox74,depression,344
depression_qwqorw,depression,640
depression_qto5y9,depression,312
depression_qztdai,depression,611
depression_r291ad,depression,331
depression_rllbxp,depression,415
depression_qpev6m,depression,806
depression_qteiga,depression,666
depression_qtsdon,depression,311
depression_qvvoi2,depression,479
depression_r4bkmk,depression,679
depression_r9veqs,depression,1161
depression_r518ly,depression,522
depression_rmj90p,depression,1789
depression_r3ndgt,depression,320
depression_r5a1nl,depression,354
depression_r5fj75,depression,315
depression_qs5vba,depression,1109
depression_regbts,depression,554
depression_reuo4q,depression,492
depression_qogewj,depression,991
depression_qoxy0y,depression,420
depression_qr74wf,depression,378
depression_qv8rsl,depression,351
depression_rmbemy,depression,407
depression_r5pphq,depression,698
depression_rjrkap,depression,823
depression_rbzhy3,depression,669
depression_rg8tj2,depression,507
depression_qp7nj1,depression,373
depression_rcbbmq,depression,597
depression_qybwfo,depression,457
depression_qp6zuc,depression,331
depression_qpglwt,depression,473
depression_rbw7mm,depression,378
depression_rcsu60,depression,426
depression_qt1a27,depression,410
depression_r3xyod,depression,831
depression_rjmavp,depression,416
depression_r5dnqt,depression,343
depression_r04wrf,depression,1086
depression_rh6ikf,depression,407
depression_qp353m,depression,342
depression_rdyojt,depression,395
depression_quw94x,depression,703
depression_qxu6a1,depression,346
depression_qyombt,depression,472
depression_qvrk1q,depression,426
depression_qrmh2w,depression,725
depression_qvtkfz,depression,457
depression_qus5tg,depression,387
depression_rkk487,depression,369
depression_rf5tn5,depression,346
depression_rdxyme,depression,483
depression_r4k862,depression,387
depression_r5lel9,depression,387
depression_qy6ioa,depression,332
depression_qyuppo,depression,431
depression_qpxjxm,depression,700
depression_rjff1r,depression,379
depression_rcxz1d,depression,886
depression_qznxhx,depression,610
depression_qsybkg,depression,585
depression_qu44g8,depression,709
depression_rhxkn6,depression,500
depression_quirvm,depression,484
depression_rlrfte,depression,304
depression_re476j,depression,1507
depression_qunhce,depression,319
depression_rcqgjp,depression,373
depression_reok4c,depression,354
depression_qvjos1,depression,439
depression_rfrgz3,depression,309
depression_r4fiuq,depression,305
depression_r7t5p4,depression,314
depression_rg2l1m,depression,489
depression_qwrfoj,depression,454
depression_r517q6,depression,309
depression_rgm4wh,depression,317
depression_qvuqn2,depression,419
depression_qv65aj,depression,376
depression_qu0btq,depression,326
depression_qpksui,depression,499
depression_rc1aw0,depression,466
depression_re8vb5,depression,316
depression_rb26xb,depression,570
depression_qqbi1i,depression,303
depression_qzog0r,depression,1116
depression_ri15rs,depression,432
depression_r58199,depression,366
depression_rienye,depression,390
depression_qr6s3g,depression,429
depression_rb1k8c,depression,442
depression_ra9j64,depression,512
depression_r3pa94,depression,407
depression_qzuonn,depression,373
depression_qu9sov,depression,423
depression_rcokh4,depression,415
depression_ra9dyw,depression,384
depression_qoi4l1,depression,765
depression_r9umjv,depression,336
depression_rlph5a,depression,529
depression_rbh670,depression,315
depression_ri2ggq,depression,1492
depression_rm76iu,depression,563
depression_r11zpr,depression,551
depression_r19k99,depression,556
depression_rbowl0,depression,764
depression_rgsj10,depression,359
depression_qx6p3l,depression,378
depression_qre41v,depression,1188
depression_qs9crr,depression,532
depression_rf9kgr,depression,552
depression_r6s4op,depression,1367
depression_r7ohoy,depression,378
depression_rced6h,depression,352
depression_rbka94,depression,480
depression_qrgtft,depression,365
depression_qvtfqt,depression,645
depression_r687q0,depression,345
depression_qol8ch,depression,577
depression_rdrb25,depression,386
depression_r0hve6,depression,690
depression_rjiawg,depression,803
depression_rc8xci,depression,703
depression_r06050,depression,400
depression_qp6skr,depression,636
depression_r995hs,depression,430
depression_rbrb06,depression,314
depression_r7q4gc,depression,561
depression_rk9cs9,depression,320
depression_r47fw5,depression,321
depression_r2hti9,depression,543
depression_qq6hlz,depression,485
depression_rgoam9,depression,631
depression_qx7sn3,depression,493
depression_re9tqj,depression,873
depression_r58p64,depression,458
depression_qr134j,depression,499
depression_rfdt2g,depression,553
depression_rhtiuh,depression,342
depression_rjmd2v,depression,1068
depression_qyoeb5,depression,343
depression_ricetf,depression,411
depression_rdvwml,depression,481
depression_rcjkhy,depression,863
depression_r93jkv,depression,396
depression_reyriq,depression,651
depression_r50y62,depression,443
depression_qq552b,depression,326
depression_rb9l0e,depression,426
depression_qwi6sp,depression,338
depression_r3bk7f,depression,485
depression_qwpmrv,depression,336
depression_qx9rql,depression,422
depression_ri9h6n,depression,524
depression_qx4o0f,depression,634
depression_qzx0lq,depression,441
depression_r9qbff,depression,811
depression_qvpdlb,depression,307
depression_rfshd2,depression,347
depression_rerhxg,depression,371
depression_qph1mf,depression,547
depression_qvjtwn,depression,836
depression_r0we1s,depression,453
depression_qz3f3e,depression,351
depression_rf7430,depression,321
depression_r3dh02,depression,407
depression_qu8dl0,depression,429
depression_qzbqag,depression,548
depression_qok9ox,depression,451
depression_r6farr,depression,352
depression_qu72uh,depression,435
depression_rjnbel,depression,328
depression_qre0qu,depression,634
depression_rjqh0q,depression,939
depression_rhga3w,depression,725
depression_qpcs78,depression,506
depression_rcow8l,depression,440
depression_rha14m,depression,350
depression_qq365r,depression,325
depression_r38yiy,depression,489
depression_qu57ra,depression,504
depression_qwiwfb,depression,349
depression_qp32a2,depression,343
depression_qsjob8,depression,307
depression_r2ohni,depression,671
depression_r7n0ox,depression,323
depression_rf1c70,depression,500
depression_rfxzkc,depression,424
depression_r5pwjz,depression,381
depression_r7kzfn,depression,551
depression_rblc5m,depression,1267
depression_r4he3m,depression,932
depression_r2czdj,depression,451
depression_rjo270,depression,354
depression_rchwvn,depression,551
depression_r5bd63,depression,375
depression_r5durl,depression,491
depression_r9oecf,depression,459
depression_rgqcxv,depression,392
depression_r7cnvj,depression,740
depression_r4zmzo,depression,358
depression_r2cbyh,depression,324
depression_r4j57f,depression,323
depression_qy7a0v,depression,396
depression_r9grav,depression,534
depression_r49kj4,depression,425
depression_rjd5fk,depression,672
depression_rmt94u,depression,355
depression_rhxp3f,depression,693
depression_qyn1mc,depression,327
depression_r8qgn1,depression,705
depression_qvumc6,depression,423
depression_qups8c,depression,691
depression_qqwcar,depression,517
depression_rbs1t0,depression,357
depression_r7rn2c,depression,325
depression_qzu15y,depression,508
depression_quaqy8,depression,1200
depression_re83gz,depression,369
depression_r0wm20,depression,380
depression_rjcwhy,depression,304
depression_qxz5lk,depression,824
depression_qtejci,depression,577
depression_qq8mv2,depression,440
depression_r9zbc2,depression,349
depression_r2wb6n,depression,571
depression_r5k255,depression,632
depression_rdzfkv,depression,513
depression_r3v2ff,depression,855
depression_qzrvkr,depression,760
depression_r8lqji,depression,1964
depression_r0ijyo,depression,2756
depression_r6m0z3,depression,682
depression_rbqd0e,depression,440
depression_r3dkoq,depression,557
depression_rh5cig,depression,365
depression_rly8br,depression,307
depression_rbjhf6,depression,347
depression_r5e2fo,depression,526
depression_r0260s,depression,574
depression_r9km43,depression,446
depression_qpo8ym,depression,414
depression_rmbx2r,depression,369
depression_rl2e0y,depression,333
depression_rhrg25,depression,378
depression_qybr0h,depression,487
depression_rg9m35,depression,333
depression_rl1ag2,depression,319
depression_qx8fnt,depression,333
depression_r7sz9a,depression,335
depression_qqzhb1,depression,837
depression_rkxoc0,depression,323
depression_qqhgip,depression,331
depression_rdphny,depression,737
depression_qoj1m9,depression,350
depression_qvzkiw,depression,882
depression_r7xh5j,depression,627
depression_qu6xv4,depression,316
depression_quucai,depression,1436
depression_r3cb8l,depression,319
depression_r01lgj,depression,463
depression_r699rz,depression,340
depression_r06288,depression,427
depression_rlouwz,depression,345
depression_qp1848,depression,560
depression_r1dxfv,depression,326
depression_r2c91h,depression,527
depression_r0v309,depression,393
depression_rdy91d,depression,891
depression_qqek1s,depression,353
depression_rda2wp,depression,398
depression_rbejkr,depression,369
depression_qpkvg9,depression,508
depression_qofi77,depression,386
depression_ra4alr,depression,384
depression_r8frdh,depression,599
depression_r42mmo,depression,482
depression_r8u7r9,depression,441
depression_rf8ein,depression,371
depression_rax404,depression,420
depression_r2s1e3,depression,555
depression_rh5phk,depression,448
depression_riuwnk,depression,519
depression_qtdr0s,depression,307
depression_r8pfw1,depression,501
depression_qro104,depression,344
depression_r8ypkk,depression,360
depression_r7e3hr,depression,525
depression_rk4zfi,depression,483
depression_rc25xs,depression,650
depression_raov91,depression,335
depression_r8vq3d,depression,1264
depression_r947ub,depression,377
depression_qy01w7,depression,331
depression_r7pozs,depression,562
depression_r2huv0,depression,545
depression_qz8in5,depression,386
depression_qp9na3,depression,445
depression_r0x0px,depression,386
depression_rhis0s,depression,593
depression_qthk1y,depression,321
depression_r02d99,depression,386
depression_qz2x1r,depression,365
depression_qu9zp1,depression,669
depression_qv2ay3,depression,424
depression_r4yvko,depression,310
depression_r0ywtj,depression,433
depression_qz9l7r,depression,1446
depression_r5gmeh,depression,400
depression_rbsc3o,depression,650
depression_r4tj9z,depression,372
depression_qvacqi,depression,370
depression_r4rvf2,depression,330
depression_qyepho,depression,537
depression_qy0cf6,depression,748
depression_r5utti,depression,311
depression_rds4jv,depression,621
depression_qz6rxz,depression,1260
depression_rhpxdt,depression,461
depression_qqfvi0,depression,314
depression_rg5p7k,depression,505
depression_r3ap1i,depression,337
depression_rika2n,depression,476
depression_rcbydp,depression,418
depression_qq7eg7,depression,327
depression_r6x1vo,depression,322
depression_rj5xrr,depression,515
depression_qtsyrb,depression,806
depression_qvh7ok,depression,327
depression_rlxnws,depression,681
depression_qv4jja,depression,502
depression_qv7jwo,depression,383
depression_rg1x71,depression,630
depression_qsumb2,depression,386
depression_r9gz2a,depression,611
depression_qv5sjg,depression,458
depression_qscfd8,depression,505
depression_qqau12,depression,392
depression_r2j8wv,depression,481
depression_qzf2hy,depression,380
depression_r94dwc,depression,558
depression_rkpnfk,depression,494
depression_r0mo48,depression,322
depression_qtzv1g,depression,331
depression_rcwhew,depression,1849
depression_rd1c28,depression,520
depression_rlhcjz,depression,514
depression_r3ecbv,depression,437
depression_r5oqcf,depression,478
depression_rftz33,depression,338
depression_qthn4n,depression,639
depression_rlcmra,depression,1299
depression_qtqj75,depression,525
depression_rgu2lq,depression,503
depression_qxr29a,depression,401
depression_ra1ajv,depression,346
depression_r0h517,depression,402
depression_r782p3,depression,320
depression_r1nz7q,depression,633
depression_reg9uj,depression,815
depression_rdtmpa,depression,305
depression_qwu08k,depression,611
depression_rhiryv,depression,636
depression_quiw4q,depression,1489
depression_qoh6dh,depression,385
depression_qyvpqn,depression,313
depression_qxbrha,depression,484
depression_r116dn,depression,449
depression_qstolm,depression,441
depression_qtb9u9,depression,584
depression_r9bpjn,depression,408
depression_qv07za,depression,323
depression_qzeh5w,depression,436
depression_qr0fjy,depression,743
depression_qroswv,depression,374
depression_rgvw47,depression,617
depression_qu9426,depression,335
depression_r9odya,depression,378
depression_qsnp5z,depression,555
depression_qp3xfz,depression,397
depression_r80byr,depression,392
depression_rjnrxp,depression,543
depression_r3c3qb,depression,377
depression_qqvha2,depression,373
depression_rlavvd,depression,367
depression_qy72wk,depression,595
depression_qpnnr1,depression,319
depression_rec0x2,depression,402
depression_rm1hvx,depression,323
depression_qwgqmg,depression,347
depression_rau7cl,depression,445
depression_riz41z,depression,526
depression_rkszry,depression,660
depression_r67yqu,depression,375
depression_r0zol0,depression,365
depression_r5zkio,depression,389
depression_rjo39z,depression,858
depression_qwglgk,depression,392
depression_rbq3ux,depression,356
depression_qvhq62,depression,368
depression_rmsohc,depression,990
depression_rf0coq,depression,917
depression_qvfkbt,depression,399
depression_rhitne,depression,411
depression_qooq3c,depression,1293
depression_rexyh8,depression,466
depression_qu89dp,depression,369
depression_qrcg41,depression,372
depression_rmios5,depression,415
depression_qw1jja,depression,378
depression_r627w0,depression,544
depression_rj1ky7,depression,463
depression_r976w3,depression,349
depression_rgw3kg,depression,624
depression_rc7uhe,depression,427
depression_qv6q7k,depression,465
depression_r97zpp,depression,331
depression_qptjm3,depression,432
depression_rgm4z8,depression,350
depression_rb1p9c,depression,552
depression_rk5hya,depression,470
depression_rg4jfj,depression,904
depression_rldoq0,depression,316
depression_rm7x1p,depression,413
depression_re6yq3,depression,331
depression_rk26rj,depression,527
depression_r9oi2z,depression,342
depression_qzxzx8,depression,316
depression_r1n43n,depression,586
depression_qoun0o,depression,367
depression_qw6oh5,depression,581
depression_qubkh1,depression,913
depression_rdmq88,depression,429
depression_rjnqjs,depression,742
depression_r4pkvs,depression,640
depression_r5ghzp,depression,890
depression_r268bl,depression,394
depression_r7cr5z,depression,557
depression_qukyey,depression,361
depression_rct23l,depression,306
depression_rgjzqs,depression,358
depression_qylv7d,depression,1695
depression_qowv17,depression,398
depression_qzgjqh,depression,312
depression_r41gko,depression,328
depression_r5syxf,depression,393
depression_rbjxb8,depression,343
depression_qsaq5a,depression,732
depression_ridi1h,depression,462
depression_r7rffn,depression,671
depression_qr3aks,depression,445
depression_qvpg3h,depression,357
depression_rh4xey,depression,495
depression_reqxhd,depression,1235
depression_qpo2tw,depression,712
depression_qyeu2l,depression,1319
depression_rh620c,depression,535
depression_rewhfa,depression,506
depression_rakd0b,depression,341
depression_rfy1es,depression,788
depression_rc5euk,depression,741
depression_r69q3c,depression,525
depression_rjncru,depression,457
depression_r8a354,depression,425
depression_rb9aa6,depression,358
depression_r92gch,depression,423
depression_r1tpjm,depression,693
depression_qti5bd,depression,342
depression_qqkif0,depression,507
depression_rhbic9,depression,378
depression_r7nx0z,depression,324
depression_re9w26,depression,428
depression_r004q9,depression,1179
depression_qxz525,depression,520
depression_rfvdpn,depression,2083
depression_qoxtll,depression,379
depression_rkyh68,depression,619
depression_rkgc6g,depression,417
depression_r2x1xk,depression,627
depression_r01re3,depression,559
depression_rg8sgr,depression,310
depression_qunaax,depression,3106
depression_r9ywnd,depression,1553
depression_r58h7y,depression,330
depression_r85wg2,depression,467
depression_rj5qca,depression,826
depression_r6f1bb,depression,373
depression_rk9mbf,depression,392
depression_qp320a,depression,600
depression_qpuh4l,depression,1315
depression_r492mc,depression,306
depression_qv8926,depression,500
depression_qoevns,depression,1561
depression_r1webz,depression,514
depression_r9l61w,depression,518
depression_qsxmo7,depression,468
depression_r8awte,depression,409
depression_r8hfgg,depression,332
depression_rmxd58,depression,443
depression_qteuxn,depression,445
depression_qqj1cw,depression,415
depression_rhjwt9,depression,407
depression_rhh2xs,depression,310
depression_r8yd2a,depression,335
depression_rb31cm,depression,416
depression_qovvcz,depression,387
depression_r8dluw,depression,324
depression_rkfgmn,depression,680
depression_qrz62f,depression,1214
depression_rgxk54,depression,437
depression_r3nh84,depression,533
depression_qy10tf,depression,602
depression_qz1qbj,depression,405
depression_qq95cf,depression,619
depression_r66u7n,depression,350
depression_qz3zcq,depression,561
depression_r9tztn,depression,475
depression_qox00m,depression,775
depression_qzrskb,depression,367
depression_rjyyqb,depression,467
depression_qy5ka7,depression,667
depression_rayaxk,depression,622
depression_rczykm,depression,857
depression_qrowhn,depression,328
depression_rblis6,depression,412
depression_rjfcbb,depression,592
depression_qu93tp,depression,374
depression_qryqhm,depression,315
depression_rf6cdn,depression,319
depression_rl41b6,depression,484
depression_r5ydd1,depression,344
depression_r6vks1,depression,421
depression_rk0cuh,depression,692
depression_rf24lc,depression,497
depression_r4im4o,depression,324
depression_re0slk,depression,317
depression_qzez53,depression,449
depression_radig8,depression,357
depression_r00g7y,depression,322
depression_r4cofa,depression,426
depression_r00htq,depression,355
depression_reih6n,depression,2743
depression_qvnc7o,depression,509
depression_rjnqrx,depression,340
depression_rfjr6g,depression,335
depression_rbuuve,depression,323
depression_qua80j,depression,500
depression_qt3vl9,depression,406
depression_qwj7bl,depression,339
depression_qu8g7y,depression,462
depression_r7oitb,depression,491
depression_r5dpxw,depression,571
depression_qr1ib0,depression,539
depression_qykgqa,depression,1475
depression_rah7ly,depression,318
depression_rk82wk,depression,351
depression_qw44eo,depression,332
depression_qxybve,depression,636
depression_rf22e1,depression,358
depression_raxsw0,depression,635
depression_qy7bfg,depression,526
depression_r7zqyc,depression,768
depression_qss70c,depression,650
depression_rbc8ic,depression,444
depression_rhepvi,depression,431
depression_qua8bo,depression,424
depression_qpluob,depression,339
depression_rlacun,depression,722
depression_rmdgbl,depression,328
depression_qrbg2k,depression,527
depression_qp4zc7,depression,940
depression_rkf7h1,depression,361
depression_r18or0,depression,465
depression_qqdv6n,depression,725
depression_qyovzs,depression,787
depression_qqditm,depression,472
depression_qwier8,depression,859
depression_rjulm4,depression,482
depression_r9fkjm,depression,329
depression_rhhr43,depression,497
depression_r2s2j6,depression,442
depression_qvugda,depression,382
depression_qppenm,depression,500
depression_qv2ubh,depression,469
depression_r8in8e,depression,430
depression_r7a2ya,depression,517
depression_rghdpg,depression,655
depression_qp1yla,depression,423
depression_rc14cz,depression,477
depression_qsrid3,depression,418
depression_qpv2sd,depression,358
depression_qx1zhn,depression,363
depression_qqb3iz,depression,575
depression_qztjtf,depression,588
depression_r5hyrm,depression,330
depression_rebokp,depression,369
depression_rfw8cy,depression,371
depression_rgrqgu,depression,1859
depression_r2gndb,depression,370
depression_qs3xq1,depression,342
depression_qx7vb2,depression,308
depression_r7owfu,depression,431
depression_qzhtjg,depression,521
depression_r5wwxr,depression,740
depression_qpxm76,depression,388
depression_r4boio,depression,676
depression_qp5iou,depression,2489
depression_r32d93,depression,331
depression_rgvk3s,depression,478
depression_qp2qe1,depression,501
depression_rh0ecv,depression,2214
depression_qvutq8,depression,710
depression_qpqb0s,depression,407
depression_qsnaeq,depression,462
depression_rjskun,depression,528
depression_rmwtu0,depression,950
depression_rjqbsd,depression,345
depression_rapu6s,depression,369
depression_ri2ati,depression,559
depression_r1e24o,depression,367
depression_qy6vbb,depression,382
depression_ra8npk,depression,445
depression_ri3c9r,depression,359
depression_r75466,depression,397
depression_r6ql7q,depression,500
depression_r0dnok,depression,467
depression_rka726,depression,372
depression_qqmn7k,depression,576
depression_rcciwf,depression,428
depression_qp8lc6,depression,316
depression_qvvqu9,depression,350
depression_qq5f3x,depression,444
depression_r24e1i,depression,692
depression_rc8stb,depression,319
depression_rka57a,depression,455
depression_qslwdi,depression,430
depression_rcr56c,depression,2314
depression_riwexc,depression,332
depression_r9g24d,depression,538
depression_r8a7st,depression,322
depression_qsvk6r,depression,377
depression_qspdw9,depression,722
depression_rf6wir,depression,401
depression_rgw97e,depression,455
depression_r3gjdb,depression,348
depression_rha3jt,depression,378
depression_qxz8u7,depression,771
depression_r2ubga,depression,827
depression_rmo6oe,depression,310
depression_qqbjt8,depression,1233
depression_r9jylc,depression,418
depression_r5v73s,depression,711
depression_rjfmv6,depression,467
depression_reocq1,depression,384
depression_rc06qp,depression,316
depression_rdibsp,depression,1271
depression_rbjkl9,depression,386
depression_qx2teo,depression,456
depression_r2ej1s,depression,321
depression_qrlddi,depression,328
depression_r73qti,depression,330
depression_rn0mb8,depression,391
depression_r2m23d,depression,345
depression_qti2rx,depression,490
depression_re7l4g,depression,316
depression_rgyl35,depression,560
depression_rn0686,depression,356
depression_rix966,depression,386
depression_qys00p,depression,455
depression_rcfan2,depression,499
depression_risysp,depression,507
depression_rmekav,depression,545
depression_rcjqq1,depression,330
depression_ridjlx,depression,1217
depression_r644j9,depression,473
depression_r2w451,depression,471
depression_rkboa9,depression,422
depression_r1ubiq,depression,529
depression_qs78b5,depression,588
depression_qufxio,depression,1127
depression_r5eowy,depression,591
depression_r7ge3i,depression,406
depression_rekl53,depression,526
depression_r77605,depression,1658
depression_r3ov5h,depression,311
depression_qy310j,depression,332
depression_qwin7d,depression,389
depression_qqy7sc,depression,415
depression_rbscvm,depression,359
depression_qojlew,depression,544
depression_qosz8a,depression,1058
depression_rak4vo,depression,521
depression_repvjt,depression,397
depression_qqdc7f,depression,679
depression_rfvnsl,depression,320
depression_qsdg7r,depression,341
depression_qs7ijb,depression,349
depression_rh3ewr,depression,1397
depression_qsjboc,depression,313
depression_rel5jw,depression,323
depression_qxxchc,depression,801
depression_rgzpnw,depression,549
depression_rhk1rm,depression,1206
depression_r9vstd,depression,343
depression_qsed0o,depression,475
depression_qoqjcu,depression,898
depression_reziz7,depression,449
depression_rcarl4,depression,316
depression_rbm8yr,depression,533
depression_qovvbx,depression,1269
depression_rfzpdq,depression,317
depression_qwpet3,depression,503
depression_qyhtfx,depression,350
depression_r48a8q,depression,315
depression_r2a6i7,depression,750
depression_quotym,depression,326
depression_qs1nbj,depression,802
depression_riu9v8,depression,451
depression_qr38m8,depression,656
depression_qwzgl1,depression,533
depression_qp1qrb,depression,365
depression_r1vnqy,depression,503
depression_rlrts3,depression,368
depression_rff3hv,depression,471
depression_rbtvrv,depression,438
depression_rmo7t5,depression,326
depression_rj4ct6,depression,586
depression_qvty16,depression,347
depression_rk788c,depression,380
depression_rcns3h,depression,370
depression_r7rckj,depression,409
depression_r37nz2,depression,769
depression_r3zz9u,depression,320
depression_rlc1b9,depression,433
depression_qrauxy,depression,324
depression_rhtgt8,depression,452
depression_r57yap,depression,358
depression_r04dts,depression,348
depression_qvqjyj,depression,310
depression_r40fps,depression,1441
depression_qodpsj,depression,346
depression_rb1m9m,depression,333
depression_r4lzz5,depression,336
depression_qxc02v,depression,320
depression_qq6hcu,depression,497
depression_qwzj3k,depression,798
depression_qysitl,depression,515
depression_r2r1d4,depression,365
depression_rdcjdv,depression,375
depression_rhsvci,depression,737
depression_rd9gj4,depression,750
depression_qrw4h3,depression,389
depression_rg21m9,depression,441
depression_qus1ay,depression,508
depression_qutux2,depression,496
depression_rb8rek,depression,532
depression_rn0p89,depression,838
depression_rn0205,depression,318
depression_r1cv3p,depression,331
depression_rh5aef,depression,584
depression_qy7xl4,depression,1020
depression_r0ag9r,depression,366
depression_raf2pj,depression,1677
depression_rg02zw,depression,537
depression_qorkwm,depression,515
depression_rj17j0,depression,435
depression_rlkbdd,depression,318
depression_r4o4qq,depression,448
depression_rmmoha,depression,1210
depression_qqd3q2,depression,1906
depression_rcu8f1,depression,316
depression_qql1oq,depression,457
depression_rm1ept,depression,340
depression_rawwls,depression,326
depression_rh94nx,depression,359
depression_r9ilb3,depression,322
depression_rb6ikn,depression,587
depression_rmzu0j,depression,577
depression_r7x5gp,depression,603
depression_rgp454,depression,423
depression_rm812v,depression,1507
depression_qpime4,depression,453
depression_rkxxj8,depression,353
depression_rgcw4n,depression,330
depression_rigm3p,depression,1420
depression_rj2a65,depression,886
depression_r0lug0,depression,1099
depression_r2uqhu,depression,539
depression_r85mkf,depression,1901
depression_qxjbbw,depression,386
depression_qtv0xm,depression,343
depression_rcwdcp,depression,390
depression_ripyjy,depression,403
depression_rau2tr,depression,730
depression_qwcut9,depression,768
depression_rcpa69,depression,340
depression_qwcbmy,depression,420
depression_rbjox9,depression,1160
depression_r01pha,depression,835
depression_qzyp8j,depression,1144
depression_rlwu6v,depression,668
depression_r0g2yl,depression,583
depression_rl60gp,depression,440
depression_rae7qo,depression,311
depression_rhle1r,depression,327
depression_r395bu,depression,579
depression_rg51ek,depression,465
depression_qs32rn,depression,565
depression_r2abw4,depression,312
depression_r726q1,depression,397
depression_qq7y1z,depression,470
depression_rkv48a,depression,822
depression_rmdbdy,depression,484
depression_rkh5tg,depression,597
depression_rja86m,depression,382
depression_rm598i,depression,383
depression_rchjo1,depression,431
depression_rlr2zz,depression,411
depression_r2va2f,depression,341
depression_qs2u6f,depression,1594
depression_rjn8ew,depression,1212
depression_rkbdlr,depression,348
depression_r63ks5,depression,353
depression_r80njp,depression,324
depression_rkf5tx,depression,514
depression_rlhzyr,depression,425
depression_qvt4u4,depression,335
depression_rckoos,depression,398
depression_qv024n,depression,321
depression_r4o4ge,depression,319
depression_rju17k,depression,646
depression_riasfm,depression,861
depression_rejpax,depression,330
depression_qvyywt,depression,701
depression_r6wgrr,depression,410
depression_r1f9xi,depression,496
depression_rl3lyu,depression,327
depression_qoqwkd,depression,357
depression_r97sg4,depression,331
depression_qzuylx,depression,511
depression_rl1ael,depression,340
depression_rerc4z,depression,463
depression_rlnu6z,depression,374
depression_qrg213,depression,516
depression_qtc86o,depression,317
depression_r5qoe1,depression,1002
depression_qof010,depression,355
depression_qtvat3,depression,326
depression_quk5ct,depression,315
depression_r8rznd,depression,316
depression_r4i307,depression,650
depression_rflnl7,depression,377
depression_rilhms,depression,308
depression_qwdxwl,depression,456
depression_rhw1ol,depression,384
depression_r1vjp1,depression,432
depression_rkr357,depression,485
depression_quulnz,depression,461
depression_ra4sw3,depression,662
depression_ria6k9,depression,1053
depression_qxb0kp,depression,330
depression_qodair,depression,387
depression_rl536z,depression,450
depression_rmg8gx,depression,335
depression_qupl0h,depression,931
depression_qtwfz8,depression,722
depression_regkck,depression,1282
depression_r9j24g,depression,471
depression_r02fyb,depression,345
depression_qpcc10,depression,794
depression_rn0zun,depression,338
depression_qyqwrz,depression,409
depression_r2hyk1,depression,699
depression_r2g0ad,depression,411
depression_rlfqrw,depression,321
depression_qxspok,depression,325
depression_ra26df,depression,501
depression_qxbn9x,depression,313
depression_r3jg2y,depression,2222
depression_r8n9ei,depression,2326
depression_r1d64e,depression,502
depression_r06e9r,depression,351
depression_qv6445,depression,323
depression_qwm83y,depression,735
depression_rf8f5z,depression,346
depression_qsr34e,depression,494
depression_r0176g,depression,675
depression_qycorl,depression,394
depression_rkz73c,depression,381
depression_r9wt3a,depression,1859
depression_qs21ud,depression,838
depression_r7jqiq,depression,560
depression_rlvjae,depression,410
depression_r6yd3d,depression,359
depression_qz4m8i,depression,441
depression_riwnyw,depression,342
depression_rk6tec,depression,363
depression_r2sag3,depression,445
depression_rfxrxe,depression,403
depression_qy1oa0,depression,374
depression_r1piur,depression,377
depression_qqvscz,depression,321
depression_qwj28t,depression,347
depression_quw34t,depression,444
depression_r0bhr4,depression,406
depression_rmyc6x,depression,589
depression_regcag,depression,525
depression_r9nn1q,depression,371
depression_ri5adx,depression,323
depression_r6dxwy,depression,372
depression_rfk0i1,depression,1111
depression_r5xsyv,depression,350
depression_r5mowp,depression,1145
depression_qt9x6a,depression,483
depression_r0wrkw,depression,410
depression_reakei,depression,360
depression_r0bit4,depression,447
depression_r161kb,depression,327
depression_r554jw,depression,416
depression_rdiy8j,depression,369
depression_r97nbn,depression,577
depression_qqeyz6,depression,415
depression_r6oys9,depression,474
depression_r9aygy,depression,3314
depression_rcmb23,depression,821
depression_r9sn7e,depression,862
depression_qty62o,depression,525
depression_qqubqh,depression,492
depression_r1nxbx,depression,345
depression_r3tjcj,depression,395
depression_rfxz22,depression,544
depression_radqaz,depression,471
depression_qoa46y,depression,502
depression_rg6yqt,depression,913
depression_r4yxce,depression,312
depression_r8bioy,depression,434
depression_r98ja2,depression,342
depression_r3rl3m,depression,507
depression_r4w9zx,depression,2335
depression_qvwxkb,depression,3540
depression_qwpgsa,depression,433
depression_qvy0nz,depression,354
depression_qwjj4e,depression,689
depression_qtgblr,depression,474
depression_qswg69,depression,327
depression_r6azg4,depression,371
depression_rli8qg,depression,1693
depression_r0zvwp,depression,349
depression_r7p6yh,depression,311
depression_qtbml9,depression,327
depression_ra8tqf,depression,314
depression_qvuqfa,depression,406
depression_rlxoyn,depression,525
depression_rkeys9,depression,1472
depression_r1qthv,depression,668
depression_r5ghyk,depression,329
depression_qtlai6,depression,1392
depression_r7kzr4,depression,325
depression_rdffns,depression,882
depression_qrxpm8,depression,427
depression_rgjktj,depression,366
depression_rfmr2c,depression,669
depression_r3ykm2,depression,310
depression_r66o93,depression,413
depression_r7hbmy,depression,319
depression_qozp1g,depression,572
depression_re1ktv,depression,1774
depression_qx0o9a,depression,762
depression_qye81x,depression,336
depression_rao6jp,depression,317
depression_rjpl45,depression,579
depression_r1kb5v,depression,1520
depression_rmewfs,depression,843
depression_r9k6gx,depression,326
depression_rl86ox,depression,439
depression_qp446v,depression,435
depression_r0ft88,depression,486
depression_r6lg9d,depression,753
depression_qz5rw8,depression,486
depression_r2omvo,depression,975
depression_r1gdc7,depression,437
depression_qz0i6u,depression,318
depression_qoxsbw,depression,687
depression_rdnh9b,depression,345
depression_rgoorc,depression,337
depression_r0oveq,depression,511
depression_rmllpj,depression,328
depression_r07wef,depression,673
depression_qzq9zv,depression,560
depression_qqzqeb,depression,395
depression_r59j8b,depression,565
depression_rjrj3g,depression,346
depression_qy89ia,depression,656
depression_r0ln3w,depression,397
depression_r5wcs7,depression,349
depression_rdtd4w,depression,577
depression_r57x61,depression,380
depression_r2ljq3,depression,390
depression_r3t1oc,depression,1218
depression_rbql1x,depression,427
depression_r90c0t,depression,375
depression_ralizi,depression,576
depression_rilpe0,depression,309
depression_r99m7q,depression,1565
depression_qofmtg,depression,343
depression_qub1be,depression,369
depression_r1g7ck,depression,454
depression_qx14zn,depression,427
depression_qxzt0k,depression,328
depression_qudihz,depression,1750
depression_r5frpl,depression,444
depression_r0c1np,depression,403
depression_r382yy,depression,631
depression_rkx51r,depression,308
depression_qvryj5,depression,321
depression_rc1y48,depression,340
depression_r167my,depression,518
depression_r0ze1n,depression,378
depression_r67xki,depression,356
depression_r58yqu,depression,626
depression_r3fyev,depression,513
depression_qz5h00,depression,551
depression_quupn4,depression,405
depression_qxj4f5,depression,430
depression_r6b6kf,depression,406
depression_qtu3id,depression,474
depression_r712fe,depression,450
depression_r990m0,depression,727
depression_r9ixip,depression,332
depression_refety,depression,356
depression_rhxu61,depression,317
depression_rllwyw,depression,404
depression_qu0u6u,depression,602
depression_rekqwn,depression,308
depression_rfcghl,depression,771
depression_rjo140,depression,1050
depression_r3mvd2,depression,306
depression_qskvll,depression,595
depression_qy9vlm,depression,345
depression_qyokib,depression,335
depression_rbm1oz,depression,416
depression_rlwg86,depression,469
depression_r6ne9j,depression,465
depression_qwl7xr,depression,342
depression_qq0gud,depression,331
depression_rhprte,depression,717
depression_rmfim3,depression,349
depression_qw4tvb,depression,423
depression_raj7ag,depression,367
depression_qpuyas,depression,469
depression_qxknwh,depression,377
depression_r4q0cv,depression,1011
depression_qv99t1,depression,327
depression_r97ony,depression,350
depression_rjid5p,depression,316
depression_r5pz4d,depression,318
depression_reeumf,depression,604
depression_ra3m3t,depression,439
depression_r8td0m,depression,331
depression_qr8mfz,depression,433
depression_quvcid,depression,1166
depression_r9bfjh,depression,572
depression_rf5hm3,depression,619
depression_r2kcc8,depression,683
depression_r7jqrr,depression,352
depression_qrafpu,depression,304
depression_rbbu51,depression,375
depression_rksk1d,depression,425
depression_rf30kc,depression,363
depression_qpi1pd,depression,442
depression_r4xcuj,depression,380
depression_rbjo7e,depression,332
depression_qpe0mm,depression,362
depression_rl8wxm,depression,334
depression_r71qzd,depression,517
depression_qw0vld,depression,347
depression_qpenud,depression,686
depression_r8yo4x,depression,505
depression_rdp613,depression,702
depression_qzcx9e,depression,599
depression_qyieso,depression,395
depression_rmxcrj,depression,318
depression_rfbtnr,depression,366
depression_rhiyb6,depression,507
depression_r37tj1,depression,410
depression_r0noww,depression,749
depression_qsbn0o,depression,1541
depression_r9vw4z,depression,658
depression_qubaq9,depression,335
depression_qq3d8i,depression,379
depression_r9vzcc,depression,361
depression_r70bx5,depression,511
depression_rjx2px,depression,559
depression_r65s9i,depression,931
depression_qv7x33,depression,341
depression_ri4sj6,depression,393
depression_rgpx6r,depression,704
depression_qq080l,depression,344
depression_r3nnws,depression,379
depression_rczzwr,depression,312
depression_qy4wxc,depression,372
depression_r42acp,depression,600
depression_r8pagd,depression,475
depression_qsb5v6,depression,524
depression_r8s6gg,depression,613
depression_qzv7m5,depression,453
depression_r0geb0,depression,769
depression_qx25wc,depression,376
depression_qohhqx,depression,461
depression_rcwyyo,depression,332
depression_rmpmyd,depression,360
depression_rg7q37,depression,446
depression_qzcdim,depression,335
depression_qyq5nk,depression,361
depression_qtm1kp,depression,361
depression_rgmw63,depression,323
depression_rewgdo,depression,685
depression_re2ios,depression,375
depression_rizlb1,depression,419
depression_r5wer9,depression,302
depression_r03x06,depression,436
depression_quzwki,depression,326
depression_r46zue,depression,469
depression_qp18ot,depression,399
depression_rl5xfz,depression,478
depression_r490zd,depression,411
depression_r33td5,depression,609
depression_r2oyb5,depression,533
depression_qv3gcl,depression,357
depression_qys072,depression,811
depression_r9t53i,depression,377
depression_qrfg7y,depression,331
depression_r4e73y,depression,391
depression_rk29jv,depression,747
depression_r2k9zq,depression,322
depression_qsuuxh,depression,1346
depression_qoaoal,depression,656
depression_r87xwv,depression,455
depression_rbt7fe,depression,2879
depression_r9pgee,depression,409
depression_r0bg77,depression,361
depression_qz222e,depression,783
depression_qtxdgt,depression,754
depression_qzraj7,depression,376
depression_rdvm5x,depression,688
depression_rc8kvb,depression,565
depression_r1po29,depression,363
depression_r28xdi,depression,351
depression_r7xrg5,depression,345
depression_rd3xtu,depression,561
depression_razda2,depression,320
depression_qwx6c2,depression,864
depression_qrhsls,depression,327
depression_r1je5v,depression,312
depression_r87wgt,depression,833
depression_rkr8yz,depression,346
depression_r97g8v,depression,313
depression_qth8fl,depression,372
depression_r2ve2m,depression,345
depression_r7f6dk,depression,523
depression_rkogro,depression,531
depression_ramhht,depression,904
depression_qpj8an,depression,696
depression_ray16q,depression,385
depression_rfzalu,depression,485
depression_rhvu3y,depression,380
depression_ramk5p,depression,336
depression_r5fmlq,depression,661
depression_r7lve1,depression,543
depression_r6qm1w,depression,325
depression_rm8cj4,depression,614
depression_qxto42,depression,307
depression_qt2xim,depression,1092
depression_r4h894,depression,305
depression_r6gwwc,depression,439
depression_r8l9vh,depression,717
depression_r06r0o,depression,437
depression_qoa17x,depression,330
depression_rn073g,depression,349
depression_r4ay93,depression,413
depression_qsj54f,depression,339
depression_rhygkz,depression,677
depression_qvb1vt,depression,404
depression_qpvdte,depression,1408
depression_rel28t,depression,370
depression_r4banc,depression,525
depression_r30b85,depression,769
depression_r7cesu,depression,1149
depression_qrgd5i,depression,320
depression_rh8zxk,depression,380
depression_qxxqye,depression,319
depression_qvj0eh,depression,330
depression_rh4ast,depression,372
depression_rk463w,depression,472
depression_r1l2wk,depression,347
depression_r0bdd6,depression,452
depression_rbzns5,depression,910
depression_rm7b2a,depression,439
depression_qr2pw8,depression,437
depression_r9ds1m,depression,373
depression_r7dmgk,depression,389
depression_qxp78c,depression,665
depression_r2ae71,depression,700
depression_r16v9u,depression,906
depression_re4vls,depression,445
depression_r4w3wo,depression,349
depression_rao4lv,depression,392
depression_rf8zl5,depression,305
depression_rd4a4s,depression,309
depression_rgz0od,depression,338
depression_rmsi8o,depression,417
depression_r9y12k,depression,510
depression_rmfu81,depression,365
depression_r618e6,depression,2353
depression_r7herx,depression,1274
depression_qrehfy,depression,335
depression_rf7bvj,depression,354
depression_r5pysn,depression,331
depression_rcndmk,depression,545
depression_r8tn8r,depression,526
depression_r391j7,depression,362
depression_r0jl8g,depression,357
depression_ribtom,depression,395
depression_qwsdf0,depression,378
depression_r21gdj,depression,398
depression_r8b6br,depression,406
depression_qsd1bc,depression,342
depression_rdtopc,depression,778
depression_rk28dv,depression,372
depression_r53vr1,depression,342
depression_r6ya6u,depression,410
depression_qyqj7e,depression,711
depression_rb5igy,depression,814
depression_r9xkuy,depression,449
depression_qvh300,depression,306
depression_rc1p29,depression,353
depression_qpj5yt,depression,692
depression_rmsxc1,depression,1943
depression_rkfpvn,depression,4219
depression_qy66gm,depression,381
depression_qzbzf4,depression,488
depression_qotw11,depression,333
depression_r5j97c,depression,346
depression_r4p2yn,depression,592
depression_qovcx5,depression,319
depression_rjinel,depression,709
depression_r1rzka,depression,324
depression_r4gohs,depression,452
depression_qoyzxk,depression,331
depression_qpghbn,depression,413
depression_rbjhmv,depression,446
depression_rjnlqv,depression,432
depression_rh9eua,depression,892
depression_rdpwa0,depression,595
depression_qtejm1,depression,430
depression_qrrvsx,depression,353
depression_qp1jqn,depression,550
depression_qu9x25,depression,1271
depression_rczxd7,depression,437
depression_qoh6jm,depression,1085
depression_r36fc0,depression,391
depression_re1558,depression,576
depression_rjz6u4,depression,385
depression_qzycjb,depression,572
depression_r0m047,depression,698
depression_rmt2xn,depression,315
depression_r32szu,depression,411
depression_qosknu,depression,313
depression_rcfyjf,depression,365
depression_ral25e,depression,320
depression_queht4,depression,769
depression_r41c8d,depression,433
depression_qtyo41,depression,643
depression_qv8yp5,depression,351
depression_r548du,depression,383
depression_qpk9rp,depression,359
depression_rhjf7h,depression,511
depression_r80drn,depression,413
depression_quehlb,depression,654
depression_riw1eu,depression,328
depression_rmnca9,depression,611
depression_qrzaba,depression,466
depression_repqln,depression,1181
depression_qp1bho,depression,451
depression_qx9sef,depression,337
depression_risxug,depression,377
depression_rmeyee,depression,394
depression_r91dzm,depression,399
depression_r3jnij,depression,352
depression_qx4pvi,depression,827
depression_re5c36,depression,325
depression_qtgik5,depression,1090
depression_qoujh5,depression,549
depression_r9x9ub,depression,448
depression_qqiuvu,depression,368
depression_rawplu,depression,568
depression_qszcuo,depression,974
depression_r07t9f,depression,328
depression_r1eq5n,depression,638
depression_qwtx65,depression,365
depression_quy59s,depression,361
depression_qow22k,depression,482
depression_qyxkx3,depression,467
depression_qqze83,depression,559
depression_r7z206,depression,380
depression_rjwrv3,depression,467
depression_r55ija,depression,345
depression_r0sfm8,depression,676
depression_r7me7q,depression,442
depression_qtmwvy,depression,1123
depression_r6gh9l,depression,410
depression_r5vpg9,depression,412
depression_rk39i0,depression,1019
depression_qqo6oh,depression,377
depression_qrvpab,depression,438
depression_rd78o8,depression,583
depression_r1v5an,depression,723
depression_qzu7uf,depression,529
depression_qtykfm,depression,381
depression_rkzlb0,depression,495
depression_qwabgc,depression,396
depression_qwbt6b,depression,519
depression_rbqx8x,depression,425
depression_qs0rjo,depression,326
depression_r1pgdy,depression,457
depression_rm2ji7,depression,827
depression_rk3oeu,depression,341
depression_rf8otq,depression,1554
depression_qp2xo4,depression,561
depression_rj8g0a,depression,443
depression_qppj6n,depression,328
depression_r26564,depression,335
depression_qsa8f7,depression,494
depression_rmys4z,depression,525
depression_r42bk7,depression,335
depression_qrf4mn,depression,368
depression_r39ppr,depression,348
depression_refysr,depression,1002
depression_ri5q7f,depression,471
depression_qyez52,depression,755
depression_r65ea4,depression,953
depression_qsmuz6,depression,584
depression_r6f6xh,depression,661
depression_qtwlg1,depression,393
depression_qpuxtq,depression,365
depression_rb8dca,depression,592
depression_rgke4t,depression,414
depression_qtb70o,depression,744
depression_ri12so,depression,380
depression_qylx1w,depression,888
depression_qweus7,depression,328
depression_rk3vzu,depression,405
depression_re3s0e,depression,357
depression_rawm0b,depression,418
depression_qoi4ce,depression,558
depression_qpxyey,depression,320
depression_rcc2ia,depression,471
depression_r5j81o,depression,359
depression_rduc5l,depression,1243
depression_qr4ss3,depression,320
depression_r10co7,depression,601
depression_rk6q7f,depression,421
depression_qs7vwm,depression,348
depression_qp65si,depression,835
depression_rf8owm,depression,375
depression_r56ia4,depression,355
depression_qq2mhp,depression,374
depression_rakh1z,depression,400
depression_qxtxev,depression,317
depression_re9keq,depression,374
depression_qy4qk6,depression,399
depression_rjluzl,depression,330
depression_r1mwms,depression,672
depression_r053lm,depression,1039
depression_rbia1a,depression,1175
depression_rk7w3z,depression,862
depression_r90118,depression,318
depression_quv3ru,depression,798
depression_r4oz3e,depression,416
depression_rje0k8,depression,308
depression_qt6x9e,depression,567
depression_r6c3eu,depression,479
depression_rhlnpi,depression,2519
depression_rhfvyt,depression,618
depression_qqy9qx,depression,403
depression_rf8zcj,depression,438
depression_rkllnx,depression,366
depression_r0exeg,depression,485
depression_rjbaef,depression,380
depression_qvuw8u,depression,698
depression_r7comt,depression,334
depression_ribgpt,depression,756
depression_qweh3p,depression,509
depression_qpm74j,depression,344
depression_qpz4mp,depression,301
depression_r1i4hh,depression,401
depression_qwjfvk,depression,444
depression_rfpd7e,depression,738
depression_qs5qw1,depression,528
depression_r6xxan,depression,305
depression_qtzqsr,depression,544
depression_rizgl9,depression,625
depression_raveex,depression,728
depression_rn0tng,depression,409
depression_rkutff,depression,315
depression_r9rtrq,depression,393
depression_qpfjau,depression,450
depression_r57zws,depression,408
depression_qstcz7,depression,379
depression_qt27zi,depression,1404
depression_qsaalz,depression,474
depression_qwyjgx,depression,474
depression_qwz170,depression,539
depression_quv82j,depression,346
depression_qz3w4t,depression,482
depression_qr7c85,depression,523
depression_ren7sn,depression,386
depression_qv22bl,depression,528
depression_r1ukxa,depression,315
depression_qzsqua,depression,393
depression_qq9vuc,depression,325
depression_qt8nv2,depression,546
depression_qx5r0i,depression,532
depression_rahwau,depression,943
depression_qqotfk,depression,605
depression_qzs8ia,depression,1372
depression_qryaen,depression,688
depression_rh1b6r,depression,418
depression_rapvnt,depression,409
depression_qwhein,depression,420
depression_qvpgz4,depression,368
depression_r9nd7a,depression,328
depression_qxh776,depression,650
depression_qz8yik,depression,676
depression_r4ukzx,depression,331
depression_rb2k2g,depression,1014
depression_rb17t2,depression,625
depression_qyt5dp,depression,685
depression_qx3561,depression,411
depression_qwzav7,depression,380
depression_qzuyj3,depression,351
depression_qp00yp,depression,326
depression_qztizw,depression,410
depression_qve0ua,depression,331
depression_qxu322,depression,333
depression_quwypd,depression,469
depression_qshpd2,depression,360
depression_qy2qvz,depression,399
depression_qp78sy,depression,1000
depression_qpn0fj,depression,370
depression_qsvtsd,depression,336
depression_qqforg,depression,455
depression_r81ocz,depression,413
depression_rat07a,depression,339
depression_r46v40,depression,526
depression_qqkntx,depression,337
depression_rc9hcm,depression,499
depression_r9z7jh,depression,368
depression_rbuzvr,depression,414
depression_r2f4cz,depression,466
depression_qzjs7p,depression,356
depression_r0ur8a,depression,342
depression_rcvr3e,depression,565
depression_r3a8rc,depression,475
depression_rcle22,depression,361
depression_r0m0go,depression,548
depression_qs764o,depression,337
depression_r91vsu,depression,376
depression_qqed1g,depression,764
depression_qwiugg,depression,475
depression_rdx5zl,depression,1006
depression_rl4mkz,depression,475
depression_r40uwk,depression,310
depression_rc6qkp,depression,485
depression_qznqnw,depression,532
depression_r94fyh,depression,396
depression_r6t5ty,depression,350
depression_qtvkij,depression,889
depression_qrfcpv,depression,416
depression_qvmunh,depression,380
depression_r67rxi,depression,308
depression_qu6zmn,depression,590
depression_r3o8rc,depression,312
depression_rj9bxd,depression,384
depression_rfg253,depression,740
depression_r82ggu,depression,389
depression_r6o8of,depression,473
depression_rfay3t,depression,380
depression_r8q12k,depression,759
depression_qqk5h4,depression,573
depression_qzzc6s,depression,428
depression_r3w00h,depression,389
depression_rav3uy,depression,409
depression_qpqxl2,depression,445
depression_rbex3k,depression,1429
depression_r53yqz,depression,1700
depression_qu96wc,depression,379
depression_r9fekx,depression,517
depression_r9yiqd,depression,456
depression_rl3byj,depression,511
depression_r7wzy7,depression,413
depression_qqpr08,depression,356
depression_qtw08d,depression,694
depression_rf7q9z,depression,527
depression_rdiuh1,depression,340
depression_r33lm8,depression,319
depression_r3bzmz,depression,561
depression_r5i8fd,depression,366
depression_r8hxp7,depression,450
depression_rjc3n2,depression,745
depression_rkdryq,depression,604
depression_r3e06q,depression,462
depression_rme3dh,depression,346
depression_r41lqd,depression,780
depression_risoqm,depression,350
depression_qv630r,depression,442
depression_rfvdgp,depression,568
depression_rhiipf,depression,589
depression_rf2n0t,depression,517
depression_qrtgof,depression,527
depression_rfgkkg,depression,439
depression_rbmxn0,depression,530
depression_qv0q09,depression,332
depression_r1d4b7,depression,472
depression_r2uoeb,depression,319
depression_qve707,depression,338
depression_rar6ig,depression,419
depression_r1i5o6,depression,388
depression_qxxa48,depression,323
depression_rcxju2,depression,385
depression_rltwn6,depression,344
depression_rmu0jx,depression,1601
depression_r0wbv1,depression,450
depression_r38cn0,depression,1022
depression_rdss7z,depression,451
depression_rfuyia,depression,683
depression_rjkexi,depression,1437
depression_r8rpug,depression,330
depression_rj0530,depression,2412
depression_r87l0q,depression,440
depression_r30vps,depression,314
depression_r6flrk,depression,322
depression_rgooy0,depression,744
depression_qqd7ip,depression,491
depression_r9ht4j,depression,808
depression_qqtpf5,depression,417
depression_rhd71z,depression,393
depression_qr9wnx,depression,381
depression_r41ype,depression,543
depression_qzd2ya,depression,904
depression_qqq7op,depression,575
depression_qvki3r,depression,482
depression_ref68y,depression,315
depression_qobqz7,depression,489
depression_r7oz8u,depression,435
depression_rhvjyc,depression,441
depression_r4eqv4,depression,338
depression_rjc2q5,depression,339
depression_rjvaj2,depression,376
depression_qu6f4k,depression,787
depression_r9bf03,depression,1202
depression_rf8owq,depression,314
depression_r9pjlz,depression,566
depression_qvc67b,depression,562
depression_qpypkt,depression,584
depression_r1x9jw,depression,381
depression_rc5wu4,depression,418
depression_qwwm48,depression,380
depression_r40kse,depression,381
depression_r3y26b,depression,764
depression_qwxs48,depression,399
depression_qu0vf0,depression,316
depression_r2hqo3,depression,475
depression_rj9yox,depression,327
depression_rmg7og,depression,333
depression_r8k4jq,depression,326
depression_rd8q07,depression,315
depression_qw1paz,depression,578
depression_qvqbwv,depression,1201
depression_qoslnn,depression,344
depression_qx8zlv,depression,454
depression_rl7efp,depression,683
depression_qxyc71,depression,339
depression_r649ur,depression,345
depression_rc6ib9,depression,320
depression_qxu7ft,depression,323
depression_r8jq2f,depression,400
depression_rieirt,depression,326
depression_rmuwiz,depression,599
depression_rh350u,depression,1438
depression_rbk6f8,depression,308
depression_rflnr2,depression,724
depression_qz1g20,depression,483
depression_rjst00,depression,741
depression_r78h18,depression,307
depression_rmq67p,depression,730
depression_ras2jy,depression,310
depression_qp579n,depression,383
depression_qv7ukd,depression,359
depression_r1hqrl,depression,329
depression_quxvi2,depression,351
depression_r7ejpq,depression,496
depression_qzi7oa,depression,332
depression_qtzns7,depression,367
depression_rc77oa,depression,422
depression_qp10sa,depression,811
depression_r9xdl1,depression,381
depression_r55g1y,depression,378
depression_rjiyo6,depression,418
depression_qpqxdd,depression,394
depression_r4rf3r,depression,1609
depression_r9rozp,depression,594
depression_qvcjpl,depression,372
depression_qrngm4,depression,332
depression_rd5au4,depression,617
depression_r2vdv9,depression,390
depression_re27az,depression,380
depression_qu1yk2,depression,620
depression_r6wwjk,depression,330
depression_r92coy,depression,331
depression_ri6fyq,depression,522
depression_rmq382,depression,326
depression_qy9vfi,depression,345
depression_reazmy,depression,440
depression_r0uj1l,depression,375
depression_rhqecj,depression,534
depression_r55nvz,depression,535
depression_r0b0mh,depression,320
depression_rfo44u,depression,321
depression_r7wdjf,depression,599
depression_qwg00y,depression,394
depression_qv5ets,depression,333
depression_rgm24k,depression,687
depression_r8nuft,depression,445
depression_qydts1,depression,364
depression_qs2r0s,depression,379
depression_rkfcod,depression,356
depression_qs1z23,depression,1002
depression_r6neb2,depression,358
depression_r24fjf,depression,433
depression_qx6hb4,depression,325
depression_rlag6u,depression,722
depression_qvp8or,depression,308
depression_rgt5y2,depression,374
depression_r00guu,depression,639
depression_re7zp5,depression,344
depression_rkmj07,depression,421
depression_qszrgs,depression,613
depression_r3jvsi,depression,335
depression_qra9c5,depression,490
depression_r2m82s,depression,484
depression_r1wouy,depression,373
depression_qz2r9u,depression,592
depression_r6vafs,depression,364
depression_qvw6pm,depression,2344
depression_r22g1o,depression,357
ptsd_qlpbc0,ptsd,909
ptsd_m48wwr,ptsd,573
ptsd_lbqkof,ptsd,391
ptsd_pizas4,ptsd,430
ptsd_dt8qsh,ptsd,1544
ptsd_qrt1x6,ptsd,908
ptsd_injzu5,ptsd,1615
ptsd_ckbyes,ptsd,474
ptsd_o3hydj,ptsd,317
ptsd_ej8hx3,ptsd,355
ptsd_fq8rum,ptsd,430
ptsd_ihdgez,ptsd,590
ptsd_pbs6yx,ptsd,729
ptsd_e775fn,ptsd,314
ptsd_cg1uax,ptsd,374
ptsd_h8cqgs,ptsd,421
ptsd_n3djwo,ptsd,929
ptsd_q26w8f,ptsd,335
ptsd_hvb08f,ptsd,631
ptsd_odobtr,ptsd,718
ptsd_li7zua,ptsd,321
ptsd_isq4ap,ptsd,2086
ptsd_imit1h,ptsd,402
ptsd_lfwpqs,ptsd,358
ptsd_e85kk7,ptsd,1490
ptsd_jvu75o,ptsd,795
ptsd_ml1zyf,ptsd,477
ptsd_rbxl8y,ptsd,712
ptsd_mlwqkw,ptsd,492
ptsd_m56j4n,ptsd,493
ptsd_oe8o4h,ptsd,511
ptsd_cog9o1,ptsd,491
ptsd_re5xe5,ptsd,402
ptsd_i559xc,ptsd,642
ptsd_jysvw2,ptsd,632
ptsd_g5tkz0,ptsd,333
ptsd_pnb526,ptsd,605
ptsd_fbcs9m,ptsd,343
ptsd_p6qhdn,ptsd,322
ptsd_qqh91j,ptsd,459
ptsd_nnk567,ptsd,670
ptsd_e6qnee,ptsd,361
ptsd_p2w88x,ptsd,1186
ptsd_hjzp27,ptsd,485
ptsd_j45ris,ptsd,439
ptsd_gyssil,ptsd,386
ptsd_dzmuh5,ptsd,503
ptsd_ndfhv1,ptsd,710
ptsd_hk3j2m,ptsd,328
ptsd_recz08,ptsd,549
ptsd_p8jf9n,ptsd,761
ptsd_nkewk7,ptsd,316
ptsd_psen1l,ptsd,560
ptsd_n6y6uy,ptsd,684
ptsd_nqxiza,ptsd,1358
ptsd_m6tl7p,ptsd,379
ptsd_dc9v5k,ptsd,327
ptsd_oy8hi9,ptsd,332
ptsd_ojco73,ptsd,513
ptsd_ohw0tj,ptsd,386
ptsd_et6cqe,ptsd,346
ptsd_elj7t2,ptsd,534
ptsd_inwxb2,ptsd,395
ptsd_o9bvmr,ptsd,401
ptsd_irlbsj,ptsd,343
ptsd_js9con,ptsd,375
ptsd_cps8mh,ptsd,384
ptsd_egoly4,ptsd,336
ptsd_nvxngd,ptsd,556
ptsd_oumkjs,ptsd,310
ptsd_chmpoj,ptsd,332
ptsd_p2r0bp,ptsd,469
ptsd_kob2is,ptsd,330
ptsd_cvypt0,ptsd,531
ptsd_mfbp9w,ptsd,312
ptsd_erorh1,ptsd,349
ptsd_ij778c,ptsd,671
ptsd_netrfe,ptsd,470
ptsd_qn6ik7,ptsd,444
ptsd_fums2v,ptsd,337
ptsd_eafh3e,ptsd,1508
ptsd_d78qbl,ptsd,531
ptsd_f1t106,ptsd,561
ptsd_q92pm5,ptsd,320
ptsd_q7d954,ptsd,388
ptsd_j7kdlr,ptsd,341
ptsd_gqg5ro,ptsd,493
ptsd_g9s1vy,ptsd,572
ptsd_ebqgkw,ptsd,437
ptsd_p9yf7c,ptsd,544
ptsd_hsfmdf,ptsd,851
ptsd_qh09x2,ptsd,387
ptsd_lhdav0,ptsd,609
ptsd_kw8zk7,ptsd,444
ptsd_g199cd,ptsd,426
ptsd_qmbr1s,ptsd,532
ptsd_ciabkm,ptsd,689
ptsd_ii048z,ptsd,414
ptsd_lmb7s4,ptsd,1393
ptsd_ghfyq6,ptsd,399
ptsd_ek5zk3,ptsd,308
ptsd_mtuj8u,ptsd,319
ptsd_r5ql5h,ptsd,338
ptsd_e6629a,ptsd,405
ptsd_g0mhsq,ptsd,334
ptsd_euf4ol,ptsd,344
ptsd_d2f2qo,ptsd,818
ptsd_evf5gz,ptsd,668
ptsd_j5vy4b,ptsd,443
ptsd_gs0xwq,ptsd,453
ptsd_fgfkny,ptsd,355
ptsd_etwgdb,ptsd,406
ptsd_qrdehu,ptsd,482
ptsd_opbcor,ptsd,334
ptsd_iqzrmu,ptsd,1287
ptsd_cu83ap,ptsd,482
ptsd_p5xu7f,ptsd,338
ptsd_qhodzo,ptsd,601
ptsd_hiftak,ptsd,309
ptsd_hqxse8,ptsd,325
ptsd_gv57jz,ptsd,977
ptsd_ghw65p,ptsd,335
ptsd_pxd4q4,ptsd,366
ptsd_mm51sx,ptsd,378
ptsd_ebbohg,ptsd,339
ptsd_m27uxb,ptsd,323
ptsd_lgvr2q,ptsd,316
ptsd_oyc639,ptsd,2068
ptsd_qbr43z,ptsd,343
ptsd_cagrgu,ptsd,367
ptsd_qxr1j4,ptsd,895
ptsd_flez8w,ptsd,354
ptsd_heup0s,ptsd,358
ptsd_cjcgzi,ptsd,418
ptsd_cnvqa6,ptsd,601
ptsd_fjkd10,ptsd,783
ptsd_nc79i6,ptsd,874
ptsd_gn2lel,ptsd,545
ptsd_esnhes,ptsd,391
ptsd_guks9x,ptsd,402
ptsd_g86cub,ptsd,990
ptsd_f755zc,ptsd,454
ptsd_hz960h,ptsd,414
ptsd_pwqm9p,ptsd,477
ptsd_qc3wc9,ptsd,843
ptsd_qikfcw,ptsd,389
ptsd_jdl5bv,ptsd,432
ptsd_ghebbn,ptsd,492
ptsd_clv69j,ptsd,350
ptsd_f5vzho,ptsd,359
ptsd_dc76jx,ptsd,373
ptsd_f6uztb,ptsd,514
ptsd_qpoyv2,ptsd,720
ptsd_hxiknd,ptsd,974
ptsd_fkle44,ptsd,321
ptsd_d3ko1e,ptsd,595
ptsd_n7ij2c,ptsd,337
ptsd_p1qjp5,ptsd,680
ptsd_ovwror,ptsd,308
ptsd_ii10xs,ptsd,316
ptsd_fnqei4,ptsd,428
ptsd_qql5m6,ptsd,1046
ptsd_r2j4b8,ptsd,436
ptsd_gk5sbk,ptsd,314
ptsd_htxgrz,ptsd,349
ptsd_jgxht5,ptsd,1020
ptsd_dxfc4v,ptsd,464
ptsd_dmd9y0,ptsd,631
ptsd_hvlbio,ptsd,954
ptsd_hg771p,ptsd,351
ptsd_ms61e0,ptsd,324
ptsd_kuuzti,ptsd,547
ptsd_pna2uz,ptsd,618
ptsd_plskph,ptsd,753
ptsd_fqr9wz,ptsd,317
ptsd_i4qeqg,ptsd,341
ptsd_ku8n90,ptsd,700
ptsd_dar7pr,ptsd,354
ptsd_csmihj,ptsd,324
ptsd_nu9pko,ptsd,315
ptsd_n62j0i,ptsd,3269
ptsd_okgwpr,ptsd,598
ptsd_jwpnr2,ptsd,397
ptsd_h0adkq,ptsd,374
ptsd_nhyogt,ptsd,1372
ptsd_fp0rxa,ptsd,427
ptsd_dpqe3x,ptsd,405
ptsd_iy6oeg,ptsd,416
ptsd_nde6an,ptsd,1368
ptsd_p37u81,ptsd,352
ptsd_q7zy70,ptsd,391
ptsd_du2nbc,ptsd,347
ptsd_lp87f5,ptsd,1889
ptsd_k19c3f,ptsd,1886
ptsd_q9y2vl,ptsd,456
ptsd_gfo8q0,ptsd,322
ptsd_ep713h,ptsd,401
ptsd_p9teir,ptsd,323
ptsd_ewb5bb,ptsd,362
ptsd_dabxgn,ptsd,316
ptsd_nmwhrg,ptsd,317
ptsd_f1b1ud,ptsd,614
ptsd_ex222u,ptsd,1042
ptsd_flp47u,ptsd,380
ptsd_id7c8t,ptsd,310
ptsd_pgle0g,ptsd,1100
ptsd_il02rm,ptsd,557
ptsd_lsljmt,ptsd,867
ptsd_mz7fy9,ptsd,1411
ptsd_g7gnzc,ptsd,344
ptsd_cf1q0v,ptsd,697
ptsd_r5kcu3,ptsd,473
ptsd_esvfqb,ptsd,352
ptsd_f16e1k,ptsd,636
ptsd_cdrs8q,ptsd,784
ptsd_pssdp0,ptsd,699
ptsd_ecpfpo,ptsd,319
ptsd_epwg5q,ptsd,481
ptsd_mgcb4h,ptsd,347
ptsd_ddylgf,ptsd,1231
ptsd_d45r9k,ptsd,365
ptsd_k80z30,ptsd,639
ptsd_fo5qvy,ptsd,427
ptsd_p2hgje,ptsd,523
ptsd_jy438t,ptsd,506
ptsd_jics1r,ptsd,576
ptsd_gj9jlh,ptsd,405
ptsd_mlum7w,ptsd,787
ptsd_okq4lf,ptsd,322
ptsd_pgsvp2,ptsd,311
ptsd_oj2bgw,ptsd,359
ptsd_petsat,ptsd,581
ptsd_opqycx,ptsd,453
ptsd_p4d7wz,ptsd,371
ptsd_j5nfhs,ptsd,453
ptsd_od3sbw,ptsd,1303
ptsd_ptn0as,ptsd,3063
ptsd_hfidd2,ptsd,411
ptsd_qisyvo,ptsd,973
ptsd_osqmsf,ptsd,362
ptsd_hge2q2,ptsd,377
ptsd_j6kp07,ptsd,338
ptsd_ovctqg,ptsd,335
ptsd_hb5d8v,ptsd,1339
ptsd_nsynp9,ptsd,630
ptsd_euin0s,ptsd,628
ptsd_lwltuo,ptsd,314
ptsd_oksoc3,ptsd,434
ptsd_ly5g3e,ptsd,375
ptsd_dgrjld,ptsd,427
ptsd_de5lkh,ptsd,391
ptsd_n43wk9,ptsd,316
ptsd_d21veq,ptsd,347
ptsd_gi2mg7,ptsd,420
ptsd_neh4j0,ptsd,431
ptsd_j3h7bu,ptsd,470
ptsd_fggtd4,ptsd,781
ptsd_gwy2wb,ptsd,311
ptsd_k272gt,ptsd,401
ptsd_cagepn,ptsd,351
ptsd_ctu6p2,ptsd,418
ptsd_ejjska,ptsd,380
ptsd_ow7o74,ptsd,355
ptsd_dqnkci,ptsd,308
ptsd_p9hi30,ptsd,353
ptsd_qbs0ac,ptsd,952
ptsd_r2srdg,ptsd,335
ptsd_i2j3aw,ptsd,654
ptsd_fbrxbx,ptsd,444
ptsd_q8ncw8,ptsd,381
ptsd_jzjc7v,ptsd,528
ptsd_gvl2q1,ptsd,365
ptsd_fern4j,ptsd,307
ptsd_oi52u4,ptsd,452
ptsd_euz54t,ptsd,715
ptsd_imunsf,ptsd,661
ptsd_h93bms,ptsd,663
ptsd_m1e8cs,ptsd,1294
ptsd_fs46sb,ptsd,404
ptsd_lbdlv8,ptsd,746
ptsd_i7937s,ptsd,953
ptsd_eze8rr,ptsd,337
ptsd_ln86x7,ptsd,380
ptsd_oiq65u,ptsd,622
ptsd_k1vqy3,ptsd,323
ptsd_ill7jk,ptsd,1419
ptsd_ni6vdg,ptsd,946
ptsd_nivec5,ptsd,413
ptsd_plq5jt,ptsd,585
ptsd_n6rmq9,ptsd,4496
ptsd_gbdgty,ptsd,438
ptsd_ihghay,ptsd,499
ptsd_r4o942,ptsd,348
ptsd_nqzt2f,ptsd,1499
ptsd_q6wf54,ptsd,320
ptsd_glm249,ptsd,353
ptsd_pb62qg,ptsd,416
ptsd_ex4bhj,ptsd,330
ptsd_qpmari,ptsd,481
ptsd_d99tou,ptsd,347
ptsd_n3zo3p,ptsd,355
ptsd_m3vjwi,ptsd,476
ptsd_g5sh5e,ptsd,1186
ptsd_cw4k25,ptsd,501
ptsd_ol14el,ptsd,328
ptsd_pzxj76,ptsd,732
ptsd_qwa98z,ptsd,313
ptsd_j6yrw1,ptsd,910
ptsd_lokovo,ptsd,444
ptsd_ky0ezl,ptsd,1615
ptsd_pg13f3,ptsd,477
ptsd_fx4l3h,ptsd,748
ptsd_ndm1xy,ptsd,314
ptsd_fel37n,ptsd,784
ptsd_i9kwq7,ptsd,344
ptsd_na3tb4,ptsd,700
ptsd_o07zgr,ptsd,1138
ptsd_q9qbpc,ptsd,499
ptsd_n467g0,ptsd,415
ptsd_mxi6a6,ptsd,331
ptsd_cigqo9,ptsd,317
ptsd_ls4ji5,ptsd,411
ptsd_ork8i0,ptsd,472
ptsd_cgs4r1,ptsd,396
ptsd_rhlmgk,ptsd,628
ptsd_ffp31u,ptsd,522
ptsd_f8zbwh,ptsd,1186
ptsd_n0xygb,ptsd,516
ptsd_j2gdl1,ptsd,393
ptsd_ou7akb,ptsd,308
ptsd_g78ico,ptsd,477
ptsd_fzzocq,ptsd,407
ptsd_n9qttp,ptsd,899
ptsd_deab04,ptsd,5199
ptsd_ff0f8v,ptsd,385
ptsd_l7mxgc,ptsd,565
ptsd_l1fimt,ptsd,339
ptsd_oospml,ptsd,342
ptsd_pqeix8,ptsd,544
ptsd_cnz4bq,ptsd,355
ptsd_e9pkd8,ptsd,364
ptsd_f5utdp,ptsd,901
ptsd_ohqf00,ptsd,430
ptsd_jt8ajv,ptsd,376
ptsd_ir64bw,ptsd,376
ptsd_nd3qhx,ptsd,375
ptsd_qj0rbn,ptsd,387
ptsd_lcmeh1,ptsd,378
ptsd_pe9v1u,ptsd,315
ptsd_p67pz9,ptsd,375
ptsd_ipk1ij,ptsd,379
ptsd_fub1ip,ptsd,306
ptsd_czbwni,ptsd,351
ptsd_evg21f,ptsd,324
ptsd_f5ahw1,ptsd,1546
ptsd_d8nzmr,ptsd,560
ptsd_ovb7p7,ptsd,639
ptsd_gsdry7,ptsd,410
ptsd_l4xe6e,ptsd,370
ptsd_ql9uzc,ptsd,334
ptsd_qd6g2g,ptsd,589
ptsd_fsetml,ptsd,334
ptsd_efdbfv,ptsd,448
ptsd_pgryjn,ptsd,1203
ptsd_hu9f6l,ptsd,437
ptsd_howrms,ptsd,346
ptsd_m13zco,ptsd,326
ptsd_ptqo77,ptsd,1677
ptsd_o4n9by,ptsd,504
ptsd_e1a3pp,ptsd,376
ptsd_mgq1w8,ptsd,385
ptsd_rabxy6,ptsd,440
ptsd_f11f6j,ptsd,510
ptsd_i7nwqj,ptsd,429
ptsd_jnqg3p,ptsd,319
ptsd_cjt0o2,ptsd,654
ptsd_dxxva0,ptsd,1955
ptsd_htuvs0,ptsd,491
ptsd_qc8z5y,ptsd,441
ptsd_hs3zjj,ptsd,663
ptsd_gswdnx,ptsd,512
ptsd_oc05th,ptsd,1070
ptsd_jgprb6,ptsd,315
ptsd_jbdmp8,ptsd,486
ptsd_cq5vay,ptsd,2374
ptsd_onxggs,ptsd,386
ptsd_i2vzi2,ptsd,648
ptsd_csx1fo,ptsd,332
ptsd_i5ghg1,ptsd,836
ptsd_f7iaki,ptsd,320
ptsd_q33dh2,ptsd,403
ptsd_l7a640,ptsd,410
ptsd_ovqb2n,ptsd,562
ptsd_jj9bqn,ptsd,361
ptsd_k3hxd3,ptsd,527
ptsd_jzfkzm,ptsd,339
ptsd_psjtvi,ptsd,365
ptsd_fbxvzb,ptsd,443
ptsd_mzs77n,ptsd,327
ptsd_p5vfau,ptsd,1433
ptsd_ozvpuk,ptsd,400
ptsd_n7yutt,ptsd,369
ptsd_m26vng,ptsd,1030
ptsd_depcm2,ptsd,521
ptsd_o36ew7,ptsd,369
ptsd_emob23,ptsd,573
ptsd_g1rp4j,ptsd,393
ptsd_j6hqw2,ptsd,473
ptsd_lkizmh,ptsd,356
ptsd_h7c9yi,ptsd,508
ptsd_pbfj8p,ptsd,438
ptsd_quun3c,ptsd,357
ptsd_jtq1lh,ptsd,451
ptsd_hw7ifj,ptsd,759
ptsd_nu7fkl,ptsd,864
ptsd_cg1ncb,ptsd,427
ptsd_dbkb9o,ptsd,509
ptsd_hck9c5,ptsd,596
ptsd_de6dkg,ptsd,435
ptsd_cufw19,ptsd,1837
ptsd_dbacxe,ptsd,555
ptsd_qsfivl,ptsd,330
ptsd_phj6fv,ptsd,382
ptsd_calur4,ptsd,614
ptsd_p1p2ti,ptsd,455
ptsd_hbqixi,ptsd,802
ptsd_et4gx8,ptsd,380
ptsd_gw9zfj,ptsd,319
ptsd_hwq3ya,ptsd,978
ptsd_hey7ak,ptsd,390
ptsd_paa8xs,ptsd,1247
ptsd_rcnyrd,ptsd,488
ptsd_rae46i,ptsd,636
ptsd_gvoz9r,ptsd,362
ptsd_iic7tf,ptsd,590
ptsd_fbr44a,ptsd,382
ptsd_rcvpl7,ptsd,317
ptsd_nphqc7,ptsd,748
ptsd_i52mqs,ptsd,340
ptsd_iz3dz6,ptsd,691
ptsd_lno9kv,ptsd,401
ptsd_qzxx2r,ptsd,311
ptsd_o5nk0v,ptsd,548
ptsd_ko6s38,ptsd,314
ptsd_d7lj1m,ptsd,530
ptsd_gwkzpz,ptsd,528
ptsd_cr1dgb,ptsd,780
ptsd_ris9e3,ptsd,358
ptsd_csyj1v,ptsd,691
ptsd_opeegq,ptsd,458
ptsd_eq9pik,ptsd,345
ptsd_gxjah4,ptsd,522
ptsd_h8x21d,ptsd,567
ptsd_jwreub,ptsd,392
ptsd_edj2gf,ptsd,894
ptsd_gnrdao,ptsd,421
ptsd_cputzt,ptsd,450
ptsd_k4gq5f,ptsd,608
ptsd_pmia8q,ptsd,537
ptsd_hcjhlb,ptsd,696
ptsd_k2ev94,ptsd,1258
ptsd_cjp854,ptsd,378
ptsd_fl2brk,ptsd,417
ptsd_jb8y1z,ptsd,879
ptsd_d5tb0v,ptsd,957
ptsd_h85bf7,ptsd,444
ptsd_oyd6er,ptsd,326
ptsd_oaps4f,ptsd,475
ptsd_dmpsgw,ptsd,360
ptsd_hi8jbz,ptsd,406
ptsd_e4tgab,ptsd,410
ptsd_dz6olr,ptsd,330
ptsd_iaubym,ptsd,625
ptsd_qbb8jc,ptsd,325
ptsd_f18z9g,ptsd,453
ptsd_fzgtyu,ptsd,332
ptsd_ra650m,ptsd,454
ptsd_oq5dmg,ptsd,1089
ptsd_e1ntvr,ptsd,456
ptsd_j9uygi,ptsd,660
ptsd_r9sl07,ptsd,440
ptsd_jzx50r,ptsd,475
ptsd_pnv7ri,ptsd,415
ptsd_dat3k6,ptsd,2201
ptsd_nouist,ptsd,380
ptsd_gz8crx,ptsd,664
ptsd_gd5quz,ptsd,405
ptsd_myrg3d,ptsd,595
ptsd_hqv966,ptsd,412
ptsd_r9ikf6,ptsd,543
ptsd_pbmceo,ptsd,861
ptsd_gblg0f,ptsd,619
ptsd_l4fjm6,ptsd,654
ptsd_qtiucn,ptsd,320
ptsd_hgszvz,ptsd,353
ptsd_hj6x3e,ptsd,317
ptsd_cho5z1,ptsd,663
ptsd_qxnbwe,ptsd,429
ptsd_ee4udq,ptsd,392
ptsd_lu7dkq,ptsd,468
ptsd_gfv5s0,ptsd,391
ptsd_mscq1d,ptsd,574
ptsd_drl3rn,ptsd,321
ptsd_e6dagd,ptsd,568
ptsd_rcjdnz,ptsd,368
ptsd_f76s2b,ptsd,662
ptsd_p0dlx2,ptsd,633
ptsd_graif6,ptsd,638
ptsd_ir9ar6,ptsd,739
ptsd_kred6c,ptsd,845
ptsd_q01kca,ptsd,1033
ptsd_k0zrrk,ptsd,321
ptsd_dkc7jt,ptsd,365
ptsd_i6mwcy,ptsd,450
ptsd_dcixvp,ptsd,977
ptsd_ib8dxk,ptsd,376
ptsd_gf6q7v,ptsd,312
ptsd_qzygs1,ptsd,481
ptsd_hx92zi,ptsd,340
ptsd_ollfm8,ptsd,459
ptsd_ph4jb6,ptsd,375
ptsd_ccic31,ptsd,508
ptsd_onzgge,ptsd,1037
ptsd_gxu1y9,ptsd,405
ptsd_p01hi4,ptsd,321
ptsd_m5d5zb,ptsd,767
ptsd_pp49in,ptsd,329
ptsd_g6kvl3,ptsd,363
ptsd_pwno5i,ptsd,907
ptsd_dbnwmx,ptsd,1150
ptsd_ltf16q,ptsd,481
ptsd_cyy1er,ptsd,306
ptsd_oi9zng,ptsd,739
ptsd_ikvkcg,ptsd,703
ptsd_qgllyg,ptsd,466
ptsd_d31jzj,ptsd,474
ptsd_ffhofu,ptsd,330
ptsd_loqq6y,ptsd,341
ptsd_r7g7y4,ptsd,438
ptsd_hr0szw,ptsd,361
ptsd_q5qibf,ptsd,1017
ptsd_iokssh,ptsd,710
ptsd_q00zl0,ptsd,1982
ptsd_ofeqzz,ptsd,638
ptsd_giomap,ptsd,386
ptsd_pfdjif,ptsd,1198
ptsd_p4aa5w,ptsd,376
ptsd_dfmvyj,ptsd,456
ptsd_cjlygo,ptsd,437
ptsd_cobvxd,ptsd,362
ptsd_ljd2j9,ptsd,1014
ptsd_n71d24,ptsd,388
ptsd_cbr6ly,ptsd,464
ptsd_k5oy3i,ptsd,476
ptsd_q3igtl,ptsd,366
ptsd_cuvbs6,ptsd,429
ptsd_mqv6td,ptsd,612
ptsd_dknrsi,ptsd,349
ptsd_rkt2j4,ptsd,410
ptsd_jiedtf,ptsd,629
ptsd_e925pu,ptsd,376
ptsd_jdw061,ptsd,436
ptsd_dlmne4,ptsd,410
ptsd_mrvs7d,ptsd,732
ptsd_gimawd,ptsd,534
ptsd_gd2skq,ptsd,372
ptsd_og3yeh,ptsd,419
ptsd_qgotto,ptsd,347
ptsd_odmwmj,ptsd,342
ptsd_jx2r9e,ptsd,439
ptsd_pw6on2,ptsd,323
ptsd_g52031,ptsd,410
ptsd_ocp0dk,ptsd,541
ptsd_enj6gr,ptsd,318
ptsd_dtee7t,ptsd,374
ptsd_pp1eaq,ptsd,477
ptsd_mxhjds,ptsd,814
ptsd_dan9e8,ptsd,840
ptsd_ob6jeg,ptsd,332
ptsd_ear3o4,ptsd,378
ptsd_m5wgau,ptsd,383
ptsd_e6mtnc,ptsd,313
ptsd_lha1c9,ptsd,1867
ptsd_gi6ute,ptsd,849
ptsd_kprbqg,ptsd,387
ptsd_qmqr25,ptsd,1012
ptsd_qqhuyz,ptsd,374
ptsd_gi0l09,ptsd,463
ptsd_odmjay,ptsd,326
ptsd_gt5p7f,ptsd,710
ptsd_f6xm0n,ptsd,868
ptsd_ny3nfl,ptsd,468
ptsd_qyjihl,ptsd,366
ptsd_ppbszp,ptsd,567
ptsd_g9kj95,ptsd,433
ptsd_o92gqj,ptsd,328
ptsd_lsqozu,ptsd,326
ptsd_pvov5d,ptsd,403
ptsd_pje8ii,ptsd,833
ptsd_j79ser,ptsd,382
ptsd_d5ntya,ptsd,889
ptsd_f6n39f,ptsd,476
ptsd_qq8xpt,ptsd,509
ptsd_pcqikm,ptsd,691
ptsd_i9ty4u,ptsd,324
ptsd_dayv18,ptsd,411
ptsd_edvm3q,ptsd,574
ptsd_l8d55f,ptsd,482
ptsd_qnyb0n,ptsd,634
ptsd_mk97e3,ptsd,497
ptsd_er40uc,ptsd,330
ptsd_en23wr,ptsd,417
ptsd_o5fmy3,ptsd,307
ptsd_lsm0ek,ptsd,307
ptsd_nfgw8d,ptsd,412
ptsd_odw7np,ptsd,699
ptsd_p155us,ptsd,429
ptsd_cic0j2,ptsd,1099
ptsd_hp03l3,ptsd,370
ptsd_dgh7nu,ptsd,737
ptsd_nyy6es,ptsd,512
ptsd_gp2yzg,ptsd,503
ptsd_huttbt,ptsd,587
ptsd_ho5y4a,ptsd,499
ptsd_r14k62,ptsd,454
ptsd_ewmi8s,ptsd,546
ptsd_q2d4j8,ptsd,662
ptsd_dx2ijm,ptsd,309
ptsd_o953qa,ptsd,524
ptsd_firrcp,ptsd,1125
ptsd_i8964w,ptsd,376
ptsd_nok27w,ptsd,354
ptsd_kiu6tn,ptsd,401
ptsd_plzn6h,ptsd,312
ptsd_ewlkyl,ptsd,615
ptsd_ore74c,ptsd,434
ptsd_giljmw,ptsd,404
ptsd_knw2a1,ptsd,345
ptsd_nk61zd,ptsd,553
ptsd_j4rjh5,ptsd,362
ptsd_qkbq3z,ptsd,508
ptsd_fwy2jw,ptsd,770
ptsd_r0syyf,ptsd,1067
ptsd_q20nn2,ptsd,397
ptsd_oon1ao,ptsd,490
ptsd_izwnd4,ptsd,364
ptsd_hlab2j,ptsd,520
ptsd_q47g12,ptsd,729
ptsd_lx7u4i,ptsd,687
ptsd_go7a9k,ptsd,970
ptsd_pmiym4,ptsd,308
ptsd_iacpke,ptsd,601
ptsd_hyl285,ptsd,476
ptsd_mkj80t,ptsd,597
ptsd_ogmv1s,ptsd,331
ptsd_hh07cw,ptsd,846
ptsd_n7dgx0,ptsd,1165
ptsd_q119ni,ptsd,441
ptsd_ewgwjo,ptsd,445
ptsd_lx9hai,ptsd,736
ptsd_hyd2ox,ptsd,432
ptsd_pdlbqy,ptsd,929
ptsd_fq4gtd,ptsd,332
ptsd_jbi0kd,ptsd,740
ptsd_h77h48,ptsd,389
ptsd_digwbx,ptsd,353
ptsd_raghtb,ptsd,495
ptsd_evx16r,ptsd,356
ptsd_htvby7,ptsd,1152
ptsd_mstiwl,ptsd,420
ptsd_lxf2y3,ptsd,457
ptsd_qczdef,ptsd,324
ptsd_h9lv2g,ptsd,455
ptsd_d2h3no,ptsd,581
ptsd_exie90,ptsd,371
ptsd_gfv7zh,ptsd,1040
ptsd_itkwum,ptsd,345
ptsd_ftxfcl,ptsd,429
ptsd_cre61v,ptsd,1421
ptsd_i28b9m,ptsd,419
ptsd_pkxvfw,ptsd,342
ptsd_f2gftv,ptsd,420
ptsd_hkh2ms,ptsd,3843
ptsd_jh1hw6,ptsd,343
ptsd_pwydil,ptsd,351
ptsd_olcggu,ptsd,667
ptsd_hvo8c1,ptsd,368
ptsd_r4q4tn,ptsd,328
ptsd_n1i7r3,ptsd,376
ptsd_ebbb9n,ptsd,562
ptsd_ch8rz8,ptsd,323
ptsd_ouw7zy,ptsd,306
ptsd_jhkcwy,ptsd,574
ptsd_litw79,ptsd,1841
ptsd_jrgftk,ptsd,379
ptsd_ofmnro,ptsd,311
ptsd_chxyhi,ptsd,541
ptsd_qnxxcp,ptsd,477
ptsd_iefwx3,ptsd,770
ptsd_clsa3l,ptsd,517
ptsd_ii3xr5,ptsd,1377
ptsd_ifwl52,ptsd,467
ptsd_ejk0a8,ptsd,375
ptsd_oxpo3r,ptsd,411
ptsd_n6w1hx,ptsd,1279
ptsd_k5y8p0,ptsd,331
ptsd_idg43f,ptsd,318
ptsd_eerzox,ptsd,422
ptsd_ok7jn6,ptsd,430
ptsd_im7gov,ptsd,553
ptsd_n359ni,ptsd,607
ptsd_qun18g,ptsd,989
ptsd_hel1tq,ptsd,312
ptsd_g9606x,ptsd,610
ptsd_klqqw9,ptsd,334
ptsd_h7cwb6,ptsd,516
ptsd_ddngon,ptsd,322
ptsd_rjoaga,ptsd,450
ptsd_qt5qf3,ptsd,367
ptsd_pqjtfs,ptsd,494
ptsd_cpnrc4,ptsd,356
ptsd_cszhqk,ptsd,982
ptsd_fsw30q,ptsd,346
ptsd_esvxkx,ptsd,416
ptsd_cji21x,ptsd,647
ptsd_fdo41y,ptsd,398
ptsd_oekxhz,ptsd,319
ptsd_esogik,ptsd,474
ptsd_putrrl,ptsd,351
ptsd_pnnoj4,ptsd,758
ptsd_os3d7k,ptsd,996
ptsd_ilnqoq,ptsd,311
ptsd_coe91l,ptsd,370
ptsd_d4ibkq,ptsd,408
ptsd_pvq0m0,ptsd,597
ptsd_q0u2mp,ptsd,614
ptsd_o5mexe,ptsd,334
ptsd_n1hjkt,ptsd,659
ptsd_ogeexr,ptsd,393
ptsd_ells95,ptsd,359
ptsd_fpnc59,ptsd,302
ptsd_m252ki,ptsd,383
ptsd_ie75nf,ptsd,561
ptsd_j7na8j,ptsd,333
ptsd_nj1lg7,ptsd,359
ptsd_h0khqa,ptsd,343
ptsd_n9cohr,ptsd,511
ptsd_duu4w4,ptsd,564
ptsd_mmgbv6,ptsd,317
ptsd_ixtat0,ptsd,390
ptsd_i3vmsh,ptsd,619
ptsd_rlaxgx,ptsd,4219
ptsd_loa0w3,ptsd,415
ptsd_hk2mea,ptsd,348
ptsd_ox0h05,ptsd,429
ptsd_pgp42v,ptsd,311
ptsd_hl4yc4,ptsd,394
ptsd_ptyyfu,ptsd,1002
ptsd_fej29a,ptsd,465
ptsd_mzkrxi,ptsd,310
ptsd_nnctsw,ptsd,476
ptsd_mtfwt1,ptsd,634
ptsd_ke4lze,ptsd,404
ptsd_pjg95l,ptsd,865
ptsd_ksj3ig,ptsd,2108
ptsd_evn0ta,ptsd,331
ptsd_iskya9,ptsd,388
ptsd_fkov9p,ptsd,696
ptsd_hvggdr,ptsd,342
ptsd_geaeut,ptsd,373
ptsd_q6bkov,ptsd,528
ptsd_mkt9dm,ptsd,445
ptsd_e1ewjw,ptsd,485
ptsd_gqsabj,ptsd,367
ptsd_pfqhxi,ptsd,561
ptsd_ez7sjz,ptsd,351
ptsd_pmqorf,ptsd,658
ptsd_g84plg,ptsd,494
ptsd_mxb9xd,ptsd,881
ptsd_rlwl1j,ptsd,396
ptsd_lmw48r,ptsd,319
ptsd_pto3q3,ptsd,326
ptsd_pw6mtz,ptsd,731
ptsd_pc1ewx,ptsd,358
ptsd_r3oi93,ptsd,346
ptsd_dhwnx9,ptsd,404
ptsd_r0il3q,ptsd,2768
ptsd_mh1vzo,ptsd,508
ptsd_fnnsrx,ptsd,358
ptsd_evtq5o,ptsd,1081
ptsd_it4arc,ptsd,1255
ptsd_drwsqe,ptsd,1155
ptsd_jizp6s,ptsd,906
ptsd_r1xrjw,ptsd,647
ptsd_m2ud1i,ptsd,595
ptsd_ntz2ky,ptsd,776
ptsd_heckzh,ptsd,491
ptsd_d2a41u,ptsd,384
ptsd_csd7wr,ptsd,1205
ptsd_jf792n,ptsd,415
ptsd_oaawvb,ptsd,727
ptsd_ce05r9,ptsd,481
ptsd_glw2u8,ptsd,878
ptsd_cu7489,ptsd,628
ptsd_pvgwvu,ptsd,799
ptsd_on37to,ptsd,470
ptsd_p5zhfu,ptsd,355
ptsd_ecxc5u,ptsd,578
ptsd_e0krs3,ptsd,354
ptsd_jqqvis,ptsd,464
ptsd_emlzl4,ptsd,430
ptsd_oroib6,ptsd,448
ptsd_r6v1z5,ptsd,361
ptsd_o6s8xe,ptsd,368
ptsd_gfovhz,ptsd,420
ptsd_eyb3kj,ptsd,1224
ptsd_cpjqw0,ptsd,501
ptsd_gv0vel,ptsd,320
ptsd_k09jc5,ptsd,353
ptsd_nf2tpo,ptsd,405
ptsd_eikgs9,ptsd,326
ptsd_pwea2h,ptsd,344
ptsd_dtc8ms,ptsd,388
ptsd_osv8mf,ptsd,439
ptsd_g0d0b9,ptsd,370
ptsd_dol3wm,ptsd,350
ptsd_p0dtn9,ptsd,444
ptsd_pm4ey6,ptsd,1418
ptsd_dfqr95,ptsd,435
ptsd_g0zxp3,ptsd,438
ptsd_q4ej5p,ptsd,368
ptsd_nivdz1,ptsd,610
ptsd_r9wsn2,ptsd,473
ptsd_jgv9bu,ptsd,396
ptsd_e5h76s,ptsd,560
ptsd_rahzv4,ptsd,531
ptsd_pih1w9,ptsd,333
ptsd_hlx3b7,ptsd,389
ptsd_pp2vzy,ptsd,432
ptsd_ihu70p,ptsd,392
ptsd_igpcog,ptsd,515
ptsd_ozqjai,ptsd,420
ptsd_gjdftk,ptsd,728
ptsd_f6zhl4,ptsd,367
ptsd_o9eujo,ptsd,1244
ptsd_lnq4ay,ptsd,574
ptsd_faorzs,ptsd,464
ptsd_hka6ft,ptsd,355
ptsd_q4gicg,ptsd,315
ptsd_k2x2x7,ptsd,740
ptsd_qk1vok,ptsd,1004
ptsd_nx5510,ptsd,447
ptsd_qui3d0,ptsd,306
ptsd_lgy6r0,ptsd,513
ptsd_orbe9n,ptsd,574
ptsd_pkgrkp,ptsd,333
ptsd_i82bv9,ptsd,416
ptsd_otunbe,ptsd,869
ptsd_jsyjrp,ptsd,576
ptsd_lrnj99,ptsd,659
ptsd_mxs54x,ptsd,870
ptsd_qljikf,ptsd,455
ptsd_oqrf3y,ptsd,817
ptsd_o836ax,ptsd,331
ptsd_jqsr3t,ptsd,387
ptsd_on395i,ptsd,704
ptsd_ow0zwa,ptsd,863
ptsd_pvolb9,ptsd,327
ptsd_okm70o,ptsd,321
ptsd_e298su,ptsd,1022
ptsd_hwkx8s,ptsd,494
ptsd_rau1b4,ptsd,406
ptsd_onw4jg,ptsd,386
ptsd_mtiybr,ptsd,325
ptsd_qj5lve,ptsd,324
ptsd_p11ear,ptsd,459
ptsd_dh8xoj,ptsd,412
ptsd_nj40fy,ptsd,774
ptsd_cdz6ve,ptsd,319
ptsd_cn82xx,ptsd,354
ptsd_nh7ck1,ptsd,736
ptsd_n7p89i,ptsd,319
ptsd_qshr2l,ptsd,409
ptsd_f8rbch,ptsd,341
ptsd_ovg86m,ptsd,457
ptsd_kzg0s5,ptsd,805
ptsd_q7qr90,ptsd,423
ptsd_oyeqio,ptsd,326
ptsd_ewyo4h,ptsd,468
ptsd_e8rq5z,ptsd,1158
ptsd_dmbd3q,ptsd,322
ptsd_cqkvmn,ptsd,467
ptsd_mjba84,ptsd,986
ptsd_ebjle5,ptsd,680
ptsd_ginpu2,ptsd,405
ptsd_rklmhj,ptsd,372
ptsd_d4gknq,ptsd,637
ptsd_pa71ws,ptsd,370
ptsd_dannvl,ptsd,345
ptsd_pjhwrr,ptsd,655
ptsd_imrdj9,ptsd,332
ptsd_jadwt2,ptsd,449
ptsd_otlxoa,ptsd,1509
ptsd_i8gdwn,ptsd,857
ptsd_mjptn5,ptsd,514
ptsd_r7jzqy,ptsd,338
ptsd_mkobj8,ptsd,503
ptsd_jsf4b1,ptsd,627
ptsd_iqagv9,ptsd,354
ptsd_my81ff,ptsd,466
ptsd_jlak4b,ptsd,1746
ptsd_hwop6t,ptsd,332
ptsd_g1e9cd,ptsd,423
ptsd_mxzuxt,ptsd,413
ptsd_q54cag,ptsd,307
ptsd_juq2aw,ptsd,328
ptsd_jxgmv7,ptsd,1286
ptsd_eiyb61,ptsd,356
ptsd_df1wdz,ptsd,369
ptsd_ec26em,ptsd,450
ptsd_mkqk6l,ptsd,387
ptsd_lnacpg,ptsd,617
ptsd_pbusda,ptsd,564
ptsd_da4krp,ptsd,331
ptsd_duy6qv,ptsd,863
ptsd_dt0ea4,ptsd,518
ptsd_p6lm18,ptsd,401
ptsd_mmr692,ptsd,333
ptsd_r9aj33,ptsd,861
ptsd_cmryfe,ptsd,1474
ptsd_jr1s0h,ptsd,345
ptsd_rgbe09,ptsd,535
ptsd_mt24v9,ptsd,1003
ptsd_hws0zc,ptsd,363
ptsd_jsq2dj,ptsd,485
ptsd_diub2b,ptsd,778
ptsd_pjxy7g,ptsd,304
ptsd_qe9wmh,ptsd,385
ptsd_ijkcwn,ptsd,344
ptsd_juhmaf,ptsd,2050
ptsd_o0ptsb,ptsd,429
ptsd_cv7mkk,ptsd,2922
ptsd_o82yv2,ptsd,459
ptsd_e70i6w,ptsd,477
ptsd_hmi2o5,ptsd,332
ptsd_pvw8a4,ptsd,519
ptsd_qixawf,ptsd,636
ptsd_e2z3iw,ptsd,370
ptsd_gjrlu8,ptsd,801
ptsd_ceq3tc,ptsd,366
ptsd_l6zvwo,ptsd,1499
ptsd_f16fi3,ptsd,730
ptsd_jrp1mb,ptsd,1665
ptsd_f2mw51,ptsd,710
ptsd_etyg4b,ptsd,422
ptsd_duqii7,ptsd,430
ptsd_lmyvv7,ptsd,329
ptsd_qmrkn1,ptsd,957
ptsd_fiosvt,ptsd,720
ptsd_l4ek1w,ptsd,401
ptsd_cierx7,ptsd,604
ptsd_p2fg3j,ptsd,424
ptsd_ctaje2,ptsd,694
ptsd_mrx8s1,ptsd,358
ptsd_d0ag83,ptsd,1016
ptsd_q3spcc,ptsd,524
ptsd_loynkn,ptsd,453
ptsd_qftnys,ptsd,729
ptsd_k6oqz9,ptsd,349
ptsd_ooywbi,ptsd,366
ptsd_pgkcu8,ptsd,537
ptsd_h8gpjc,ptsd,363
ptsd_m3ey1n,ptsd,328
ptsd_fwwt7j,ptsd,649
ptsd_onqwc1,ptsd,1111
ptsd_f8lm5r,ptsd,772
ptsd_ksdhco,ptsd,517
ptsd_cbd2l7,ptsd,322
ptsd_hckynk,ptsd,434
ptsd_o9udad,ptsd,531
ptsd_g645z9,ptsd,2447
ptsd_n49mqq,ptsd,381
ptsd_p92vro,ptsd,476
ptsd_hwsika,ptsd,779
ptsd_k0mmp2,ptsd,311
ptsd_qfmf6w,ptsd,392
ptsd_g94w18,ptsd,383
ptsd_dmoq21,ptsd,406
ptsd_gse319,ptsd,431
ptsd_hetw28,ptsd,356
ptsd_ja47ie,ptsd,405
ptsd_re2xkt,ptsd,491
ptsd_dw7jd5,ptsd,656
ptsd_fob00v,ptsd,318
ptsd_mh4my0,ptsd,619
ptsd_pxmwxn,ptsd,634
ptsd_ho8bpt,ptsd,404
ptsd_m43uh7,ptsd,684
ptsd_on6ic4,ptsd,686
ptsd_ejo0d8,ptsd,689
ptsd_q7q3il,ptsd,431
ptsd_ie0bjq,ptsd,336
ptsd_j9bbo1,ptsd,681
ptsd_mnj7tx,ptsd,312
ptsd_e9a9yn,ptsd,341
ptsd_iqsnfw,ptsd,314
ptsd_pb5g7n,ptsd,364
ptsd_gmko1w,ptsd,391
ptsd_gap2hq,ptsd,552
ptsd_pii4md,ptsd,340
ptsd_pd0y0h,ptsd,758
ptsd_otwi1g,ptsd,509
ptsd_rhksjh,ptsd,801
ptsd_m0jn9g,ptsd,1753
ptsd_iqz7s4,ptsd,477
ptsd_eerzyx,ptsd,339
ptsd_lwghf5,ptsd,393
ptsd_nthii1,ptsd,1586
ptsd_g1dsoa,ptsd,739
ptsd_e72s6t,ptsd,633
ptsd_j8red8,ptsd,772
ptsd_ht6g0c,ptsd,423
ptsd_dsmg3f,ptsd,455
ptsd_dqlsw2,ptsd,635
ptsd_i8p1cx,ptsd,841
ptsd_ordo25,ptsd,581
ptsd_hcgb6s,ptsd,1156
ptsd_h0sbdu,ptsd,634
ptsd_dm2ian,ptsd,383
ptsd_op0etz,ptsd,887
ptsd_pnicf8,ptsd,507
ptsd_r5ygca,ptsd,410
ptsd_eav3yn,ptsd,705
ptsd_ed5olq,ptsd,782
ptsd_ibar8y,ptsd,861
ptsd_f8nnkl,ptsd,610
ptsd_ddtxfs,ptsd,542
ptsd_po8op9,ptsd,364
ptsd_kusi0w,ptsd,484
ptsd_fgtmuc,ptsd,1349
ptsd_jccz9i,ptsd,485
ptsd_lj21g9,ptsd,482
ptsd_cupsk0,ptsd,374
ptsd_cxssea,ptsd,361
ptsd_ehbj0a,ptsd,354
ptsd_p7qe2i,ptsd,328
ptsd_ms1vh4,ptsd,867
ptsd_j12cvu,ptsd,1615
ptsd_rf8rlj,ptsd,428
ptsd_m6m4c7,ptsd,340
ptsd_eb9i8l,ptsd,336
ptsd_gwq36j,ptsd,654
ptsd_rew0hz,ptsd,1467
ptsd_jh6e3i,ptsd,533
ptsd_qrkp5d,ptsd,575
ptsd_fxa9ik,ptsd,356
ptsd_hlwhgs,ptsd,341
ptsd_eqsl5t,ptsd,2647
ptsd_ofy44t,ptsd,846
ptsd_iq3pn8,ptsd,359
ptsd_oofltf,ptsd,518
ptsd_fdzwbx,ptsd,858
ptsd_mwh0jg,ptsd,317
ptsd_nkrmua,ptsd,387
ptsd_qt40xd,ptsd,391
ptsd_l3yed7,ptsd,338
ptsd_fo1b5l,ptsd,679
ptsd_ralfx6,ptsd,417
ptsd_n5n10e,ptsd,360
ptsd_f0b4uv,ptsd,362
ptsd_cpowk2,ptsd,890
ptsd_loyzj4,ptsd,928
ptsd_imw3rl,ptsd,578
ptsd_erzoex,ptsd,452
ptsd_lj479w,ptsd,371
ptsd_rchpb9,ptsd,311
ptsd_fdzbrg,ptsd,341
ptsd_oyqifw,ptsd,354
ptsd_nrlwk4,ptsd,823
ptsd_ih09zf,ptsd,584
ptsd_i6a588,ptsd,684
ptsd_g2i07a,ptsd,1163
ptsd_iok49b,ptsd,394
ptsd_ekdetp,ptsd,479
ptsd_nn708u,ptsd,316
ptsd_d16rn6,ptsd,491
ptsd_dl7w4z,ptsd,1028
ptsd_lgu5gk,ptsd,562
ptsd_jtsw0p,ptsd,746
ptsd_d390cn,ptsd,1228
ptsd_k38o17,ptsd,1238
ptsd_emwlvp,ptsd,1151
ptsd_cvf38f,ptsd,456
ptsd_e0awdv,ptsd,681
ptsd_mgvwff,ptsd,319
ptsd_k1beoj,ptsd,582
ptsd_pi0dil,ptsd,624
ptsd_onsqa8,ptsd,340
ptsd_mjw8cs,ptsd,846
ptsd_o3op9h,ptsd,684
ptsd_pbqnpu,ptsd,327
ptsd_pyz889,ptsd,637
ptsd_fgpvvf,ptsd,1417
ptsd_cymap4,ptsd,519
ptsd_hkpryl,ptsd,1050
ptsd_rmtvuy,ptsd,1962
ptsd_oomw2d,ptsd,560
ptsd_fslhtb,ptsd,643
ptsd_ppep96,ptsd,664
ptsd_ko7qhd,ptsd,573
ptsd_mnpahu,ptsd,324
ptsd_q66tgt,ptsd,630
ptsd_pksh19,ptsd,323
ptsd_q51imm,ptsd,323
ptsd_o5305e,ptsd,334
ptsd_gu89d1,ptsd,380
ptsd_qac4y0,ptsd,551
ptsd_hk7d15,ptsd,540
ptsd_p3i6r9,ptsd,522
ptsd_jxtaaw,ptsd,408
ptsd_eii1lw,ptsd,832
ptsd_j4ljdk,ptsd,333
ptsd_jzvhyk,ptsd,483
ptsd_flr3nl,ptsd,367
ptsd_q93elp,ptsd,339
ptsd_pgd84w,ptsd,343
ptsd_gebdn3,ptsd,319
ptsd_gosyi4,ptsd,459
ptsd_putu03,ptsd,389
ptsd_mw53f3,ptsd,449
ptsd_co0rtn,ptsd,656
ptsd_rl6sti,ptsd,330
ptsd_nzspoy,ptsd,355
ptsd_dw3xmf,ptsd,415
ptsd_m55cw3,ptsd,654
ptsd_ebb2n2,ptsd,643
ptsd_eub4qb,ptsd,334
ptsd_pmf3hn,ptsd,324
ptsd_f1zawe,ptsd,337
ptsd_qobtig,ptsd,329
ptsd_m4a2er,ptsd,370
ptsd_iem3u4,ptsd,373
ptsd_f24if4,ptsd,316
ptsd_jzvjgv,ptsd,677
ptsd_kuc62u,ptsd,754
ptsd_qnrtf6,ptsd,418
ptsd_oi38fz,ptsd,348
ptsd_e5jww7,ptsd,473
ptsd_oinmwc,ptsd,580
ptsd_hrmmy3,ptsd,1218
ptsd_m3ejl4,ptsd,383
ptsd_mlql97,ptsd,366
ptsd_plbc0g,ptsd,368
ptsd_fqm9e4,ptsd,364
ptsd_omak6h,ptsd,384
ptsd_nz3tu5,ptsd,364
ptsd_df8ujb,ptsd,335
ptsd_o79yhf,ptsd,510
ptsd_f1o6ug,ptsd,380
ptsd_qxlykf,ptsd,324
ptsd_ogn2gk,ptsd,761
ptsd_pq9bm4,ptsd,1667
ptsd_cco1ue,ptsd,541
ptsd_frfyzl,ptsd,530
ptsd_l0e4yc,ptsd,812
ptsd_jgyefq,ptsd,1053
ptsd_eslp2b,ptsd,314
ptsd_o2220x,ptsd,431
ptsd_lq2otc,ptsd,637
ptsd_iwxufc,ptsd,337
ptsd_i1jizc,ptsd,360
ptsd_d9r5na,ptsd,468
ptsd_kyxvoe,ptsd,402
ptsd_p5qxvf,ptsd,479
ptsd_gu26yf,ptsd,551
ptsd_cgewlh,ptsd,863
ptsd_fgjjsy,ptsd,1154
ptsd_l46y40,ptsd,1106
ptsd_if61v2,ptsd,589
ptsd_enxtdh,ptsd,353
ptsd_hzbntv,ptsd,820
ptsd_ed7fr4,ptsd,1073
ptsd_eesy7k,ptsd,324
ptsd_jyyhei,ptsd,1452
ptsd_ebssq5,ptsd,323
ptsd_nae241,ptsd,696
ptsd_ljwcrl,ptsd,355
ptsd_q4a49q,ptsd,541
ptsd_gdxkhb,ptsd,500
ptsd_n1nrqn,ptsd,552
ptsd_r4b7il,ptsd,1099
ptsd_hhzgpn,ptsd,581
ptsd_r3389d,ptsd,1542
ptsd_cc6oev,ptsd,323
ptsd_hujqtf,ptsd,322
ptsd_ikv0z3,ptsd,741
ptsd_jo2oi2,ptsd,406
ptsd_f3b8zi,ptsd,401
ptsd_gav53w,ptsd,519
ptsd_jq11xd,ptsd,496
ptsd_hgbgmm,ptsd,370
ptsd_o0z3on,ptsd,373
ptsd_r9sz1x,ptsd,422
ptsd_dvudau,ptsd,328
ptsd_cqxz9l,ptsd,1367
ptsd_p2lkte,ptsd,329
ptsd_dgdccu,ptsd,391
ptsd_i6wt7s,ptsd,586
ptsd_k3q5lq,ptsd,2126
ptsd_emapgp,ptsd,1146
ptsd_fkgt06,ptsd,309
ptsd_ph71mw,ptsd,788
ptsd_nq4abq,ptsd,471
ptsd_ikp6j6,ptsd,411
ptsd_gtla3j,ptsd,474
ptsd_ixx3rv,ptsd,550
ptsd_fxtbvj,ptsd,422
ptsd_nu49lf,ptsd,338
ptsd_ndvhto,ptsd,353
ptsd_d7hs6z,ptsd,1705
ptsd_itpfhz,ptsd,736
ptsd_f8dzxu,ptsd,464
ptsd_i3tqrw,ptsd,607
ptsd_qv8byo,ptsd,576
ptsd_jjixos,ptsd,385
ptsd_hvd825,ptsd,439
ptsd_o66r8k,ptsd,486
ptsd_na0evu,ptsd,366
ptsd_g0n2sg,ptsd,381
ptsd_i26uni,ptsd,390
ptsd_gawy64,ptsd,407
ptsd_o4hfia,ptsd,787
ptsd_dqm1ho,ptsd,394
ptsd_mr8144,ptsd,334
ptsd_mt65oz,ptsd,373
ptsd_p7fn3y,ptsd,675
ptsd_d12696,ptsd,761
ptsd_fshe9u,ptsd,447
ptsd_cza3in,ptsd,1336
ptsd_qryegk,ptsd,371
ptsd_ny0u8u,ptsd,500
ptsd_h8mw1n,ptsd,731
ptsd_rilxaf,ptsd,382
ptsd_inrp6k,ptsd,335
ptsd_hl8ca6,ptsd,314
ptsd_m301rj,ptsd,476
ptsd_k2n3uu,ptsd,429
ptsd_lpszby,ptsd,531
ptsd_gt5qjw,ptsd,423
ptsd_jbyq46,ptsd,397
ptsd_d6ljep,ptsd,351
ptsd_rek6oa,ptsd,601
ptsd_ffw7j9,ptsd,348
ptsd_e5v16t,ptsd,373
ptsd_gd1xw9,ptsd,373
ptsd_cwef98,ptsd,423
ptsd_j3frot,ptsd,318
ptsd_ojd3n8,ptsd,566
ptsd_koa26s,ptsd,579
ptsd_enmcim,ptsd,1148
ptsd_p9y140,ptsd,406
ptsd_ilqdiy,ptsd,1556
ptsd_h8kfhl,ptsd,391
ptsd_p0nuwg,ptsd,325
ptsd_jjwwyw,ptsd,348
ptsd_fbdnpe,ptsd,375
ptsd_qbtpja,ptsd,336
ptsd_orsgvw,ptsd,487
ptsd_ovzi1s,ptsd,581
ptsd_glgz2o,ptsd,332
ptsd_jrzazh,ptsd,1121
ptsd_klmoj9,ptsd,495
ptsd_nzzq7h,ptsd,578
ptsd_f5xpl0,ptsd,439
ptsd_dqx77t,ptsd,349
ptsd_rb91yw,ptsd,532
ptsd_ogcn5l,ptsd,572
ptsd_k1sc8j,ptsd,506
ptsd_f1t6qj,ptsd,690
ptsd_ommkat,ptsd,625
ptsd_dxza51,ptsd,509
ptsd_mkuwl5,ptsd,841
ptsd_d3t7tp,ptsd,2763
ptsd_jph88b,ptsd,311
ptsd_mt8kh7,ptsd,699
ptsd_jetzy0,ptsd,566
ptsd_ez1kq6,ptsd,311
ptsd_crh51q,ptsd,522
ptsd_cchxuv,ptsd,331
ptsd_i5sfs4,ptsd,329
ptsd_ch7fq0,ptsd,314
ptsd_f5r4eg,ptsd,635
ptsd_o37mqw,ptsd,742
ptsd_lwlvjz,ptsd,482
ptsd_ntr04u,ptsd,335
ptsd_flqkoa,ptsd,410
ptsd_i57feg,ptsd,864
ptsd_ox6jh3,ptsd,394
ptsd_r8bhvp,ptsd,1395
ptsd_don3sw,ptsd,313
ptsd_ms1jdl,ptsd,331
ptsd_d911y0,ptsd,453
ptsd_foki6c,ptsd,544
ptsd_qup2jb,ptsd,633
ptsd_nmnk7g,ptsd,423
ptsd_pr0glb,ptsd,489
ptsd_rmfs5h,ptsd,711
ptsd_mkkvea,ptsd,333
ptsd_ealv1v,ptsd,963
ptsd_nx4ysb,ptsd,438
ptsd_msilo5,ptsd,329
ptsd_p4yz76,ptsd,329
ptsd_qoyox9,ptsd,467
ptsd_qs9anh,ptsd,378
ptsd_p8hvq9,ptsd,419
ptsd_p11ngz,ptsd,763
ptsd_f74qfl,ptsd,815
ptsd_kj9f19,ptsd,929
ptsd_j5d2sa,ptsd,736
ptsd_gf1yvq,ptsd,613
ptsd_kz9bbr,ptsd,622
ptsd_ctqux0,ptsd,434
ptsd_ivyzrp,ptsd,356
ptsd_cpcmxw,ptsd,919
ptsd_gaxzl9,ptsd,488
ptsd_eexnfm,ptsd,316
ptsd_hm9lxh,ptsd,406
ptsd_efzxj2,ptsd,448
ptsd_g74gss,ptsd,549
ptsd_fsiayx,ptsd,373
ptsd_prra7e,ptsd,605
ptsd_p9xew8,ptsd,482
ptsd_h055yl,ptsd,418
ptsd_ig6mpe,ptsd,479
ptsd_n7lnf4,ptsd,562
ptsd_f7gpjk,ptsd,356
ptsd_f8x58f,ptsd,373
ptsd_egn622,ptsd,428
ptsd_r77kwe,ptsd,409
ptsd_cl23vf,ptsd,1297
ptsd_nlwr78,ptsd,455
ptsd_gnhaxo,ptsd,409
ptsd_rceftf,ptsd,2839
ptsd_fc5jb6,ptsd,316
ptsd_jbwb4b,ptsd,493
ptsd_ghdw0g,ptsd,325
ptsd_ha1cu6,ptsd,804
ptsd_jq6acq,ptsd,509
ptsd_r2ghym,ptsd,590
ptsd_d0d9bi,ptsd,536
ptsd_m44lhh,ptsd,1520
ptsd_fb8iv2,ptsd,331
ptsd_halxn9,ptsd,448
ptsd_m0lfrk,ptsd,793
ptsd_jz8gdp,ptsd,344
ptsd_on4boh,ptsd,514
ptsd_nna54g,ptsd,313
ptsd_rkyjrg,ptsd,444
ptsd_lozh66,ptsd,500
ptsd_ekytae,ptsd,501
ptsd_q1jruf,ptsd,435
ptsd_pbuu9g,ptsd,319
ptsd_f2cnat,ptsd,406
ptsd_ilbreo,ptsd,329
ptsd_ob51g7,ptsd,359
ptsd_rgi7p6,ptsd,700
ptsd_iwvitt,ptsd,347
ptsd_nznwvd,ptsd,374
ptsd_mjgljg,ptsd,315
ptsd_fyf89q,ptsd,444
ptsd_qhi1fb,ptsd,512
ptsd_fspo6g,ptsd,375
ptsd_k5q70q,ptsd,405
ptsd_prx23e,ptsd,401
ptsd_oqu8eo,ptsd,764
ptsd_lgbcry,ptsd,431
ptsd_flpvsk,ptsd,407
ptsd_ppagej,ptsd,979
ptsd_qvbcn3,ptsd,348
ptsd_fkdoq0,ptsd,616
ptsd_l11opu,ptsd,723
ptsd_n5slkw,ptsd,557
ptsd_mg5lr9,ptsd,557
ptsd_lj1zkn,ptsd,322
ptsd_qu97kc,ptsd,886
ptsd_gl9wmh,ptsd,408
ptsd_gx0je0,ptsd,347
ptsd_m1t58h,ptsd,345
ptsd_fiimns,ptsd,327
ptsd_ed7ao0,ptsd,348
ptsd_fht7va,ptsd,410
ptsd_dqwq0j,ptsd,361
ptsd_cy4fuu,ptsd,2536
ptsd_jya8cx,ptsd,321
ptsd_gro0nx,ptsd,333
ptsd_czj3qo,ptsd,330
ptsd_gb0lt5,ptsd,356
ptsd_huzljn,ptsd,382
ptsd_fsx8wj,ptsd,1105
ptsd_esz4c5,ptsd,328
ptsd_divs82,ptsd,385
ptsd_ml13yj,ptsd,719
ptsd_disbte,ptsd,1265
ptsd_pook4c,ptsd,314
ptsd_eeijmz,ptsd,1638
ptsd_cfmihf,ptsd,340
ptsd_i7662p,ptsd,492
ptsd_pjae0z,ptsd,334
ptsd_h8k4bp,ptsd,950
ptsd_gqxemj,ptsd,827
ptsd_qamt24,ptsd,963
ptsd_chedo6,ptsd,362
ptsd_ml3dpy,ptsd,1597
ptsd_e58p22,ptsd,458
ptsd_pugc2u,ptsd,432
ptsd_clcuq2,ptsd,693
ptsd_hl5u9p,ptsd,1478
ptsd_j0le83,ptsd,863
ptsd_mffjoo,ptsd,893
ptsd_oc7nwp,ptsd,559
ptsd_mlbu54,ptsd,967
ptsd_plckol,ptsd,359
ptsd_opl77e,ptsd,396
ptsd_ewu83i,ptsd,587
ptsd_n8w1y1,ptsd,488
ptsd_m4pbe6,ptsd,548
ptsd_et1019,ptsd,489
ptsd_hwluk3,ptsd,944
ptsd_e4bii3,ptsd,333
ptsd_gcx83x,ptsd,984
ptsd_nbz444,ptsd,501
ptsd_icuk2t,ptsd,852
ptsd_nla180,ptsd,562
ptsd_j3xfat,ptsd,471
ptsd_hli05s,ptsd,402
ptsd_lnzd1u,ptsd,319
ptsd_fpgady,ptsd,601
ptsd_ly133s,ptsd,441
ptsd_iise99,ptsd,488
ptsd_gbhj40,ptsd,708
ptsd_egu71u,ptsd,394
ptsd_d7k3w1,ptsd,688
ptsd_qzas76,ptsd,549
ptsd_mxvo9l,ptsd,474
ptsd_elf5pv,ptsd,682
ptsd_iug8my,ptsd,343
ptsd_m11m10,ptsd,338
ptsd_pn44jl,ptsd,516
ptsd_m1p48n,ptsd,408
ptsd_o8t8qz,ptsd,576
ptsd_n8bz74,ptsd,527
ptsd_cb140q,ptsd,311
ptsd_m4g80i,ptsd,307
ptsd_jrr6vt,ptsd,487
ptsd_cj5uf2,ptsd,2157
ptsd_qws1ou,ptsd,348
ptsd_qh8ch4,ptsd,448
ptsd_ekt0wk,ptsd,383
ptsd_e1sgak,ptsd,471
ptsd_dojeqz,ptsd,329
ptsd_ge3khk,ptsd,3065
ptsd_hz6524,ptsd,361
ptsd_rjr3lb,ptsd,1141
ptsd_o1xmlz,ptsd,974
ptsd_k98cth,ptsd,663
ptsd_g0e6sc,ptsd,403
ptsd_n0iac3,ptsd,381
ptsd_des1n6,ptsd,555
ptsd_rlo6s6,ptsd,585
ptsd_eag2uy,ptsd,503
ptsd_cx8yda,ptsd,1315
ptsd_gf75l9,ptsd,309
ptsd_j4m3q9,ptsd,1683
ptsd_nr48gm,ptsd,329
ptsd_ogrymy,ptsd,622
ptsd_do7tdy,ptsd,394
ptsd_hx5uyh,ptsd,558
ptsd_qygdqb,ptsd,472
ptsd_n6lgxp,ptsd,384
ptsd_psenxz,ptsd,1662
ptsd_d46vzc,ptsd,365
ptsd_i0h5xr,ptsd,1361
ptsd_jcmsba,ptsd,465
ptsd_co4xln,ptsd,432
ptsd_rl7hwe,ptsd,310
ptsd_mk1lbx,ptsd,427
ptsd_qhbqvv,ptsd,341
ptsd_gt5h2u,ptsd,663
ptsd_f11aar,ptsd,418
ptsd_k1k56o,ptsd,416
ptsd_godefy,ptsd,837
ptsd_cunrm9,ptsd,321
ptsd_n2qlyz,ptsd,437
ptsd_owiix1,ptsd,1026
ptsd_olil0k,ptsd,486
ptsd_qm76nm,ptsd,363
ptsd_jf7f4l,ptsd,336
ptsd_q09j7h,ptsd,481
ptsd_mjksqg,ptsd,663
ptsd_cyxpwz,ptsd,2153
ptsd_fnf8qg,ptsd,378
ptsd_ctkgvz,ptsd,970
ptsd_kucaom,ptsd,361
ptsd_hajyul,ptsd,386
ptsd_orww6j,ptsd,737
ptsd_qtw65v,ptsd,518
ptsd_pezpy8,ptsd,530
ptsd_mr0nl6,ptsd,400
ptsd_e7hk5l,ptsd,422
ptsd_p39vnn,ptsd,400
ptsd_cv521o,ptsd,473
ptsd_cqbyqf,ptsd,1068
ptsd_i3l3ia,ptsd,592
ptsd_oro3wo,ptsd,309
ptsd_jyk055,ptsd,528
ptsd_piqmph,ptsd,353
ptsd_ookbyu,ptsd,727
ptsd_d647rg,ptsd,350
ptsd_gq0334,ptsd,335
ptsd_demye9,ptsd,436
ptsd_n9pair,ptsd,642
ptsd_cssx6u,ptsd,364
ptsd_m11rz1,ptsd,824
ptsd_jpoxqh,ptsd,336
ptsd_gr1ybw,ptsd,451
ptsd_obh8cs,ptsd,767
ptsd_doqec1,ptsd,360
ptsd_qw5l9t,ptsd,342
ptsd_dy2fvo,ptsd,788
ptsd_fnblau,ptsd,576
ptsd_pepm7l,ptsd,332
ptsd_nf77zf,ptsd,369
ptsd_oimobx,ptsd,436
ptsd_j42wx0,ptsd,335
ptsd_pxisez,ptsd,310
ptsd_phpnng,ptsd,312
ptsd_r6r7ha,ptsd,470
ptsd_co6lzd,ptsd,373
ptsd_ci6lzr,ptsd,384
ptsd_qy0oax,ptsd,446
ptsd_habl6q,ptsd,484
ptsd_hcmgw1,ptsd,396
ptsd_cmobf0,ptsd,309
ptsd_iicvwa,ptsd,573
ptsd_e9t2na,ptsd,432
ptsd_dzane2,ptsd,345
ptsd_enmivy,ptsd,1066
ptsd_nzfzm0,ptsd,591
ptsd_j4n7p6,ptsd,695
ptsd_fy6wk7,ptsd,411
ptsd_q5d7c0,ptsd,552
ptsd_ehzkb8,ptsd,340
ptsd_dkssmj,ptsd,1457
ptsd_ip8r1n,ptsd,428
ptsd_mrt1oi,ptsd,482
ptsd_de90pi,ptsd,351
ptsd_j4018g,ptsd,318
ptsd_e60rlf,ptsd,449
ptsd_on866y,ptsd,1185
ptsd_gzmc1y,ptsd,603
ptsd_cbrbs5,ptsd,610
ptsd_pkx1k0,ptsd,335
ptsd_pqco2e,ptsd,633
ptsd_fsl5df,ptsd,647
ptsd_cz9y6s,ptsd,347
ptsd_kusbrq,ptsd,376
ptsd_ia3wpu,ptsd,446
ptsd_mshjaz,ptsd,1047
ptsd_nm1w6e,ptsd,1824
ptsd_g2jmpt,ptsd,426
ptsd_prawd9,ptsd,684
ptsd_iwgtfe,ptsd,322
ptsd_pti85n,ptsd,775
ptsd_en3xso,ptsd,486
ptsd_rlkqos,ptsd,328
ptsd_mul8yp,ptsd,3893
ptsd_qr3sk1,ptsd,517
ptsd_q72g20,ptsd,357
ptsd_df417n,ptsd,986
ptsd_o6xzkx,ptsd,393
ptsd_mtj9ro,ptsd,315
ptsd_q7if91,ptsd,434
ptsd_n6esnz,ptsd,603
ptsd_d8yvb2,ptsd,365
ptsd_qx6nm3,ptsd,610
ptsd_hicnzi,ptsd,415
ptsd_ptlb4k,ptsd,640
ptsd_odaw49,ptsd,825
ptsd_f8j7mm,ptsd,382
ptsd_epluwo,ptsd,433
ptsd_or2p89,ptsd,349
ptsd_qwwb91,ptsd,556
ptsd_r2hoji,ptsd,983
ptsd_ou920g,ptsd,653
ptsd_qf5bdy,ptsd,334
ptsd_nzjuty,ptsd,448
ptsd_d4srlh,ptsd,648
ptsd_e6cwod,ptsd,750
ptsd_ibfm1q,ptsd,756
ptsd_ps1gyy,ptsd,629
ptsd_j35e1v,ptsd,550
ptsd_dxz2y2,ptsd,467
ptsd_i5na8z,ptsd,324
ptsd_ccjmh4,ptsd,402
ptsd_dibghh,ptsd,393
ptsd_o0xbi3,ptsd,489
ptsd_n5xvx0,ptsd,391
ptsd_qmdv28,ptsd,340
ptsd_f1vvyo,ptsd,540
ptsd_oorlxl,ptsd,423
ptsd_mk82je,ptsd,403
ptsd_oyzp00,ptsd,329
ptsd_fq69nq,ptsd,418
ptsd_fs6scy,ptsd,407
ptsd_oe1xn4,ptsd,398
ptsd_rmngo7,ptsd,463
ptsd_fuytgk,ptsd,554
ptsd_p56t16,ptsd,317
ptsd_ivewye,ptsd,1425
ptsd_rmkyyz,ptsd,358
ptsd_jq1bgm,ptsd,327
ptsd_mrcesz,ptsd,312
ptsd_osa2px,ptsd,313
ptsd_qdfuks,ptsd,406
ptsd_lkrw8c,ptsd,473
ptsd_oswl6g,ptsd,597
ptsd_qba8lk,ptsd,1586
ptsd_muha37,ptsd,328
ptsd_cv8ffr,ptsd,312
ptsd_k6umrm,ptsd,413
ptsd_fllsje,ptsd,310
ptsd_edidhk,ptsd,406
ptsd_ggvoco,ptsd,343
ptsd_fq3gul,ptsd,742
ptsd_n6mm8s,ptsd,353
ptsd_iol60t,ptsd,1088
ptsd_easq0l,ptsd,424
ptsd_ftr8gb,ptsd,371
ptsd_htputb,ptsd,329
ptsd_hb6cyj,ptsd,346
ptsd_q44web,ptsd,337
ptsd_oc53im,ptsd,571
ptsd_fmt847,ptsd,629
ptsd_e9nqly,ptsd,627
ptsd_cwspju,ptsd,624
ptsd_ffzluo,ptsd,402
ptsd_ptuvnn,ptsd,774
ptsd_i4a617,ptsd,567
ptsd_iwdm0n,ptsd,378
ptsd_fids9v,ptsd,465
ptsd_o6leoz,ptsd,330
ptsd_hq8h4u,ptsd,1135
ptsd_oj0a5t,ptsd,737
ptsd_pdjnoq,ptsd,438
ptsd_hhf5hk,ptsd,656
ptsd_om1fmz,ptsd,710
ptsd_cflr8r,ptsd,556
ptsd_exn89k,ptsd,1937
ptsd_ohg72p,ptsd,351
ptsd_fqjx6b,ptsd,922
ptsd_hxuzqg,ptsd,333
ptsd_da927s,ptsd,421
ptsd_qe4xzq,ptsd,334
ptsd_e8hsyw,ptsd,570
ptsd_k4hub7,ptsd,423
ptsd_r32yh5,ptsd,394
ptsd_gdq5ao,ptsd,395
ptsd_raga5f,ptsd,356
ptsd_ig4k3y,ptsd,366
ptsd_dgq55c,ptsd,601
ptsd_rj10qj,ptsd,830
ptsd_jrofdx,ptsd,382
ptsd_ehdyj1,ptsd,323
ptsd_qw0w2r,ptsd,415
ptsd_otsgpl,ptsd,360
ptsd_nd246s,ptsd,394
ptsd_g5wybz,ptsd,855
ptsd_hx9d7l,ptsd,395
ptsd_r7e09e,ptsd,384
ptsd_jmfi4t,ptsd,324
ptsd_ei6ihp,ptsd,327
ptsd_ekzbvf,ptsd,433
ptsd_cqzv4q,ptsd,360
ptsd_gjy67z,ptsd,430
ptsd_p2b8gl,ptsd,311
ptsd_gv0t20,ptsd,1102
ptsd_dmj3a0,ptsd,354
ptsd_ct0fqm,ptsd,518
ptsd_nvpv2h,ptsd,780
ptsd_fxhauo,ptsd,369
ptsd_dw9zji,ptsd,421
ptsd_chzimv,ptsd,775
ptsd_g2vxf6,ptsd,321
ptsd_pmgrq7,ptsd,374
ptsd_nslzv7,ptsd,435
ptsd_fqanaa,ptsd,401
ptsd_gwftr8,ptsd,345
ptsd_lwdl01,ptsd,503
ptsd_lt3d4k,ptsd,426
ptsd_felz1i,ptsd,432
ptsd_iyg27j,ptsd,433
ptsd_ej5a7a,ptsd,358
ptsd_gjjuad,ptsd,844
ptsd_obdrb1,ptsd,386
ptsd_pm6b13,ptsd,351
ptsd_du34pn,ptsd,396
ptsd_jr9e8b,ptsd,359
ptsd_r9ibwi,ptsd,477
ptsd_ri9w9n,ptsd,561
ptsd_p41lvp,ptsd,533
ptsd_ovj2j0,ptsd,346
ptsd_nzcwy5,ptsd,1063
ptsd_rc6zid,ptsd,430
ptsd_ofcg4s,ptsd,434
ptsd_pw8seu,ptsd,322
ptsd_o0ic1w,ptsd,457
ptsd_dyn7sb,ptsd,356
ptsd_fe7fcr,ptsd,319
ptsd_oha0ry,ptsd,314
ptsd_rlxkt4,ptsd,546
ptsd_jdwd32,ptsd,877
ptsd_nea0vh,ptsd,1011
ptsd_loedoa,ptsd,864
ptsd_ppqqe9,ptsd,365
ptsd_hdp9bl,ptsd,329
ptsd_rd4h8f,ptsd,495
ptsd_e35wuc,ptsd,332
ptsd_r3dcwp,ptsd,465
ptsd_po0wjh,ptsd,984
ptsd_lhcdcj,ptsd,423
ptsd_qbrzed,ptsd,1178
ptsd_qhjvn3,ptsd,416
ptsd_kj4ip2,ptsd,517
ptsd_f23q5u,ptsd,604
ptsd_dv1xyx,ptsd,2365
ptsd_nh3ihd,ptsd,1111
ptsd_l7r8ov,ptsd,559
ptsd_fov9jo,ptsd,384
ptsd_g40p74,ptsd,844
ptsd_dn98cv,ptsd,308
ptsd_potxvt,ptsd,387
ptsd_ovlhgs,ptsd,546
ptsd_qc6769,ptsd,313
ptsd_oe2rbk,ptsd,595
ptsd_f3r2kd,ptsd,413
ptsd_dz3zxr,ptsd,323
ptsd_idfpce,ptsd,1071
ptsd_otyh4l,ptsd,319
ptsd_dyyjcf,ptsd,426
ptsd_okov8s,ptsd,389
ptsd_hynzro,ptsd,310
ptsd_fg61r8,ptsd,1442
ptsd_idkv9z,ptsd,362
ptsd_litod5,ptsd,451
ptsd_elex01,ptsd,431
ptsd_rap3qu,ptsd,304
ptsd_f0d979,ptsd,1162
ptsd_r5w2b4,ptsd,416
ptsd_oba8ij,ptsd,347
ptsd_g9vohy,ptsd,455
ptsd_cncdr1,ptsd,652
ptsd_q2f3q7,ptsd,314
ptsd_gi3y4v,ptsd,581
ptsd_g8pr65,ptsd,313
ptsd_pmpmmx,ptsd,436
ptsd_g1r4ta,ptsd,931
ptsd_hpj6cl,ptsd,378
ptsd_ijyu14,ptsd,367
ptsd_fqp9r8,ptsd,654
ptsd_n5w5ut,ptsd,373
ptsd_jxuugq,ptsd,336
ptsd_dtpoba,ptsd,1063
ptsd_np10gn,ptsd,689
ptsd_r2kl0w,ptsd,428
ptsd_refp4q,ptsd,706
ptsd_g7ej98,ptsd,621
ptsd_qzif2y,ptsd,425
ptsd_qk7qh6,ptsd,460
ptsd_i2v2ze,ptsd,2275
ptsd_rci3v7,ptsd,612
ptsd_osnhq5,ptsd,1119
ptsd_radmth,ptsd,313
ptsd_dl21p3,ptsd,369
ptsd_exj9s4,ptsd,422
ptsd_du3bl2,ptsd,359
ptsd_f5x6ny,ptsd,591
ptsd_idubbf,ptsd,536
ptsd_qo0za7,ptsd,2941
ptsd_qxj5f2,ptsd,358
ptsd_mu91dg,ptsd,1071
ptsd_ngd9lo,ptsd,427
ptsd_qxxmec,ptsd,348
ptsd_r8hc9l,ptsd,307
ptsd_hfvrjf,ptsd,329
ptsd_e1rdpc,ptsd,403
ptsd_npv3p0,ptsd,1067
ptsd_ot6lnt,ptsd,563
ptsd_lx4ln8,ptsd,408
ptsd_fy77iy,ptsd,504
ptsd_m4ko4m,ptsd,1345
ptsd_dlsral,ptsd,610
ptsd_qs964w,ptsd,871
ptsd_q9ox4d,ptsd,415
ptsd_j0oc0c,ptsd,383
ptsd_p98228,ptsd,590
ptsd_fvj18g,ptsd,336
ptsd_n40sux,ptsd,350
ptsd_irgyl1,ptsd,485
ptsd_ffq2w7,ptsd,651
ptsd_r5jwqg,ptsd,466
ptsd_fsfugh,ptsd,609
ptsd_ndvydn,ptsd,421
ptsd_nvx9v3,ptsd,699
ptsd_e48id5,ptsd,358
ptsd_fapivt,ptsd,1575
ptsd_envrca,ptsd,367
ptsd_r40ni4,ptsd,506
ptsd_pb9m80,ptsd,326
ptsd_r9mriv,ptsd,594
ptsd_oolozm,ptsd,937
ptsd_fi70uq,ptsd,406
ptsd_f1lcec,ptsd,555
ptsd_jsbry3,ptsd,1013
ptsd_mrkb8v,ptsd,698
ptsd_j239hi,ptsd,425
ptsd_d56clu,ptsd,321
ptsd_dbdr4s,ptsd,678
ptsd_dijp4w,ptsd,405
ptsd_nopk55,ptsd,371
ptsd_e9os8u,ptsd,347
ptsd_m3z1ob,ptsd,461
ptsd_pivxqs,ptsd,592
ptsd_qc0zdc,ptsd,410
ptsd_dz5cf7,ptsd,730
ptsd_q5p0hd,ptsd,345
ptsd_j1f4jg,ptsd,519
ptsd_fm5877,ptsd,372
ptsd_r1g8g3,ptsd,577
ptsd_pb1hts,ptsd,597
ptsd_o9wi15,ptsd,695
ptsd_q9m6l7,ptsd,728
ptsd_dnnasr,ptsd,434
ptsd_hiazh0,ptsd,329
ptsd_caxe49,ptsd,477
ptsd_r5nkvl,ptsd,309
ptsd_f8dsjn,ptsd,469
ptsd_rfulni,ptsd,1117
ptsd_dxy193,ptsd,717
ptsd_e6hu56,ptsd,615
ptsd_dbmx1d,ptsd,426
ptsd_p920mj,ptsd,333
ptsd_i3r01d,ptsd,331
ptsd_g0ueb0,ptsd,456
ptsd_o0p06y,ptsd,318
ptsd_f0c4eu,ptsd,326
ptsd_dy05ll,ptsd,843
ptsd_rmyxx1,ptsd,589
ptsd_p7365x,ptsd,573
ptsd_l4xc4l,ptsd,462
ptsd_l0gxyi,ptsd,308
ptsd_fbda1l,ptsd,1079
ptsd_r7l5bd,ptsd,310
ptsd_i1jdjf,ptsd,396
ptsd_etn21s,ptsd,311
ptsd_o9gwf9,ptsd,1091
ptsd_hfa4cl,ptsd,319
ptsd_e7snnn,ptsd,375
ptsd_lorgpj,ptsd,513
ptsd_i5drlk,ptsd,354
ptsd_nn7nlx,ptsd,394
ptsd_gs5j1r,ptsd,386
ptsd_f578oe,ptsd,374
ptsd_ew2the,ptsd,434
ptsd_owgckk,ptsd,468
ptsd_n98jp3,ptsd,399
ptsd_phasqp,ptsd,1004
ptsd_pjdq6i,ptsd,349
ptsd_eqns8y,ptsd,1485
ptsd_eglz2l,ptsd,471
ptsd_r3rqth,ptsd,539
ptsd_gz6iw4,ptsd,828
ptsd_ct8ehi,ptsd,732
ptsd_o73ko8,ptsd,663
ptsd_nh38l7,ptsd,315
ptsd_n8osve,ptsd,508
ptsd_fl2b87,ptsd,494
ptsd_jr7hdk,ptsd,314
ptsd_raiz3f,ptsd,1405
ptsd_j6xj9q,ptsd,826
ptsd_n4qoax,ptsd,345
ptsd_dahaif,ptsd,388
ptsd_qqat6o,ptsd,1713
ptsd_jiuzx6,ptsd,3319
ptsd_qfbwzu,ptsd,512
ptsd_qvt50d,ptsd,428
ptsd_lfn3g4,ptsd,499
ptsd_pl2qpa,ptsd,371
ptsd_fu2dgs,ptsd,377
ptsd_eap3jp,ptsd,394
ptsd_kjhlyq,ptsd,408
ptsd_cssfcq,ptsd,420
ptsd_e0dt0u,ptsd,1141
ptsd_jgffdo,ptsd,356
ptsd_jhl6ln,ptsd,379
ptsd_dld3jz,ptsd,327
ptsd_eybo7p,ptsd,1320
ptsd_rlvkdr,ptsd,424
ptsd_p9145v,ptsd,330
ptsd_fs59fw,ptsd,475
ptsd_o33s5r,ptsd,312
ptsd_q7z209,ptsd,758
ptsd_myp98x,ptsd,685
ptsd_h8h518,ptsd,557
ptsd_pitlmn,ptsd,352
ptsd_jfgghp,ptsd,3818
ptsd_cs59kj,ptsd,362
ptsd_hgp9az,ptsd,421
ptsd_msl50f,ptsd,359
ptsd_mnqi41,ptsd,457
ptsd_ns6v9b,ptsd,567
ptsd_f94v29,ptsd,384
ptsd_p6f225,ptsd,487
ptsd_gcn5e0,ptsd,729
ptsd_eydvka,ptsd,539
ptsd_jt9nyf,ptsd,559
ptsd_k4isdb,ptsd,347
ptsd_mhgacu,ptsd,568
ptsd_ozc1w3,ptsd,438
ptsd_gh0vvv,ptsd,1330
ptsd_nunctd,ptsd,768
ptsd_reosje,ptsd,412
ptsd_n1eo38,ptsd,364
ptsd_nxk8gq,ptsd,330
ptsd_oticdr,ptsd,959
ptsd_jyosvj,ptsd,868
ptsd_iwzyhf,ptsd,399
ptsd_o52zlj,ptsd,333
ptsd_eoblm8,ptsd,444
ptsd_edq2vy,ptsd,2140
ptsd_efn8sf,ptsd,467
ptsd_ipe0vq,ptsd,580
ptsd_kiwn9o,ptsd,425
ptsd_lsxdmu,ptsd,1992
ptsd_pl3bh7,ptsd,405
ptsd_ob6s15,ptsd,961
ptsd_icji79,ptsd,763
ptsd_dxfhg5,ptsd,855
ptsd_pmzh9c,ptsd,442
ptsd_mfjje0,ptsd,482
ptsd_nk5tcy,ptsd,692
ptsd_nwf4vn,ptsd,1318
ptsd_isz7ye,ptsd,431
ptsd_lskpyw,ptsd,781
ptsd_met6zx,ptsd,485
ptsd_p4n80k,ptsd,744
ptsd_ocwk30,ptsd,604
ptsd_cy2hcq,ptsd,552
ptsd_fey23j,ptsd,457
ptsd_d306wc,ptsd,365
ptsd_ikaw0b,ptsd,602
ptsd_hrd2mb,ptsd,985
ptsd_ci1sv6,ptsd,928
ptsd_ddt5fb,ptsd,768
ptsd_hnasva,ptsd,583
ptsd_j1ygzu,ptsd,330
ptsd_jktjba,ptsd,361
ptsd_e0pz9m,ptsd,498
ptsd_idp8gs,ptsd,384
ptsd_i4t38f,ptsd,461
ptsd_hljt10,ptsd,428
ptsd_e28u8x,ptsd,334
ptsd_jpcdla,ptsd,351
ptsd_gm08s0,ptsd,330
ptsd_jnu11o,ptsd,390
ptsd_cnn6mi,ptsd,423
ptsd_d4w99y,ptsd,523
ptsd_jrggn8,ptsd,352
ptsd_my0ic2,ptsd,334
ptsd_r8qdcm,ptsd,525
ptsd_k3pw36,ptsd,1237
ptsd_nbpg1c,ptsd,446
ptsd_fpy7e3,ptsd,622
ptsd_euiwiy,ptsd,406
ptsd_oal2of,ptsd,324
ptsd_dx20w6,ptsd,325
ptsd_ckybdo,ptsd,319
ptsd_rbrq6t,ptsd,390
ptsd_qxrwlg,ptsd,544
ptsd_kl5sy2,ptsd,361
ptsd_mlsp3d,ptsd,415
ptsd_mml0mq,ptsd,411
ptsd_n8zaai,ptsd,429
ptsd_ic4gqo,ptsd,362
ptsd_ikwrj1,ptsd,356
ptsd_hsoji1,ptsd,450
ptsd_jwlw7v,ptsd,722
ptsd_oyswkj,ptsd,411
ptsd_ch07g5,ptsd,776
ptsd_pobuoi,ptsd,523
ptsd_exicze,ptsd,2325
ptsd_pj52l7,ptsd,353
ptsd_lwkl0j,ptsd,435
ptsd_f482oz,ptsd,523
ptsd_ils4gb,ptsd,422
ptsd_mvxmfv,ptsd,467
ptsd_n82fss,ptsd,1171
ptsd_clz2yn,ptsd,1118
ptsd_p3rzxd,ptsd,497
ptsd_gpmq0u,ptsd,369
ptsd_e5v6ro,ptsd,325
ptsd_d3gkfg,ptsd,433
ptsd_e833ci,ptsd,426
ptsd_edigcl,ptsd,372
ptsd_odli5r,ptsd,955
ptsd_qqywrq,ptsd,367
ptsd_i2p890,ptsd,1142
ptsd_kgh4ci,ptsd,742
ptsd_reywp6,ptsd,605
ptsd_hljw50,ptsd,371
ptsd_ct62gf,ptsd,425
ptsd_o0xnde,ptsd,424
ptsd_r61x9m,ptsd,631
ptsd_qs0p9t,ptsd,451
ptsd_jxvr5o,ptsd,394
ptsd_mzglku,ptsd,423
ptsd_p9js1u,ptsd,596
ptsd_cbcai1,ptsd,355
ptsd_daqcen,ptsd,600
ptsd_cm90la,ptsd,760
ptsd_l8f4om,ptsd,496
ptsd_ftfp1u,ptsd,362
ptsd_kagx4i,ptsd,442
ptsd_j2z6bf,ptsd,529
ptsd_qh8sf1,ptsd,376
ptsd_itlyix,ptsd,319
ptsd_oxsvdo,ptsd,387
ptsd_gq4213,ptsd,551
ptsd_ozqsad,ptsd,311
ptsd_eisas5,ptsd,442
ptsd_fp4za4,ptsd,604
ptsd_ilhytb,ptsd,342
ptsd_huhn0r,ptsd,778
ptsd_grbp32,ptsd,2752
ptsd_ppeq16,ptsd,580
ptsd_dem32o,ptsd,440
ptsd_k0n1i8,ptsd,553
ptsd_rhyhwf,ptsd,751
ptsd_hqlxy9,ptsd,335
ptsd_jvdg56,ptsd,515
ptsd_ig4ore,ptsd,342
ptsd_ecxg47,ptsd,1554
ptsd_gqr0f8,ptsd,435
ptsd_jzf56r,ptsd,1254
ptsd_hprt1i,ptsd,383
ptsd_mj2ctb,ptsd,741
ptsd_nsl99q,ptsd,883
ptsd_qc32qw,ptsd,450
ptsd_nxk0e2,ptsd,314
ptsd_cbnjdw,ptsd,632
ptsd_ka8tqw,ptsd,321
ptsd_e5yuzk,ptsd,452
ptsd_jxdxac,ptsd,454
ptsd_lk30ew,ptsd,419
ptsd_llet9x,ptsd,333
ptsd_k4pkex,ptsd,388
ptsd_hy9u4r,ptsd,514
ptsd_ejdgr7,ptsd,381
ptsd_my6gdt,ptsd,378
ptsd_qw3kq6,ptsd,350
ptsd_cj6vhq,ptsd,376
ptsd_n5etvc,ptsd,385
ptsd_o0l88v,ptsd,573
ptsd_cunmfq,ptsd,531
ptsd_q69z26,ptsd,337
ptsd_r9laps,ptsd,451
ptsd_pifc3q,ptsd,422
ptsd_cbsci5,ptsd,328
ptsd_d1al36,ptsd,379
ptsd_pien07,ptsd,371
ptsd_iqmlsj,ptsd,356
ptsd_efgh4k,ptsd,375
ptsd_ffrcx1,ptsd,438
ptsd_olo1ly,ptsd,339
ptsd_j9r7sh,ptsd,2110
ptsd_fue84g,ptsd,352
ptsd_n0494b,ptsd,333
ptsd_hnsrxh,ptsd,308
ptsd_rfbckw,ptsd,377
ptsd_ebh0yw,ptsd,552
ptsd_e8ef2y,ptsd,1373
ptsd_m5vq38,ptsd,519
ptsd_higj2s,ptsd,663
ptsd_kuak5m,ptsd,531
ptsd_fhmn7e,ptsd,339
ptsd_o9hhrh,ptsd,622
ptsd_nyuoq0,ptsd,393
ptsd_pgeb1w,ptsd,575
ptsd_hux29h,ptsd,735
ptsd_gvwmoc,ptsd,679
ptsd_n8v0kl,ptsd,393
ptsd_oibvbj,ptsd,710
ptsd_r22vi2,ptsd,427
ptsd_pf1dae,ptsd,411
ptsd_h0oggz,ptsd,543
ptsd_cjgtez,ptsd,995
ptsd_r6ihwy,ptsd,400
ptsd_eibybn,ptsd,725
ptsd_nr65d7,ptsd,308
ptsd_gziodm,ptsd,559
ptsd_rlnwhe,ptsd,357
ptsd_q1xf12,ptsd,330
ptsd_ljwpwu,ptsd,336
ptsd_jzy3vo,ptsd,400
ptsd_iafp05,ptsd,640
ptsd_d16wz7,ptsd,564
ptsd_d17wy7,ptsd,476
ptsd_dg6zx9,ptsd,422
ptsd_hjz0sx,ptsd,314
ptsd_e5ktg5,ptsd,341
ptsd_goubu2,ptsd,460
ptsd_n58h5b,ptsd,636
ptsd_mvuxjj,ptsd,439
ptsd_p07hnm,ptsd,425
ptsd_g3iwa6,ptsd,324
ptsd_pq5jew,ptsd,658
ptsd_ownhda,ptsd,453
ptsd_iu1fkp,ptsd,522
ptsd_lxc09k,ptsd,1385
ptsd_czuw3k,ptsd,460
ptsd_g3ll99,ptsd,340
ptsd_g2jfkk,ptsd,968
ptsd_ejr63i,ptsd,489
ptsd_pn0192,ptsd,313
ptsd_cu0rjd,ptsd,527
ptsd_j58ipc,ptsd,392
ptsd_gyzngj,ptsd,309
ptsd_ort3dt,ptsd,392
ptsd_jsx9em,ptsd,305
ptsd_dm17ex,ptsd,438
ptsd_mi3wxa,ptsd,336
ptsd_g6utnw,ptsd,428
ptsd_m0ztny,ptsd,449
ptsd_lb1erl,ptsd,1011
ptsd_dmpndz,ptsd,415
ptsd_m3c714,ptsd,375
ptsd_gq52s0,ptsd,765
ptsd_qubs6g,ptsd,439
ptsd_oof74h,ptsd,617
ptsd_i3pvi8,ptsd,655
ptsd_o45bl7,ptsd,310
ptsd_jwrdrm,ptsd,387
ptsd_mvsald,ptsd,481
ptsd_p1fhqc,ptsd,1097
ptsd_oqyp2r,ptsd,321
ptsd_kkzjtf,ptsd,565
ptsd_kudjpb,ptsd,583
ptsd_oxi4s7,ptsd,336
ptsd_ofzi0t,ptsd,680
ptsd_e3joj7,ptsd,1431
ptsd_gsxjk7,ptsd,690
ptsd_ly2guz,ptsd,484
ptsd_faghne,ptsd,422
ptsd_kfcgfu,ptsd,889
ptsd_d0mywp,ptsd,377
ptsd_r1s41l,ptsd,534
ptsd_nujetg,ptsd,393
ptsd_d8nf4o,ptsd,376
ptsd_f1chvx,ptsd,384
ptsd_lh76w5,ptsd,527
ptsd_fxpu7b,ptsd,407
ptsd_n7s2nn,ptsd,366
ptsd_r0whpo,ptsd,597
ptsd_ocrpfy,ptsd,341
ptsd_dcceyk,ptsd,364
ptsd_dksq2w,ptsd,381
ptsd_cjtnr8,ptsd,352
ptsd_oftgws,ptsd,1211
ptsd_pljhbj,ptsd,432
ptsd_q5ikr5,ptsd,330
ptsd_rdu4gp,ptsd,358
ptsd_m3tmll,ptsd,451
ptsd_mzedr2,ptsd,486
ptsd_nmtbuv,ptsd,921
ptsd_jv0ut4,ptsd,469
ptsd_krvm86,ptsd,349
ptsd_rmlqxf,ptsd,1156
ptsd_he42av,ptsd,504
ptsd_lhfieh,ptsd,2133
ptsd_n7bv31,ptsd,332
ptsd_o8t8x4,ptsd,492
ptsd_gimf13,ptsd,888
ptsd_kiq7r4,ptsd,889
ptsd_ooptiv,ptsd,450
ptsd_rclk2i,ptsd,384
ptsd_n4hdj3,ptsd,437
ptsd_f0hmin,ptsd,407
ptsd_fuagv6,ptsd,348
ptsd_n7j87j,ptsd,935
ptsd_kv0zjv,ptsd,377
ptsd_k5owj2,ptsd,477
ptsd_ffosag,ptsd,458
ptsd_mep4qd,ptsd,416
ptsd_pi0a7o,ptsd,381
ptsd_rkt0tw,ptsd,1241
ptsd_o8qy8b,ptsd,517
ptsd_rfu6af,ptsd,672
ptsd_cvuvcw,ptsd,832
ptsd_ovlbj5,ptsd,940
ptsd_mr8wsh,ptsd,363
ptsd_fqzjr1,ptsd,500
ptsd_fi5gyd,ptsd,363
ptsd_otoy9s,ptsd,405
ptsd_gl6yw6,ptsd,422
ptsd_ck7ki2,ptsd,356
ptsd_qa9h8v,ptsd,443
ptsd_njm9h3,ptsd,1547
ptsd_ihkv27,ptsd,330
ptsd_qubce9,ptsd,650
ptsd_goui7s,ptsd,349
ptsd_ogwked,ptsd,533
ptsd_cs1d5s,ptsd,1467
ptsd_iuswdr,ptsd,758
ptsd_op1fcm,ptsd,423
ptsd_gagdgm,ptsd,693
ptsd_fwpqly,ptsd,495
ptsd_ekudh9,ptsd,566
ptsd_qynb39,ptsd,537
ptsd_ce5wyg,ptsd,429
ptsd_ewamvs,ptsd,347
ptsd_m5656k,ptsd,595
ptsd_qmrs1r,ptsd,488
ptsd_klarti,ptsd,525
ptsd_m3p6nx,ptsd,364
ptsd_o4ue3r,ptsd,620
ptsd_okfj03,ptsd,1063
ptsd_qp6q6a,ptsd,610
ptsd_pwcgre,ptsd,317
ptsd_lmdzex,ptsd,1182
ptsd_cxza1n,ptsd,320
ptsd_crvr9v,ptsd,324
ptsd_ljcwuo,ptsd,596
ptsd_dwwukm,ptsd,2667
ptsd_jqs3f7,ptsd,335
ptsd_rl6qhv,ptsd,508
ptsd_cdshzw,ptsd,1232
ptsd_osixky,ptsd,364
ptsd_ocecxi,ptsd,690
ptsd_dhmqg6,ptsd,629
ptsd_dc1w2g,ptsd,449
ptsd_hwpqgl,ptsd,361
ptsd_mhf67v,ptsd,405
ptsd_nfvdel,ptsd,1199
ptsd_qejbzk,ptsd,319
ptsd_ejirxc,ptsd,334
ptsd_g0is1s,ptsd,3189
ptsd_ch518m,ptsd,708
ptsd_ehswke,ptsd,1224
ptsd_gn6lm6,ptsd,548
ptsd_los318,ptsd,433
ptsd_p4na9q,ptsd,310
ptsd_mih9xm,ptsd,312
ptsd_cekpuu,ptsd,594
ptsd_of49cc,ptsd,482
ptsd_d51bvy,ptsd,381
ptsd_jv528o,ptsd,456
ptsd_k8bchp,ptsd,556
ptsd_ig5rr7,ptsd,444
ptsd_cu1kp7,ptsd,316
ptsd_ht8ox8,ptsd,1139
ptsd_cly5zk,ptsd,399
ptsd_j8h741,ptsd,866
ptsd_cswmo4,ptsd,319
ptsd_hbrekm,ptsd,573
ptsd_qsx7dq,ptsd,361
ptsd_gl9h3n,ptsd,441
ptsd_mi8wuz,ptsd,349
ptsd_ckfiy6,ptsd,424
ptsd_mzc1bj,ptsd,662
ptsd_fc334l,ptsd,327
ptsd_fjgkh9,ptsd,479
ptsd_dxu6zl,ptsd,541
ptsd_r5eztb,ptsd,591
ptsd_cw0gfn,ptsd,1302
ptsd_q8i3a5,ptsd,345
ptsd_r400mt,ptsd,357
ptsd_i9thbh,ptsd,364
ptsd_i9uinr,ptsd,345
ptsd_gw1i0z,ptsd,446
ptsd_onkv00,ptsd,379
ptsd_ogozgt,ptsd,546
ptsd_gmosod,ptsd,458
ptsd_eer5i9,ptsd,460
ptsd_dxvrez,ptsd,370
ptsd_pheooe,ptsd,560
ptsd_kcaeh3,ptsd,474
ptsd_dl0txn,ptsd,2472
ptsd_gppiw5,ptsd,679
ptsd_elv7hn,ptsd,308
ptsd_cui5el,ptsd,458
ptsd_p7sa1x,ptsd,451
ptsd_j21ehg,ptsd,392
ptsd_end2m5,ptsd,386
ptsd_mz5ftd,ptsd,478
ptsd_cmdbk7,ptsd,396
ptsd_ohfrg8,ptsd,436
ptsd_d71sdw,ptsd,533
ptsd_g2fm0s,ptsd,415
ptsd_q6r5ks,ptsd,390
ptsd_gz2srs,ptsd,1172
ptsd_ian2n6,ptsd,421
ptsd_dxxt6o,ptsd,616
ptsd_f1u3oa,ptsd,662
ptsd_g04z6n,ptsd,559
ptsd_oeus7k,ptsd,397
ptsd_cvs2m8,ptsd,559
ptsd_f45rcu,ptsd,377
ptsd_p178is,ptsd,459
ptsd_fqqhqf,ptsd,393
ptsd_gfg00c,ptsd,567
ptsd_qvq27f,ptsd,440
ptsd_hs2t37,ptsd,425
ptsd_f02hlf,ptsd,583
ptsd_ipwzpy,ptsd,377
ptsd_cjopla,ptsd,1491
ptsd_oc8zmo,ptsd,312
ptsd_g0zt1u,ptsd,1214
ptsd_qnubeg,ptsd,444
ptsd_kisfpa,ptsd,311
ptsd_ojh4s7,ptsd,816
ptsd_dy55cl,ptsd,616
ptsd_famvmt,ptsd,597
ptsd_qloh2c,ptsd,342
ptsd_d7cy7b,ptsd,739
ptsd_pyb8lj,ptsd,1650
ptsd_nnhu5k,ptsd,327
ptsd_phut04,ptsd,621
ptsd_r0f927,ptsd,468
ptsd_qkq9jb,ptsd,473
ptsd_n7iegv,ptsd,418
ptsd_dcyw4u,ptsd,355
ptsd_iaj7o9,ptsd,620
ptsd_gfkfdq,ptsd,306
ptsd_gn2bcg,ptsd,317
ptsd_gk50n1,ptsd,426
ptsd_cmvtks,ptsd,534
ptsd_kd0wbi,ptsd,371
ptsd_gt5ldw,ptsd,775
ptsd_ga3h3p,ptsd,493
ptsd_n4c557,ptsd,321
ptsd_hf3md9,ptsd,338
ptsd_dhxzxi,ptsd,371
ptsd_oere4k,ptsd,625
ptsd_rmvpxz,ptsd,585
ptsd_e5uefw,ptsd,1210
ptsd_o4znfs,ptsd,543
ptsd_gyvqkx,ptsd,323
ptsd_jaego7,ptsd,925
ptsd_ctdxbt,ptsd,371
ptsd_hugjkp,ptsd,684
ptsd_fpxptm,ptsd,855
ptsd_km4hgf,ptsd,906
ptsd_comv1r,ptsd,408
ptsd_gzgnt8,ptsd,1118
ptsd_ex3cw5,ptsd,589
ptsd_obvnr1,ptsd,448
ptsd_o8rfil,ptsd,452
ptsd_jkm8zz,ptsd,1331
ptsd_ptn52a,ptsd,489
ptsd_odpult,ptsd,672
ptsd_ibdiri,ptsd,331
ptsd_i1ntbm,ptsd,612
ptsd_o2p69t,ptsd,504
ptsd_jdtlyc,ptsd,477
ptsd_g7vj6t,ptsd,4578
ptsd_m6w3o5,ptsd,403
ptsd_j6sl8k,ptsd,392
ptsd_iizvs4,ptsd,437
ptsd_ihsqzp,ptsd,310
ptsd_dohr3o,ptsd,339
ptsd_hxanqd,ptsd,332
ptsd_epqa9q,ptsd,354
ptsd_ht704l,ptsd,466
ptsd_gt4rrh,ptsd,420
ptsd_isu5x6,ptsd,385
ptsd_clfqki,ptsd,338
ptsd_civiw0,ptsd,329
ptsd_gwxwo2,ptsd,1717
ptsd_lo38e4,ptsd,485
ptsd_ngww23,ptsd,777
ptsd_hcr8ib,ptsd,531
ptsd_fumykq,ptsd,635
ptsd_ghztr3,ptsd,882
ptsd_k1debi,ptsd,416
ptsd_lmstws,ptsd,693
ptsd_oth34r,ptsd,439
ptsd_gq7uyq,ptsd,401
ptsd_cqadei,ptsd,481
ptsd_gao8ma,ptsd,400
ptsd_fbjvsf,ptsd,547
ptsd_r5nktn,ptsd,384
ptsd_lwwanv,ptsd,410
ptsd_oqaqu9,ptsd,455
ptsd_n2yohp,ptsd,376
ptsd_i0fwnd,ptsd,670
ptsd_fkfjzr,ptsd,670
ptsd_lr0xq4,ptsd,577
ptsd_qj7wkq,ptsd,832
ptsd_pikibn,ptsd,310
ptsd_n0kiyi,ptsd,382
ptsd_pidbq2,ptsd,429
ptsd_crbxf9,ptsd,510
ptsd_lu2085,ptsd,419
ptsd_hzn7v3,ptsd,314
ptsd_mhbc78,ptsd,516
ptsd_hj179t,ptsd,485
ptsd_fglw6u,ptsd,337
ptsd_e77hmn,ptsd,878
ptsd_ne4jrk,ptsd,492
ptsd_gbaqbo,ptsd,318
ptsd_ozaqyg,ptsd,446
ptsd_nl3q3j,ptsd,357
ptsd_fnrslf,ptsd,697
ptsd_qkv231,ptsd,1068
ptsd_e0c0cv,ptsd,905
ptsd_eh7t0h,ptsd,317
ptsd_df9pm5,ptsd,603
ptsd_g0t59p,ptsd,507
ptsd_pk3zpj,ptsd,421
ptsd_d4y30a,ptsd,311
ptsd_pf18a0,ptsd,427
ptsd_gmbhr0,ptsd,661
ptsd_pimb97,ptsd,481
ptsd_htzeay,ptsd,347
ptsd_k60t98,ptsd,406
ptsd_hxey7g,ptsd,617
ptsd_esoi67,ptsd,572
ptsd_kd2ba3,ptsd,414
ptsd_iq4bub,ptsd,612
ptsd_rahjur,ptsd,901
ptsd_ekzhoj,ptsd,385
ptsd_k1vp33,ptsd,422
ptsd_p0u4ex,ptsd,488
ptsd_pk2k7p,ptsd,986
ptsd_dok3j9,ptsd,345
ptsd_nooc3i,ptsd,624
ptsd_diinnt,ptsd,462
ptsd_nhu9tc,ptsd,716
ptsd_li3q50,ptsd,406
ptsd_mz9whx,ptsd,566
ptsd_ppnn0b,ptsd,595
ptsd_d3tacy,ptsd,496
ptsd_lxb6f5,ptsd,472
ptsd_jftwna,ptsd,335
ptsd_p7fjl1,ptsd,687
ptsd_nbmevb,ptsd,456
ptsd_d9dsi5,ptsd,765
ptsd_m3dk3t,ptsd,310
ptsd_f0tt1h,ptsd,305
ptsd_qks1d0,ptsd,324
ptsd_qsuzyf,ptsd,364
ptsd_hgu3m2,ptsd,547
ptsd_cmqki6,ptsd,357
ptsd_o4g4o8,ptsd,527
ptsd_hx2vr8,ptsd,328
ptsd_kpp9hr,ptsd,551
ptsd_lww9zc,ptsd,382
ptsd_hg42jc,ptsd,611
ptsd_f5cvfj,ptsd,398
ptsd_dl7r2m,ptsd,452
ptsd_rfu6bb,ptsd,672
ptsd_nmedoc,ptsd,375
ptsd_i2072x,ptsd,413
ptsd_il1lvf,ptsd,2338
ptsd_e8q1bm,ptsd,475
ptsd_iqvsuk,ptsd,339
ptsd_eothvy,ptsd,489
ptsd_qban4q,ptsd,469
ptsd_elake1,ptsd,423
ptsd_cznjqc,ptsd,409
ptsd_oktyuj,ptsd,336
ptsd_coi5ia,ptsd,516
ptsd_j9fq72,ptsd,322
ptsd_du4r4g,ptsd,821
ptsd_ekcd06,ptsd,533
ptsd_oe14iv,ptsd,403
ptsd_ht7gqz,ptsd,409
ptsd_jhb776,ptsd,588
ptsd_fg7ujs,ptsd,403
ptsd_oqpsl3,ptsd,558
ptsd_qmsh0a,ptsd,603
ptsd_fy9qdv,ptsd,476
ptsd_m6cjof,ptsd,448
ptsd_enm5m0,ptsd,473
ptsd_lh4juv,ptsd,332
ptsd_p3vcpv,ptsd,358
ptsd_ntet7m,ptsd,586
ptsd_dbynil,ptsd,359
ptsd_rkjpg3,ptsd,683
ptsd_p6i5dq,ptsd,472
ptsd_k1bu9w,ptsd,412
ptsd_d7l3bz,ptsd,427
ptsd_mi9vzf,ptsd,418
ptsd_jw3o7r,ptsd,385
ptsd_cp3i1s,ptsd,478
ptsd_huz1ah,ptsd,722
ptsd_cul3vs,ptsd,553
ptsd_nn9gep,ptsd,476
ptsd_gp0jyx,ptsd,753
ptsd_qy3s88,ptsd,967
ptsd_e9bn89,ptsd,512
ptsd_i0ybyb,ptsd,429
ptsd_pqoaaq,ptsd,354
ptsd_jrcyr0,ptsd,445
ptsd_p5al26,ptsd,382
ptsd_e3irpu,ptsd,491
ptsd_gypg42,ptsd,363
ptsd_l8cm8p,ptsd,955
ptsd_kotd53,ptsd,341
ptsd_ja08qe,ptsd,472
ptsd_n3n219,ptsd,712
ADHD_qoqskn,ADHD,426
ADHD_qcedge,ADHD,574
ADHD_qrksdc,ADHD,425
ADHD_pzlvfw,ADHD,449
ADHD_rleysy,ADHD,371
ADHD_qh2jpi,ADHD,621
ADHD_qyismx,ADHD,357
ADHD_q2689m,ADHD,681
ADHD_qulxgv,ADHD,357
ADHD_qqy6t5,ADHD,500
ADHD_qc6tr0,ADHD,439
ADHD_q7t8aq,ADHD,1308
ADHD_r85645,ADHD,341
ADHD_riu618,ADHD,307
ADHD_rgyfuw,ADHD,392
ADHD_r6g5db,ADHD,498
ADHD_qfzn77,ADHD,472
ADHD_rifzup,ADHD,342
ADHD_q2wkyh,ADHD,1227
ADHD_rkzs1z,ADHD,340
ADHD_r55mnq,ADHD,749
ADHD_r6dw6z,ADHD,318
ADHD_refeh5,ADHD,428
ADHD_qy1p7c,ADHD,602
ADHD_qofp73,ADHD,311
ADHD_qdqfrj,ADHD,399
ADHD_qtwned,ADHD,455
ADHD_q530bt,ADHD,389
ADHD_rgljvr,ADHD,342
ADHD_q1x8vm,ADHD,485
ADHD_qy32ao,ADHD,414
ADHD_rgotcj,ADHD,595
ADHD_q4oelm,ADHD,307
ADHD_r12hl2,ADHD,740
ADHD_r2pzzo,ADHD,399
ADHD_q2tryx,ADHD,474
ADHD_q69w9k,ADHD,339
ADHD_qi4usa,ADHD,507
ADHD_r864de,ADHD,334
ADHD_qum161,ADHD,332
ADHD_riw6qy,ADHD,834
ADHD_r4fahj,ADHD,337
ADHD_qmc0lx,ADHD,565
ADHD_qjf6ia,ADHD,318
ADHD_r98hha,ADHD,321
ADHD_qmdfac,ADHD,664
ADHD_rh1ghr,ADHD,604
ADHD_qqgut4,ADHD,321
ADHD_q17tm9,ADHD,446
ADHD_q8irsp,ADHD,408
ADHD_qszr6v,ADHD,310
ADHD_q2pqlg,ADHD,358
ADHD_r4mdds,ADHD,393
ADHD_qqb3fe,ADHD,404
ADHD_r85g0u,ADHD,719
ADHD_rlvggr,ADHD,537
ADHD_q4v3zq,ADHD,347
ADHD_qb36w8,ADHD,408
ADHD_q3n52k,ADHD,458
ADHD_r78bm0,ADHD,399
ADHD_qjpfns,ADHD,528
ADHD_qijoy0,ADHD,375
ADHD_qqea8q,ADHD,682
ADHD_q0gl95,ADHD,370
ADHD_qr353u,ADHD,392
ADHD_qdxy2d,ADHD,427
ADHD_reooqk,ADHD,399
ADHD_qev09y,ADHD,476
ADHD_qwfwcv,ADHD,439
ADHD_qhmhgq,ADHD,695
ADHD_q87qal,ADHD,422
ADHD_quldb1,ADHD,640
ADHD_qmehec,ADHD,1322
ADHD_ray8it,ADHD,399
ADHD_rfkuis,ADHD,330
ADHD_qz9i04,ADHD,545
ADHD_rfhjg8,ADHD,372
ADHD_rjmysr,ADHD,554
ADHD_qxjqgl,ADHD,622
ADHD_rlu5mz,ADHD,377
ADHD_qd8xa6,ADHD,547
ADHD_qoswss,ADHD,311
ADHD_qfm4mp,ADHD,355
ADHD_rjkmyu,ADHD,693
ADHD_pzllsl,ADHD,360
ADHD_rb78qo,ADHD,331
ADHD_rhqnnm,ADHD,574
ADHD_r0mvy7,ADHD,409
ADHD_q4tnc4,ADHD,1012
ADHD_pzrsqb,ADHD,439
ADHD_qx0fto,ADHD,389
ADHD_rh524g,ADHD,384
ADHD_pzo08p,ADHD,580
ADHD_q77pgz,ADHD,478
ADHD_pzp8ok,ADHD,353
ADHD_rletxa,ADHD,346
ADHD_rgqx9u,ADHD,552
ADHD_r99ips,ADHD,664
ADHD_qejbnx,ADHD,435
ADHD_rm2q14,ADHD,364
ADHD_qi20yf,ADHD,388
ADHD_rbumok,ADHD,683
ADHD_pzzkg2,ADHD,348
ADHD_r8whjm,ADHD,327
ADHD_q8b6jb,ADHD,478
ADHD_r9tefm,ADHD,330
ADHD_qrgnqp,ADHD,352
ADHD_qs34m3,ADHD,426
ADHD_r9iw1p,ADHD,672
ADHD_qa618z,ADHD,1260
ADHD_r7k71m,ADHD,893
ADHD_red7jm,ADHD,338
ADHD_q76msq,ADHD,451
ADHD_r7u3mk,ADHD,357
ADHD_q642xk,ADHD,334
ADHD_rcfym2,ADHD,332
ADHD_qp6er3,ADHD,407
ADHD_rcphmq,ADHD,351
ADHD_qfupvq,ADHD,370
ADHD_qo6e3x,ADHD,376
ADHD_qpntv3,ADHD,389
ADHD_rkrooy,ADHD,322
ADHD_r6vppw,ADHD,330
ADHD_rduf9g,ADHD,400
ADHD_rkgtme,ADHD,337
ADHD_r8mtmi,ADHD,326
ADHD_r1m3c6,ADHD,488
ADHD_rd90zj,ADHD,439
ADHD_rap3cm,ADHD,336
ADHD_r4l54q,ADHD,522
ADHD_qrs7k2,ADHD,496
ADHD_qbnf0a,ADHD,399
ADHD_q8qyfy,ADHD,383
ADHD_rhg5r5,ADHD,517
ADHD_rajvxs,ADHD,411
ADHD_qcczof,ADHD,342
ADHD_qhqrym,ADHD,535
ADHD_q7avqe,ADHD,371
ADHD_qvb6sf,ADHD,384
ADHD_qf0na8,ADHD,348
ADHD_qpt0rt,ADHD,367
ADHD_qrf510,ADHD,377
ADHD_qspjh6,ADHD,391
ADHD_rgz8je,ADHD,396
ADHD_rinle1,ADHD,431
ADHD_q1wp67,ADHD,515
ADHD_r0ni5f,ADHD,545
ADHD_qxp6vy,ADHD,358
ADHD_qrcojy,ADHD,521
ADHD_qn3bze,ADHD,384
ADHD_q3th70,ADHD,337
ADHD_rf18q5,ADHD,381
ADHD_r9aztl,ADHD,3230
ADHD_q977rk,ADHD,490
ADHD_r4vcsr,ADHD,316
ADHD_r6gwpg,ADHD,571
ADHD_qk5jig,ADHD,531
ADHD_r3n04v,ADHD,2448
ADHD_qekaym,ADHD,420
ADHD_rhq7x7,ADHD,311
ADHD_qqpvaa,ADHD,408
ADHD_rk7avj,ADHD,333
ADHD_qsqjry,ADHD,323
ADHD_qwwwve,ADHD,433
ADHD_qt7feg,ADHD,1013
ADHD_qelglq,ADHD,314
ADHD_r3gyux,ADHD,335
ADHD_qp6tvz,ADHD,326
ADHD_rhgvzq,ADHD,423
ADHD_q3klok,ADHD,358
ADHD_qphb94,ADHD,326
ADHD_requtj,ADHD,419
ADHD_r32mxx,ADHD,335
ADHD_rljgzj,ADHD,389
ADHD_qwkyfl,ADHD,439
ADHD_r0sg5k,ADHD,342
ADHD_rkuvs9,ADHD,349
ADHD_r1719b,ADHD,326
ADHD_qgv00a,ADHD,318
ADHD_qv0602,ADHD,331
ADHD_qxkigb,ADHD,339
ADHD_ri6o4p,ADHD,448
ADHD_q9qnfj,ADHD,377
ADHD_r0pnd3,ADHD,449
ADHD_qwbe8i,ADHD,467
ADHD_rer9pp,ADHD,590
ADHD_qmxa1p,ADHD,331
ADHD_rdhvd1,ADHD,444
ADHD_rbn5ex,ADHD,344
ADHD_qzzdj9,ADHD,415
ADHD_rgyd2v,ADHD,415
ADHD_rhpq46,ADHD,379
ADHD_q2uig3,ADHD,336
ADHD_qwbava,ADHD,881
ADHD_qqf5a4,ADHD,311
ADHD_qyf3me,ADHD,355
ADHD_qqgl8t,ADHD,347
ADHD_r1uipt,ADHD,326
ADHD_ra0181,ADHD,721
ADHD_r4rfne,ADHD,317
ADHD_q3f09c,ADHD,435
ADHD_qc53ft,ADHD,409
ADHD_qj8nwm,ADHD,417
ADHD_qtyao4,ADHD,392
ADHD_r0vcsi,ADHD,332
ADHD_q4aj29,ADHD,348
ADHD_rhvase,ADHD,329
ADHD_rfwzz5,ADHD,1205
ADHD_q1cznq,ADHD,321
ADHD_qq42pt,ADHD,551
ADHD_qxy1hl,ADHD,377
ADHD_q6otj4,ADHD,358
ADHD_qhvsej,ADHD,422
ADHD_rbo8f0,ADHD,337
ADHD_q784bx,ADHD,407
ADHD_qjvspl,ADHD,450
ADHD_rbw23a,ADHD,444
ADHD_r4yfq6,ADHD,1028
ADHD_qn74rr,ADHD,556
ADHD_q7rk2a,ADHD,662
ADHD_r3kitr,ADHD,333
ADHD_r0azcj,ADHD,377
ADHD_qmggqr,ADHD,913
ADHD_r50s0n,ADHD,489
ADHD_relhgh,ADHD,373
ADHD_q1wr9n,ADHD,491
ADHD_rimdj3,ADHD,512
ADHD_rii8to,ADHD,500
ADHD_r0svs6,ADHD,409
ADHD_q9brwk,ADHD,510
ADHD_qc82px,ADHD,313
ADHD_ra11hc,ADHD,679
ADHD_rlybis,ADHD,558
ADHD_q6guop,ADHD,458
ADHD_q5u170,ADHD,539
ADHD_refmj5,ADHD,505
ADHD_qok66h,ADHD,427
ADHD_rjf7wq,ADHD,684
ADHD_qito8m,ADHD,737
ADHD_rj50lh,ADHD,401
ADHD_q7zsds,ADHD,436
ADHD_qfz312,ADHD,524
ADHD_que5cn,ADHD,440
ADHD_r77r55,ADHD,336
ADHD_qvqbgw,ADHD,352
ADHD_qiliec,ADHD,1009
ADHD_r6rxrm,ADHD,323
ADHD_rf4u76,ADHD,326
ADHD_qpeh4r,ADHD,474
ADHD_qdza62,ADHD,527
ADHD_qrmgso,ADHD,372
ADHD_qvfo63,ADHD,353
ADHD_q5ykcw,ADHD,456
ADHD_qx83dc,ADHD,336
ADHD_r2oflu,ADHD,352
ADHD_qxa3t4,ADHD,535
ADHD_rdbhzr,ADHD,799
ADHD_q9mstg,ADHD,532
ADHD_qwbut1,ADHD,319
ADHD_rirad4,ADHD,412
ADHD_qfc3g5,ADHD,592
ADHD_q18bl8,ADHD,337
ADHD_qwu0r3,ADHD,578
ADHD_r7fcj8,ADHD,420
ADHD_qksazi,ADHD,377
ADHD_qeuvip,ADHD,555
ADHD_rgikmu,ADHD,847
ADHD_rm53vq,ADHD,463
ADHD_q5h436,ADHD,557
ADHD_rivf6m,ADHD,611
ADHD_qxb8n2,ADHD,311
ADHD_re8j81,ADHD,331
ADHD_r5va6z,ADHD,342
ADHD_rb2oe7,ADHD,481
ADHD_r2v2ia,ADHD,398
ADHD_qpuck7,ADHD,561
ADHD_pznu70,ADHD,1007
ADHD_qydhev,ADHD,525
ADHD_r7zxd1,ADHD,317
ADHD_rh22y3,ADHD,485
ADHD_qi1o2r,ADHD,338
ADHD_rl29ai,ADHD,453
ADHD_quq92t,ADHD,1052
ADHD_r2w1ew,ADHD,396
ADHD_q5fg0b,ADHD,472
ADHD_remuu8,ADHD,467
ADHD_qqqpt7,ADHD,326
ADHD_r2sby2,ADHD,370
ADHD_r0v4gh,ADHD,316
ADHD_rhhu1v,ADHD,447
ADHD_qawlzf,ADHD,435
ADHD_rgtvtt,ADHD,490
ADHD_qs3e64,ADHD,465
ADHD_rgp42y,ADHD,367
ADHD_rjtx62,ADHD,355
ADHD_qcy9qm,ADHD,367
ADHD_rhd48e,ADHD,442
ADHD_qctx68,ADHD,498
ADHD_rccj41,ADHD,326
ADHD_q0jc7c,ADHD,364
ADHD_q1bl3c,ADHD,386
ADHD_rg48va,ADHD,608
ADHD_qtn17d,ADHD,395
ADHD_qomyfz,ADHD,813
ADHD_rday4t,ADHD,347
ADHD_qs1dqq,ADHD,347
ADHD_rebl82,ADHD,419
ADHD_qhym9l,ADHD,431
ADHD_qcym86,ADHD,1102
ADHD_q763u6,ADHD,389
ADHD_r2z2np,ADHD,391
ADHD_rjwipy,ADHD,468
ADHD_r7of08,ADHD,489
ADHD_qrfsln,ADHD,756
ADHD_qhx80l,ADHD,476
ADHD_rel2fh,ADHD,556
ADHD_qumt0d,ADHD,411
ADHD_qvq4wc,ADHD,364
ADHD_q9vnwl,ADHD,399
ADHD_qo4ei6,ADHD,441
ADHD_qtnqwd,ADHD,367
ADHD_rk4eiv,ADHD,842
ADHD_r2jsmh,ADHD,827
ADHD_qwgx3i,ADHD,425
ADHD_ri2c6y,ADHD,341
ADHD_qmob8d,ADHD,600
ADHD_r6mu8f,ADHD,316
ADHD_q0dyso,ADHD,378
ADHD_revnui,ADHD,413
ADHD_qu1mxo,ADHD,353
ADHD_r9v38e,ADHD,368
ADHD_qge97a,ADHD,614
ADHD_qwk8ja,ADHD,407
ADHD_r8zl9a,ADHD,388
ADHD_r0571s,ADHD,313
ADHD_q6sy5n,ADHD,319
ADHD_qhg9aj,ADHD,340
ADHD_rat8a2,ADHD,877
ADHD_rlio1w,ADHD,308
ADHD_q2d3j8,ADHD,399
ADHD_ri13cw,ADHD,332
ADHD_qgtrux,ADHD,890
ADHD_qykjxj,ADHD,316
ADHD_qd0bfx,ADHD,318
ADHD_qriyj5,ADHD,981
ADHD_qb7oyw,ADHD,365
ADHD_q2j7xy,ADHD,460
ADHD_rggp09,ADHD,360
ADHD_rhjazo,ADHD,406
ADHD_r8by8h,ADHD,346
ADHD_rbvbf4,ADHD,1163
ADHD_qsm37o,ADHD,316
ADHD_qg1q7r,ADHD,533
ADHD_rc7p4q,ADHD,621
ADHD_qft9fl,ADHD,344
ADHD_rbmymx,ADHD,408
ADHD_raol6n,ADHD,332
ADHD_qe1qqo,ADHD,593
ADHD_q64292,ADHD,744
ADHD_qlgcbo,ADHD,498
ADHD_qh0y0u,ADHD,478
ADHD_r2ggx2,ADHD,2316
ADHD_qryzus,ADHD,327
ADHD_rerlf9,ADHD,428
ADHD_qsqzra,ADHD,526
ADHD_rdnv6v,ADHD,439
ADHD_rmb1ib,ADHD,382
ADHD_q5c2x7,ADHD,344
ADHD_r5ppag,ADHD,1062
ADHD_q243v8,ADHD,425
ADHD_q7jr1x,ADHD,322
ADHD_qz5ecm,ADHD,584
ADHD_rdn2mf,ADHD,346
ADHD_r8v69z,ADHD,317
ADHD_qcgsgx,ADHD,338
ADHD_ri3psn,ADHD,431
ADHD_qb6yhv,ADHD,333
ADHD_rg9el5,ADHD,457
ADHD_rh8ci6,ADHD,1183
ADHD_qdzf4c,ADHD,355
ADHD_qhcphi,ADHD,351
ADHD_qumkaa,ADHD,442
ADHD_qk3m9t,ADHD,414
ADHD_qumf3w,ADHD,638
ADHD_rj710x,ADHD,367
ADHD_r6w0v9,ADHD,411
ADHD_qcuusr,ADHD,468
ADHD_r38bl7,ADHD,326
ADHD_r2wl4g,ADHD,620
ADHD_q2cjxz,ADHD,339
ADHD_r63mu9,ADHD,321
ADHD_rdenio,ADHD,426
ADHD_qmbpcs,ADHD,508
ADHD_rltagq,ADHD,511
ADHD_riqpmh,ADHD,680
ADHD_q2b9x0,ADHD,565
ADHD_q36mwn,ADHD,377
ADHD_qqdokr,ADHD,376
ADHD_rhlq46,ADHD,363
ADHD_qy8yif,ADHD,596
ADHD_r58670,ADHD,333
ADHD_qd24xf,ADHD,697
ADHD_qc6ohm,ADHD,704
ADHD_qyayet,ADHD,501
ADHD_r88dso,ADHD,373
ADHD_qkbkdw,ADHD,557
ADHD_qcjehc,ADHD,511
ADHD_rf6mru,ADHD,499
ADHD_qhx17p,ADHD,321
ADHD_qryc14,ADHD,1039
ADHD_rajt88,ADHD,530
ADHD_rb1xn1,ADHD,394
ADHD_qolks6,ADHD,764
ADHD_r3z6nn,ADHD,370
ADHD_qo5adz,ADHD,319
ADHD_q2hurz,ADHD,484
ADHD_rilbih,ADHD,352
ADHD_qcr7cd,ADHD,610
ADHD_qxqlip,ADHD,437
ADHD_qca0xg,ADHD,607
ADHD_rcwxfx,ADHD,448
ADHD_qyf3kd,ADHD,449
ADHD_qwo2hn,ADHD,496
ADHD_qdqhzq,ADHD,338
ADHD_rc4wuf,ADHD,460
ADHD_r9lker,ADHD,392
ADHD_qo1sw0,ADHD,532
ADHD_qmzfmn,ADHD,345
ADHD_rgogxq,ADHD,589
ADHD_qp58u1,ADHD,417
ADHD_r5pwe5,ADHD,581
ADHD_rhm4y8,ADHD,316
ADHD_rl6izs,ADHD,328
ADHD_qrxsx5,ADHD,427
ADHD_qezamh,ADHD,429
ADHD_rf46tm,ADHD,382
ADHD_qd4364,ADHD,325
ADHD_qhtzow,ADHD,395
ADHD_q8rb2r,ADHD,423
ADHD_rj0r0q,ADHD,759
ADHD_rc98s7,ADHD,451
ADHD_qdguvx,ADHD,410
ADHD_qhatki,ADHD,544
ADHD_qu06cw,ADHD,430
ADHD_qs9h5i,ADHD,553
ADHD_q8qt19,ADHD,340
ADHD_qrb4wk,ADHD,739
ADHD_qvf5sf,ADHD,374
ADHD_qptn30,ADHD,377
ADHD_qx5fvr,ADHD,442
ADHD_qh7a3v,ADHD,361
ADHD_r1eryz,ADHD,332
ADHD_rh6bbd,ADHD,401
ADHD_r5qf7g,ADHD,331
ADHD_pzibqc,ADHD,459
ADHD_rduhqi,ADHD,393
ADHD_qzuzr4,ADHD,396
ADHD_qvq14d,ADHD,416
ADHD_qfkcu9,ADHD,352
ADHD_riu28g,ADHD,487
ADHD_qm58c0,ADHD,442
ADHD_r20ier,ADHD,449
ADHD_qqis39,ADHD,333
ADHD_r0dm64,ADHD,452
ADHD_q73uvr,ADHD,549
ADHD_qst0z5,ADHD,426
ADHD_rf0afv,ADHD,431
ADHD_qqfydz,ADHD,319
ADHD_qgijb8,ADHD,360
ADHD_r39dl6,ADHD,494
ADHD_qa55ly,ADHD,782
ADHD_qqetkm,ADHD,669
ADHD_qsmxys,ADHD,668
ADHD_qug9xh,ADHD,337
ADHD_razjo5,ADHD,570
ADHD_r0ekjr,ADHD,2119
ADHD_qhg9mm,ADHD,448
ADHD_rbiqdh,ADHD,522
ADHD_r07ckp,ADHD,547
ADHD_qgzaby,ADHD,342
ADHD_rgqnb5,ADHD,489
ADHD_r3uwn6,ADHD,415
ADHD_qt7df0,ADHD,314
ADHD_ra7eq5,ADHD,354
ADHD_qrvkg6,ADHD,440
ADHD_q4hk0y,ADHD,431
ADHD_qwz5h5,ADHD,551
ADHD_rbdgyc,ADHD,747
ADHD_qlqick,ADHD,689
ADHD_r8eygu,ADHD,341
ADHD_quva4b,ADHD,572
ADHD_r050tc,ADHD,398
ADHD_qsrmsl,ADHD,841
ADHD_r68mnb,ADHD,1714
ADHD_rgz5of,ADHD,1492
ADHD_qfqa9l,ADHD,461
ADHD_rbxc17,ADHD,327
ADHD_q2ndk9,ADHD,462
ADHD_qmh333,ADHD,460
ADHD_qdzi9t,ADHD,439
ADHD_rhb7mp,ADHD,392
ADHD_q0v48b,ADHD,503
ADHD_rid733,ADHD,335
ADHD_rfccww,ADHD,346
ADHD_qxiv75,ADHD,405
ADHD_q9mf6u,ADHD,345
ADHD_q1y14l,ADHD,352
ADHD_rkkkna,ADHD,599
ADHD_rh53b6,ADHD,410
ADHD_r9ecy8,ADHD,613
ADHD_riwz46,ADHD,463
ADHD_q9we4w,ADHD,340
ADHD_r18hcz,ADHD,580
ADHD_qavmty,ADHD,348
ADHD_qzo0gf,ADHD,369
ADHD_r2s5kl,ADHD,539
ADHD_rcsyp4,ADHD,366
ADHD_r4nphv,ADHD,423
ADHD_rm00ux,ADHD,926
ADHD_qb84zj,ADHD,331
ADHD_q971hr,ADHD,357
ADHD_qgdutm,ADHD,339
ADHD_qmrjip,ADHD,723
ADHD_qpj27f,ADHD,310
ADHD_qv3etz,ADHD,533
ADHD_rl19zk,ADHD,481
ADHD_qw0ndm,ADHD,877
ADHD_ranvf7,ADHD,321
ADHD_pzhy46,ADHD,381
ADHD_q7bho7,ADHD,985
ADHD_rlut4m,ADHD,453
ADHD_qgxl1t,ADHD,412
ADHD_q4nxi5,ADHD,501
ADHD_rgbcrc,ADHD,324
ADHD_quze8s,ADHD,543
ADHD_r8lhyg,ADHD,492
ADHD_qaaxgh,ADHD,377
ADHD_qmraev,ADHD,329
ADHD_qhq517,ADHD,335
ADHD_qsn0o1,ADHD,589
ADHD_qd1bnw,ADHD,562
ADHD_qw2oeq,ADHD,556
ADHD_qlkawv,ADHD,504
ADHD_r2ef9e,ADHD,446
ADHD_qbitcq,ADHD,336
ADHD_r54vt7,ADHD,558
ADHD_rcws16,ADHD,431
ADHD_riu151,ADHD,750
ADHD_qr4r44,ADHD,403
ADHD_qw5s0w,ADHD,637
ADHD_qs5e1g,ADHD,312
ADHD_qc234y,ADHD,473
ADHD_rh2b0w,ADHD,334
ADHD_qkbitn,ADHD,388
ADHD_r3p0q3,ADHD,328
ADHD_ritl5p,ADHD,604
ADHD_q0ov2r,ADHD,894
ADHD_r6ubol,ADHD,411
ADHD_r10mod,ADHD,410
ADHD_quwps0,ADHD,333
ADHD_rfuruw,ADHD,422
ADHD_q3hlps,ADHD,498
ADHD_qoehyw,ADHD,704
ADHD_q8wifr,ADHD,492
ADHD_qjxvre,ADHD,379
ADHD_qr12kt,ADHD,554
ADHD_qwr1zl,ADHD,348
ADHD_rbsp2r,ADHD,591
ADHD_rjicrg,ADHD,346
ADHD_qb3xon,ADHD,418
ADHD_qhyrbq,ADHD,321
ADHD_qme2f9,ADHD,386
ADHD_re12u4,ADHD,587
ADHD_r7cum8,ADHD,366
ADHD_qi3qr6,ADHD,321
ADHD_r35f7c,ADHD,356
ADHD_qbvoe0,ADHD,367
ADHD_r5krq9,ADHD,352
ADHD_rie1bj,ADHD,466
ADHD_rcum0g,ADHD,522
ADHD_qoxpxv,ADHD,351
ADHD_qmspdr,ADHD,892
ADHD_r7gjcf,ADHD,333
ADHD_rcf75k,ADHD,474
ADHD_qqdyxa,ADHD,477
ADHD_qevhlw,ADHD,3006
ADHD_rbsa49,ADHD,508
ADHD_r4yd0v,ADHD,465
ADHD_qwritg,ADHD,333
ADHD_qxo1ih,ADHD,350
ADHD_riyu5l,ADHD,1019
ADHD_r7ohjr,ADHD,371
ADHD_qhuw7u,ADHD,353
ADHD_qwy4ye,ADHD,370
ADHD_r7a1tu,ADHD,334
ADHD_rcmjhq,ADHD,398
ADHD_qb04n1,ADHD,528
ADHD_r4luym,ADHD,688
ADHD_rc73xr,ADHD,350
ADHD_q71nwi,ADHD,1121
ADHD_r2xztu,ADHD,322
ADHD_qlalwr,ADHD,488
ADHD_qxrplh,ADHD,364
ADHD_q9b5qw,ADHD,714
ADHD_qcxbc8,ADHD,560
ADHD_qh569f,ADHD,334
ADHD_rc2li4,ADHD,315
ADHD_qsc2on,ADHD,608
ADHD_qg8noq,ADHD,492
ADHD_rkxr4i,ADHD,556
ADHD_rlgne0,ADHD,409
ADHD_quirpf,ADHD,527
ADHD_qtsv1h,ADHD,406
ADHD_q6vcz8,ADHD,566
ADHD_q71yuu,ADHD,468
ADHD_qs3nn6,ADHD,312
ADHD_qa3tas,ADHD,335
ADHD_r40535,ADHD,415
ADHD_qvgc06,ADHD,445
ADHD_r7n5dz,ADHD,617
ADHD_rc6g4z,ADHD,369
ADHD_r7amwl,ADHD,587
ADHD_q3dmoy,ADHD,675
ADHD_qk2fx4,ADHD,336
ADHD_qcxb4f,ADHD,452
ADHD_qnyey3,ADHD,390
ADHD_qm8d6y,ADHD,421
ADHD_qf6pax,ADHD,454
ADHD_q1xie7,ADHD,755
ADHD_qyhcox,ADHD,332
ADHD_qu5p5c,ADHD,313
ADHD_q2wcue,ADHD,332
ADHD_r57xh4,ADHD,573
ADHD_qbm8yg,ADHD,455
ADHD_qhboo3,ADHD,737
ADHD_q6crpz,ADHD,528
ADHD_qh1vut,ADHD,369
ADHD_qwaff8,ADHD,334
ADHD_qdgv8i,ADHD,335
ADHD_q0xaxv,ADHD,617
ADHD_qomdxz,ADHD,370
ADHD_qxs6c6,ADHD,354
ADHD_r38gxh,ADHD,508
ADHD_qmfldw,ADHD,345
ADHD_r8sv48,ADHD,425
ADHD_qvlkrz,ADHD,521
ADHD_qgu0w4,ADHD,975
ADHD_q2pwhp,ADHD,365
ADHD_qz8g0r,ADHD,718
ADHD_q5zaqp,ADHD,755
ADHD_qmk45p,ADHD,365
ADHD_q7o9yh,ADHD,487
ADHD_qb4z2y,ADHD,500
ADHD_rk4jdh,ADHD,639
ADHD_r3lv9f,ADHD,364
ADHD_qh2ae4,ADHD,308
ADHD_rgq5g6,ADHD,319
ADHD_rl3tdu,ADHD,415
ADHD_qppzft,ADHD,380
ADHD_qejp08,ADHD,490
ADHD_qczncf,ADHD,445
ADHD_q19w78,ADHD,526
ADHD_q0qcqv,ADHD,383
ADHD_radh9o,ADHD,333
ADHD_r2tono,ADHD,349
ADHD_r4fhob,ADHD,525
ADHD_quupvj,ADHD,653
ADHD_q9l0pc,ADHD,345
ADHD_r5akjz,ADHD,1377
ADHD_q952lx,ADHD,332
ADHD_rc27lu,ADHD,366
ADHD_qlb8yt,ADHD,435
ADHD_qhups0,ADHD,604
ADHD_q3nket,ADHD,323
ADHD_rl8jjd,ADHD,485
ADHD_qccbl9,ADHD,370
ADHD_qaz1tw,ADHD,369
ADHD_qjfr97,ADHD,434
ADHD_raaa1x,ADHD,359
ADHD_re5z68,ADHD,336
ADHD_q294ij,ADHD,488
ADHD_q4wgam,ADHD,381
ADHD_rcttfd,ADHD,608
ADHD_r85xbn,ADHD,344
ADHD_qgi481,ADHD,418
ADHD_qfpt6h,ADHD,328
ADHD_r7nz22,ADHD,318
ADHD_qhw6m4,ADHD,848
ADHD_r74fp8,ADHD,475
ADHD_r13cw7,ADHD,486
ADHD_rl0duv,ADHD,449
ADHD_q603oz,ADHD,480
ADHD_q812m1,ADHD,516
ADHD_qpcfy1,ADHD,393
ADHD_reowb4,ADHD,318
ADHD_qjq5cr,ADHD,1268
ADHD_r2sqkj,ADHD,859
ADHD_qxb7a4,ADHD,345
ADHD_ri5uli,ADHD,458
ADHD_r3s27q,ADHD,372
ADHD_rc8lud,ADHD,350
ADHD_rgr4w8,ADHD,322
ADHD_rbsrq0,ADHD,414
ADHD_rhs6h4,ADHD,688
ADHD_r98mba,ADHD,742
ADHD_q834m8,ADHD,579
ADHD_qav5ze,ADHD,357
ADHD_r115rj,ADHD,371
ADHD_rk3xnw,ADHD,379
ADHD_qbrpaq,ADHD,459
ADHD_qgmhka,ADHD,339
ADHD_q39r21,ADHD,824
ADHD_r4kaff,ADHD,378
ADHD_qbne97,ADHD,371
ADHD_rdzqoi,ADHD,316
ADHD_qd5giv,ADHD,329
ADHD_qoxdj3,ADHD,474
ADHD_qu116t,ADHD,311
ADHD_q622fk,ADHD,712
ADHD_r73as5,ADHD,375
ADHD_qxqusj,ADHD,354
ADHD_qtxs87,ADHD,583
ADHD_qtgcgj,ADHD,1246
ADHD_qq7g6j,ADHD,356
ADHD_rb2cox,ADHD,311
ADHD_qwzamc,ADHD,646
ADHD_rg0l2n,ADHD,395
ADHD_rjluoy,ADHD,381
ADHD_q15q7e,ADHD,562
ADHD_qgyd3o,ADHD,670
ADHD_qnnwfi,ADHD,598
ADHD_qf2m1a,ADHD,518
ADHD_rfy0m1,ADHD,1028
ADHD_qn1b0x,ADHD,320
ADHD_rlvy84,ADHD,572
ADHD_qappg6,ADHD,515
ADHD_rm1cpo,ADHD,501
ADHD_qubajt,ADHD,543
ADHD_r2xszc,ADHD,321
ADHD_r6cnsv,ADHD,667
ADHD_r2veor,ADHD,417
ADHD_rajnnb,ADHD,318
ADHD_q89hah,ADHD,351
ADHD_rahbrn,ADHD,1260
ADHD_rewupj,ADHD,354
ADHD_ramhmj,ADHD,429
ADHD_qsuvff,ADHD,588
ADHD_rec528,ADHD,322
ADHD_rljubd,ADHD,452
ADHD_rkn7x5,ADHD,483
ADHD_qr5047,ADHD,386
ADHD_r9dwrk,ADHD,3465
ADHD_quychl,ADHD,315
ADHD_rcbbrh,ADHD,859
ADHD_rh4p3u,ADHD,331
ADHD_r7i8na,ADHD,389
ADHD_r7t6pr,ADHD,397
ADHD_qadvv3,ADHD,590
ADHD_q2szx5,ADHD,457
ADHD_qndu2q,ADHD,481
ADHD_rcu7by,ADHD,464
ADHD_qyibqq,ADHD,319
ADHD_qbjmdf,ADHD,309
ADHD_r2q4t5,ADHD,431
ADHD_qxqndv,ADHD,356
ADHD_qd1b38,ADHD,1225
ADHD_qcjwp2,ADHD,409
ADHD_qh075g,ADHD,685
ADHD_qhn640,ADHD,306
ADHD_r4r6d7,ADHD,333
ADHD_q0rjtk,ADHD,346
ADHD_qudi90,ADHD,333
ADHD_q86d48,ADHD,334
ADHD_qnpvmm,ADHD,315
ADHD_rb8wy8,ADHD,314
ADHD_qgksx4,ADHD,312
ADHD_q5sthn,ADHD,433
ADHD_r80iuh,ADHD,846
ADHD_qbt6jv,ADHD,534
ADHD_qgdfyi,ADHD,568
ADHD_q25qlc,ADHD,505
ADHD_r6902j,ADHD,313
ADHD_q8ak4j,ADHD,411
ADHD_qoa6hc,ADHD,613
ADHD_ri0fa9,ADHD,327
ADHD_rcq2so,ADHD,313
ADHD_qwamlc,ADHD,506
ADHD_q58lgh,ADHD,347
ADHD_ralsc6,ADHD,1069
ADHD_qvgp5v,ADHD,454
ADHD_qpw97j,ADHD,2813
ADHD_qikbu5,ADHD,656
ADHD_qmm7h4,ADHD,356
ADHD_qsnu2v,ADHD,427
ADHD_r8paxc,ADHD,428
ADHD_q7mm42,ADHD,324
ADHD_qy1ggc,ADHD,477
ADHD_qij99x,ADHD,682
ADHD_r09q82,ADHD,378
ADHD_qu4rs3,ADHD,352
ADHD_ql3aua,ADHD,307
ADHD_rh705c,ADHD,368
ADHD_qundnh,ADHD,366
ADHD_rd01td,ADHD,307
ADHD_rczt61,ADHD,408
ADHD_qqca83,ADHD,551
ADHD_r87kxy,ADHD,473
ADHD_qttaqi,ADHD,666
ADHD_rg65s4,ADHD,539
ADHD_qsh1oy,ADHD,837
ADHD_qtzbgv,ADHD,311
ADHD_qennbu,ADHD,478
ADHD_qd49jb,ADHD,451
ADHD_qksfns,ADHD,352
ADHD_qdrpzp,ADHD,463
ADHD_rb34ky,ADHD,375
ADHD_qakf4m,ADHD,659
ADHD_r03amc,ADHD,351
ADHD_r4ttlc,ADHD,321
ADHD_q8s7jv,ADHD,322
ADHD_q4lbvq,ADHD,805
ADHD_r0oj8x,ADHD,367
ADHD_qy5llo,ADHD,567
ADHD_qbprs1,ADHD,427
ADHD_qwmezk,ADHD,422
ADHD_riwxcu,ADHD,334
ADHD_qaolso,ADHD,739
ADHD_qbuf57,ADHD,395
ADHD_r4w3da,ADHD,317
ADHD_r89guq,ADHD,727
ADHD_r1aepq,ADHD,381
ADHD_qie9k8,ADHD,343
ADHD_qz7iqk,ADHD,603
ADHD_qsjneb,ADHD,320
ADHD_qo5fwa,ADHD,394
ADHD_r23v7s,ADHD,567
ADHD_qvpemh,ADHD,605
ADHD_q6whyw,ADHD,2024
ADHD_ri0oul,ADHD,388
ADHD_rfx0ym,ADHD,325
ADHD_q00goe,ADHD,523
ADHD_rcl0p2,ADHD,781
ADHD_q2ruet,ADHD,596
ADHD_qhb68h,ADHD,350
ADHD_qud2lm,ADHD,316
ADHD_rg4t2l,ADHD,1002
ADHD_r0w4d6,ADHD,437
ADHD_r91o3f,ADHD,340
ADHD_qbl0n2,ADHD,537
ADHD_qm6z5l,ADHD,374
ADHD_rdjoz1,ADHD,339
ADHD_q6vy6s,ADHD,509
ADHD_qcwers,ADHD,345
ADHD_rdhksc,ADHD,380
ADHD_qnttax,ADHD,756
ADHD_ri46cw,ADHD,560
ADHD_r463oc,ADHD,353
ADHD_qgyujl,ADHD,623
ADHD_rb3d1h,ADHD,342
ADHD_rhwa4w,ADHD,398
ADHD_rfy0yd,ADHD,344
ADHD_r4ia3y,ADHD,328
ADHD_r6xqcr,ADHD,1457
ADHD_rh5k82,ADHD,657
ADHD_qk59jv,ADHD,383
ADHD_r5ole0,ADHD,312
ADHD_q61s76,ADHD,628
ADHD_r1eqh8,ADHD,365
ADHD_qtstap,ADHD,400
ADHD_rf7sya,ADHD,309
ADHD_qeegax,ADHD,307
ADHD_q1ltir,ADHD,372
ADHD_qdg5p2,ADHD,757
ADHD_qyprjb,ADHD,504
ADHD_qdrnmb,ADHD,427
ADHD_qcckro,ADHD,394
ADHD_r713tl,ADHD,354
ADHD_r7liea,ADHD,477
ADHD_rm7jnj,ADHD,311
ADHD_q3og5v,ADHD,339
ADHD_qbxbsw,ADHD,357
ADHD_q6aol5,ADHD,589
ADHD_rf12rv,ADHD,427
ADHD_q1jjhs,ADHD,367
ADHD_qf678o,ADHD,588
ADHD_r63n11,ADHD,322
ADHD_qsm832,ADHD,763
ADHD_q48ojo,ADHD,338
ADHD_pzua9a,ADHD,335
ADHD_ribw0e,ADHD,350
ADHD_q1gh59,ADHD,328
ADHD_r2fd5x,ADHD,412
ADHD_r8dir8,ADHD,443
ADHD_qox55p,ADHD,318
ADHD_qvk8ct,ADHD,556
ADHD_rh3uxs,ADHD,424
ADHD_qbjdpn,ADHD,403
ADHD_rhtory,ADHD,427
ADHD_qvlv9i,ADHD,485
ADHD_r5ytsh,ADHD,432
ADHD_qr7rrg,ADHD,322
ADHD_rkde44,ADHD,408
ADHD_qsgy4i,ADHD,366
ADHD_q95ycq,ADHD,475
ADHD_qss8rq,ADHD,323
ADHD_r48oaq,ADHD,324
ADHD_quyaik,ADHD,342
ADHD_qxs7in,ADHD,323
ADHD_q2ihi6,ADHD,400
ADHD_q8thzg,ADHD,319
ADHD_qsinoz,ADHD,501
ADHD_qt21wa,ADHD,342
ADHD_rk5r6r,ADHD,462
ADHD_qfnfb5,ADHD,2315
ADHD_qzj1q2,ADHD,326
ADHD_qefneu,ADHD,431
ADHD_q4bw4z,ADHD,337
ADHD_q5w9z5,ADHD,325
ADHD_qx5eit,ADHD,316
ADHD_repaax,ADHD,648
ADHD_qbjhom,ADHD,589
ADHD_r9jdfd,ADHD,453
ADHD_rhxaku,ADHD,514
ADHD_r22upi,ADHD,521
ADHD_qhrc4r,ADHD,709
ADHD_r568h6,ADHD,471
ADHD_qec0wk,ADHD,390
ADHD_qq5qxb,ADHD,377
ADHD_qougez,ADHD,602
ADHD_q3alqf,ADHD,970
ADHD_qv2kom,ADHD,388
ADHD_qwy30y,ADHD,1297
ADHD_q0o8pi,ADHD,311
ADHD_q7csn9,ADHD,457
ADHD_r5jyx4,ADHD,324
ADHD_qpx28t,ADHD,331
ADHD_r4j44c,ADHD,462
ADHD_qnr4m0,ADHD,386
ADHD_q8hdjw,ADHD,320
ADHD_r1xefe,ADHD,1133
ADHD_q876n3,ADHD,378
ADHD_re8ixg,ADHD,400
ADHD_r4e8zq,ADHD,377
ADHD_r4ohiy,ADHD,542
ADHD_qc60b8,ADHD,315
ADHD_q48kyr,ADHD,679
ADHD_qydid5,ADHD,597
ADHD_q5sme0,ADHD,659
ADHD_qoqps3,ADHD,553
ADHD_r1ht54,ADHD,357
ADHD_ri3mjp,ADHD,338
ADHD_rm5dpb,ADHD,346
ADHD_q1kpff,ADHD,453
ADHD_r6w4k6,ADHD,454
ADHD_rewii7,ADHD,423
ADHD_r71usb,ADHD,573
ADHD_q777yy,ADHD,368
ADHD_qlqs21,ADHD,747
ADHD_qgdyb6,ADHD,356
ADHD_r1kuor,ADHD,613
ADHD_qnqzel,ADHD,415
ADHD_r9lzeg,ADHD,349
ADHD_q7qgdr,ADHD,693
ADHD_qdglmb,ADHD,331
ADHD_qt1qat,ADHD,572
ADHD_qvaszw,ADHD,441
ADHD_qlxpfv,ADHD,414
ADHD_qoi7zq,ADHD,916
ADHD_rda9go,ADHD,338
ADHD_rb66ph,ADHD,376
ADHD_rbvyr1,ADHD,377
ADHD_q8ugem,ADHD,427
ADHD_qx084v,ADHD,513
ADHD_qsrv12,ADHD,386
ADHD_q2jwn0,ADHD,455
ADHD_q7nmpr,ADHD,621
ADHD_rd2rfq,ADHD,475
ADHD_r4ib1z,ADHD,735
ADHD_r95xh4,ADHD,535
ADHD_rc5u7t,ADHD,323
ADHD_q1964k,ADHD,681
ADHD_q5zzqu,ADHD,775
ADHD_qy76ri,ADHD,322
ADHD_qjzie9,ADHD,331
ADHD_pztiqq,ADHD,648
ADHD_qxcawr,ADHD,433
ADHD_q9agl2,ADHD,427
ADHD_rjuxhi,ADHD,577
ADHD_qwuhzy,ADHD,381
ADHD_q8oyhx,ADHD,339
ADHD_ri0kz0,ADHD,578
ADHD_r7zrb5,ADHD,412
ADHD_q1gxbk,ADHD,481
ADHD_rg1s6p,ADHD,362
ADHD_rkb3yo,ADHD,369
ADHD_q7q8zd,ADHD,433
ADHD_rck37v,ADHD,317
ADHD_qo7pg9,ADHD,465
ADHD_q7lv6u,ADHD,321
ADHD_rhevj9,ADHD,320
ADHD_q4sdsu,ADHD,343
ADHD_qcxskn,ADHD,481
ADHD_q82u06,ADHD,324
ADHD_qcjm65,ADHD,436
ADHD_r1t7w3,ADHD,689
ADHD_qnyhhw,ADHD,429
ADHD_r0qc2u,ADHD,341
ADHD_qccifd,ADHD,393
ADHD_qxw0fx,ADHD,530
ADHD_qqww80,ADHD,644
ADHD_qcr3eo,ADHD,337
ADHD_q64ehw,ADHD,410
ADHD_qlviwq,ADHD,315
ADHD_qdls7l,ADHD,1486
ADHD_qoikky,ADHD,315
ADHD_redfaf,ADHD,421
ADHD_re8woo,ADHD,395
ADHD_qfqm27,ADHD,310
ADHD_r6i9ug,ADHD,335
ADHD_r4ay5i,ADHD,350
ADHD_qqpsg6,ADHD,365
ADHD_qv325w,ADHD,486
ADHD_rfoccj,ADHD,346
ADHD_q46jun,ADHD,371
ADHD_qz649c,ADHD,730
ADHD_qnm490,ADHD,734
ADHD_r51ggp,ADHD,366
ADHD_qhl0zo,ADHD,799
ADHD_qgqyg6,ADHD,365
ADHD_rb0dsh,ADHD,489
ADHD_q622qs,ADHD,381
ADHD_r0bs2z,ADHD,356
ADHD_qjbxp4,ADHD,506
ADHD_qd06mu,ADHD,1276
ADHD_q7al3f,ADHD,385
ADHD_qg70nz,ADHD,1832
ADHD_r7ks42,ADHD,396
ADHD_rcr4j1,ADHD,591
ADHD_qvat7d,ADHD,345
ADHD_qm0zjz,ADHD,378
ADHD_q7jisy,ADHD,725
ADHD_qjjjce,ADHD,334
ADHD_r0nivz,ADHD,541
ADHD_qu7wuc,ADHD,598
ADHD_qronqx,ADHD,438
ADHD_qm7odf,ADHD,345
ADHD_qhdncp,ADHD,327
ADHD_r1j3sm,ADHD,337
ADHD_qukuyl,ADHD,313
ADHD_qrrsc4,ADHD,350
ADHD_rhqozy,ADHD,380
ADHD_qpmyzk,ADHD,583
ADHD_qyh8ra,ADHD,339
ADHD_qenzb5,ADHD,489
ADHD_qildgp,ADHD,319
ADHD_riyi04,ADHD,390
ADHD_qzkfed,ADHD,447
ADHD_rhizd0,ADHD,601
ADHD_r0ld5x,ADHD,414
ADHD_qpd7r5,ADHD,391
ADHD_r6fxly,ADHD,564
ADHD_qxftw8,ADHD,438
ADHD_r1bo6p,ADHD,368
ADHD_qwwbt9,ADHD,645
ADHD_qic6jo,ADHD,937
ADHD_qwalt7,ADHD,649
ADHD_qtc5j9,ADHD,472
ADHD_qtf7mx,ADHD,355
ADHD_qcgg1m,ADHD,349
ADHD_qo2se7,ADHD,324
ADHD_rasl7a,ADHD,338
ADHD_rln2u9,ADHD,493
ADHD_qjxofb,ADHD,537
ADHD_r09um0,ADHD,337
ADHD_qycaeo,ADHD,405
ADHD_rhnqri,ADHD,440
ADHD_q8sr0p,ADHD,620
ADHD_qzr4qh,ADHD,460
ADHD_qzq0ct,ADHD,480
ADHD_rhdia8,ADHD,445
ADHD_q959vg,ADHD,417
ADHD_r7r96t,ADHD,400
ADHD_qdqka3,ADHD,315
ADHD_qpxg0m,ADHD,335
ADHD_qs2rbn,ADHD,467
ADHD_r2ood6,ADHD,329
ADHD_rgd4vz,ADHD,341
ADHD_q4ul11,ADHD,632
ADHD_r9ihad,ADHD,556
ADHD_qlq059,ADHD,372
ADHD_rdt3km,ADHD,461
ADHD_q4pfxz,ADHD,481
ADHD_qnhjns,ADHD,581
ADHD_qxjj43,ADHD,511
ADHD_r8vmhz,ADHD,1082
ADHD_q8z4k7,ADHD,360
ADHD_qiygqw,ADHD,468
ADHD_qc90xf,ADHD,988
ADHD_q5lo4j,ADHD,385
ADHD_qmrxwh,ADHD,333
ADHD_r2f5ea,ADHD,688
ADHD_q9unyt,ADHD,580
ADHD_q7mnwk,ADHD,900
ADHD_qh6knx,ADHD,560
ADHD_qxl0s8,ADHD,478
ADHD_rbfb7o,ADHD,516
ADHD_rg8f3y,ADHD,349
ADHD_qm250k,ADHD,1132
ADHD_qw556d,ADHD,470
ADHD_r5jsj2,ADHD,1039
ADHD_q80454,ADHD,305
ADHD_q391lg,ADHD,380
ADHD_r6sgzb,ADHD,361
ADHD_q6v3se,ADHD,311
ADHD_rbcyoc,ADHD,399
ADHD_r0svst,ADHD,409
ADHD_rekbga,ADHD,807
ADHD_rbkjpf,ADHD,308
ADHD_qo0yme,ADHD,724
ADHD_qz27sc,ADHD,402
ADHD_qhmnod,ADHD,405
ADHD_q3dqf7,ADHD,314
ADHD_q9hn9f,ADHD,378
ADHD_r1l3w1,ADHD,376
ADHD_qvdxgi,ADHD,421
ADHD_rg49og,ADHD,505
ADHD_rbmy8l,ADHD,323
ADHD_q1rux2,ADHD,554
ADHD_qh15ag,ADHD,348
ADHD_qme7l3,ADHD,644
ADHD_rl7xw1,ADHD,385
ADHD_qxazkj,ADHD,932
ADHD_qw7nub,ADHD,388
ADHD_qgd0mp,ADHD,331
ADHD_qamvcv,ADHD,387
ADHD_qmo8zt,ADHD,317
ADHD_qhryci,ADHD,345
ADHD_qhlhtm,ADHD,442
ADHD_qyvfm4,ADHD,643
ADHD_qwrrps,ADHD,381
ADHD_qhcdpo,ADHD,422
ADHD_rcbfrz,ADHD,432
ADHD_raczl3,ADHD,464
ADHD_q6lldf,ADHD,332
ADHD_revh4r,ADHD,480
ADHD_r35s9w,ADHD,339
ADHD_rb49xk,ADHD,990
ADHD_rkyfc5,ADHD,521
ADHD_q3jwyt,ADHD,425
ADHD_qz58w8,ADHD,327
ADHD_r115tx,ADHD,612
ADHD_r552sr,ADHD,531
ADHD_rbjnt6,ADHD,436
ADHD_qwcecl,ADHD,311
ADHD_rcgb9q,ADHD,711
ADHD_qzfiqt,ADHD,386
ADHD_q673lk,ADHD,382
ADHD_qsl920,ADHD,389
ADHD_r57z34,ADHD,441
ADHD_qh9zr3,ADHD,408
ADHD_qv2gqn,ADHD,538
ADHD_q5fk49,ADHD,675
ADHD_pzxnk7,ADHD,646
ADHD_qocvgw,ADHD,486
ADHD_remns8,ADHD,354
ADHD_rdau84,ADHD,1187
ADHD_r2zi3r,ADHD,3586
ADHD_rbyz0r,ADHD,348
ADHD_qqxv9m,ADHD,347
ADHD_rb3frc,ADHD,444
ADHD_qr0kmv,ADHD,352
ADHD_qqocjm,ADHD,388
ADHD_qi7oqg,ADHD,343
ADHD_qwfm4t,ADHD,607
ADHD_rb0pjp,ADHD,374
ADHD_rbdjy0,ADHD,802
ADHD_qr0qb2,ADHD,1030
ADHD_qf2lri,ADHD,401
ADHD_rdrprp,ADHD,357
ADHD_quy0oo,ADHD,399
ADHD_q6eype,ADHD,342
ADHD_qye6gs,ADHD,363
ADHD_qi08jp,ADHD,447
ADHD_qlhz0p,ADHD,368
ADHD_qpma62,ADHD,1005
ADHD_r7icmp,ADHD,852
ADHD_qp0hze,ADHD,339
ADHD_rcuzyc,ADHD,330
ADHD_qjw5xv,ADHD,391
ADHD_rlga6i,ADHD,324
ADHD_r7i0c9,ADHD,408
ADHD_qry8wr,ADHD,629
ADHD_r3tgh5,ADHD,306
ADHD_ra73ov,ADHD,485
ADHD_qh3rag,ADHD,352
ADHD_qqm3wx,ADHD,451
ADHD_qf848f,ADHD,675
ADHD_quke5t,ADHD,625
ADHD_qd46kz,ADHD,602
ADHD_qhe1do,ADHD,431
ADHD_qgsaal,ADHD,418
ADHD_qfmh70,ADHD,859
ADHD_qup0o9,ADHD,1116
ADHD_q9anpw,ADHD,413
ADHD_qvjfft,ADHD,366
ADHD_r0mqsx,ADHD,326
ADHD_r0e4db,ADHD,338
ADHD_qh94qw,ADHD,519
ADHD_r18s6x,ADHD,330
ADHD_qxfffa,ADHD,306
ADHD_q80jek,ADHD,357
ADHD_q207ur,ADHD,438
ADHD_rgyqam,ADHD,483
ADHD_q49e7t,ADHD,389
ADHD_qwgt3a,ADHD,711
ADHD_r5t8st,ADHD,763
ADHD_qwmzm4,ADHD,458
ADHD_q70t3q,ADHD,859
ADHD_qyh3gf,ADHD,382
ADHD_qorh29,ADHD,350
ADHD_rg6spg,ADHD,367
ADHD_q388wj,ADHD,373
ADHD_rb685p,ADHD,408
ADHD_qzbqix,ADHD,599
ADHD_pzxvmm,ADHD,435
ADHD_rayctd,ADHD,311
ADHD_qvj7gw,ADHD,486
ADHD_q0izbg,ADHD,532
ADHD_q3eewk,ADHD,351
ADHD_r1iput,ADHD,902
ADHD_qmsgzz,ADHD,368
ADHD_q55ddl,ADHD,323
ADHD_qcu2xf,ADHD,507
ADHD_qsnbpr,ADHD,477
ADHD_qps5cz,ADHD,405
ADHD_r8undi,ADHD,388
ADHD_q6qxs9,ADHD,381
ADHD_rjiwku,ADHD,491
ADHD_r8sp0h,ADHD,426
ADHD_qpkuir,ADHD,548
ADHD_qj6hno,ADHD,364
ADHD_ra9nbz,ADHD,406
ADHD_q0sm7l,ADHD,369
ADHD_q4wlm6,ADHD,1281
ADHD_q233ct,ADHD,310
ADHD_qwusw3,ADHD,466
ADHD_ql46hm,ADHD,366
ADHD_qyt2et,ADHD,602
ADHD_rbk6uj,ADHD,460
ADHD_rfa716,ADHD,572
ADHD_qx1dox,ADHD,398
ADHD_qx9ite,ADHD,440
ADHD_q5rrcd,ADHD,322
ADHD_q1npsv,ADHD,365
ADHD_q5032k,ADHD,392
ADHD_rdhngs,ADHD,320
ADHD_rgbgyk,ADHD,353
ADHD_qlbhv3,ADHD,545
ADHD_q3fk7w,ADHD,986
ADHD_r8w1o8,ADHD,342
ADHD_qr5xig,ADHD,375
ADHD_rgwrq6,ADHD,782
ADHD_qbjc67,ADHD,403
ADHD_qeiohn,ADHD,577
ADHD_razk4f,ADHD,449
ADHD_r1jsx2,ADHD,527
ADHD_r0iy0y,ADHD,475
ADHD_qnxbx0,ADHD,523
ADHD_qr9hyo,ADHD,390
ADHD_qru5cq,ADHD,763
ADHD_qr7g4z,ADHD,309
ADHD_rkppl9,ADHD,348
ADHD_qfvkum,ADHD,390
ADHD_r68twe,ADHD,354
ADHD_r5rr9r,ADHD,687
ADHD_r7nvfh,ADHD,378
ADHD_qagvjo,ADHD,368
ADHD_qctmlo,ADHD,338
ADHD_qx1udx,ADHD,493
ADHD_q19muq,ADHD,757
ADHD_rh1ibd,ADHD,1075
ADHD_qm14pf,ADHD,407
ADHD_qmnbme,ADHD,637
ADHD_rbshap,ADHD,422
ADHD_qizxsl,ADHD,814
ADHD_r6petf,ADHD,585
ADHD_qsfm8n,ADHD,370
ADHD_qno6gd,ADHD,314
ADHD_r2ziuo,ADHD,439
ADHD_r39ty1,ADHD,528
ADHD_qhvhdt,ADHD,524
ADHD_qumwrb,ADHD,677
ADHD_r7yj58,ADHD,745
ADHD_qb7v3r,ADHD,539
ADHD_r57v7v,ADHD,797
ADHD_qto9ff,ADHD,320
ADHD_rm2d73,ADHD,360
ADHD_rdigmc,ADHD,349
ADHD_r2pqd9,ADHD,391
ADHD_qw6bk5,ADHD,629
ADHD_qhduhp,ADHD,417
ADHD_qdhbyd,ADHD,421
ADHD_qvdqom,ADHD,550
ADHD_qdedz3,ADHD,607
ADHD_qa18f8,ADHD,563
ADHD_qnzzpj,ADHD,585
ADHD_qqwq64,ADHD,373
ADHD_q30pbs,ADHD,665
ADHD_qjiz15,ADHD,307
ADHD_qip69g,ADHD,558
ADHD_r533gi,ADHD,334
ADHD_qc7wln,ADHD,455
ADHD_rg1j0v,ADHD,525
ADHD_q9dtsb,ADHD,490
ADHD_q14918,ADHD,457
ADHD_qz99yl,ADHD,439
ADHD_qo2lsy,ADHD,499
ADHD_qy3qg6,ADHD,411
ADHD_qvdpyt,ADHD,319
ADHD_qp4sbs,ADHD,671
ADHD_rgagu6,ADHD,323
ADHD_r5d3d5,ADHD,361
ADHD_qv5z8p,ADHD,308
ADHD_r9l7vc,ADHD,384
ADHD_qu0vm5,ADHD,330
ADHD_qxh1m8,ADHD,378
ADHD_rk2hig,ADHD,327
ADHD_q9zl6b,ADHD,377
ADHD_r0lldf,ADHD,556
ADHD_r294zn,ADHD,526
ADHD_qfceta,ADHD,406
ADHD_r0ylw3,ADHD,308
ADHD_r189i0,ADHD,338
ADHD_rkoxtn,ADHD,366
ADHD_qihm30,ADHD,374
ADHD_rayic0,ADHD,480
ADHD_r4zups,ADHD,1898
ADHD_rjsmkl,ADHD,932
ADHD_qcujej,ADHD,453
ADHD_qx7ie0,ADHD,421
ADHD_r709eo,ADHD,627
ADHD_qef0bu,ADHD,667
ADHD_rgvf60,ADHD,310
ADHD_rfls4y,ADHD,398
ADHD_rj6hzr,ADHD,376
ADHD_qz6q4e,ADHD,423
ADHD_q6040s,ADHD,321
ADHD_qkw1kp,ADHD,403
ADHD_reubr2,ADHD,740
ADHD_rdiauy,ADHD,390
ADHD_r11x2i,ADHD,737
ADHD_qskkpb,ADHD,312
ADHD_qp28a5,ADHD,2259
ADHD_r11n7e,ADHD,548
ADHD_qef3t3,ADHD,307
ADHD_qbyoxq,ADHD,328
ADHD_qgc1sx,ADHD,483
ADHD_qkackd,ADHD,777
ADHD_r0lyju,ADHD,590
ADHD_qtl2fp,ADHD,461
ADHD_quj4ii,ADHD,667
ADHD_rh61rg,ADHD,323
ADHD_rdkhkb,ADHD,421
ADHD_qw9v6w,ADHD,965
ADHD_r0riu7,ADHD,692
ADHD_rak49m,ADHD,326
ADHD_qqygi1,ADHD,328
ADHD_qgkswo,ADHD,333
ADHD_qj7za6,ADHD,609
ADHD_qv7f5e,ADHD,778
ADHD_q6zos5,ADHD,379
ADHD_qi60j0,ADHD,556
ADHD_r4an8s,ADHD,523
ADHD_rjzd1c,ADHD,416
ADHD_r4ugwv,ADHD,440
ADHD_qaukme,ADHD,566
ADHD_rh4uml,ADHD,313
ADHD_qqkpm4,ADHD,325
ADHD_qz7e10,ADHD,2946
ADHD_qdfaoz,ADHD,397
ADHD_r5p8xs,ADHD,343
ADHD_q3k2xx,ADHD,359
ADHD_qwnd3x,ADHD,636
ADHD_qb7auf,ADHD,348
ADHD_qi2mxw,ADHD,380
ADHD_rj1udh,ADHD,534
ADHD_rgwe5a,ADHD,376
ADHD_ql8mni,ADHD,948
ADHD_q9in7h,ADHD,997
ADHD_qckhb1,ADHD,392
ADHD_qqbz5u,ADHD,334
ADHD_q34lv9,ADHD,353
ADHD_qz9zyn,ADHD,550
ADHD_qmiys0,ADHD,370
ADHD_rc5n0z,ADHD,555
ADHD_qkzjk1,ADHD,340
ADHD_q943at,ADHD,333
ADHD_q8372e,ADHD,884
ADHD_qzffgw,ADHD,461
ADHD_qs0rbq,ADHD,329
ADHD_q8ggiu,ADHD,315
ADHD_qcbp7d,ADHD,535
ADHD_qaou0x,ADHD,474
ADHD_r7mxf1,ADHD,458
ADHD_qa9353,ADHD,455
ADHD_rh8obs,ADHD,367
ADHD_rbdmdi,ADHD,526
ADHD_r4ocbd,ADHD,443
ADHD_rh2z8x,ADHD,1579
ADHD_qz4217,ADHD,417
ADHD_qfxk2v,ADHD,2755
ADHD_rgychl,ADHD,685
ADHD_qi9vuv,ADHD,497
ADHD_q59kpv,ADHD,317
ADHD_qn0yqj,ADHD,327
ADHD_qu75r7,ADHD,957
ADHD_rl1iby,ADHD,349
ADHD_qfs092,ADHD,328
ADHD_r70a6j,ADHD,346
ADHD_qkzprv,ADHD,419
ADHD_q8crrc,ADHD,836
ADHD_qev5hp,ADHD,417
ADHD_q1srmy,ADHD,423
ADHD_rhtp3l,ADHD,417
ADHD_rddgry,ADHD,339
ADHD_qw5x5d,ADHD,340
ADHD_qkckmr,ADHD,489
ADHD_qrijty,ADHD,331
ADHD_q506vj,ADHD,2528
ADHD_r55mfw,ADHD,475
ADHD_r7qjvp,ADHD,383
ADHD_qpmyot,ADHD,479
ADHD_rfu1ig,ADHD,554
ADHD_qr3mtz,ADHD,366
ADHD_qhq1h8,ADHD,511
ADHD_qfujhb,ADHD,596
ADHD_r6ce3p,ADHD,700
ADHD_qz5yk1,ADHD,563
ADHD_qicbiv,ADHD,336
ADHD_r9gltw,ADHD,362
ADHD_rkc4rz,ADHD,390
ADHD_qmo3wm,ADHD,442
ADHD_r7been,ADHD,336
ADHD_r6t00i,ADHD,1240
ADHD_qu0nbd,ADHD,807
ADHD_rcw41k,ADHD,605
ADHD_r0b44u,ADHD,327
ADHD_qnfr74,ADHD,386
ADHD_rb925i,ADHD,439
ADHD_r06so2,ADHD,559
ADHD_rimbv5,ADHD,520
ADHD_qmnjbn,ADHD,317
ADHD_q180oh,ADHD,444
ADHD_q29d8m,ADHD,431
ADHD_r6e3e7,ADHD,562
ADHD_qx3dqf,ADHD,334
ADHD_qk7mz2,ADHD,735
ADHD_qecb27,ADHD,926
ADHD_qsdjhr,ADHD,317
ADHD_qcg4sh,ADHD,441
ADHD_r028ic,ADHD,333
ADHD_qidzqo,ADHD,395
ADHD_rbqbax,ADHD,322
ADHD_qtknah,ADHD,468
ADHD_rj50u1,ADHD,348
ADHD_qgcr0t,ADHD,687
ADHD_qbu2b9,ADHD,350
ADHD_qfedgg,ADHD,389
ADHD_q6zdxb,ADHD,406
ADHD_r9yccg,ADHD,571
ADHD_qbrgax,ADHD,623
ADHD_qoerr2,ADHD,411
ADHD_q5wfd3,ADHD,383
ADHD_rm0wn5,ADHD,318
ADHD_qa97c1,ADHD,417
ADHD_rj0k3g,ADHD,379
ADHD_r7g05f,ADHD,665
ADHD_qimw6g,ADHD,456
ADHD_r6w40c,ADHD,460
ADHD_q5gc1j,ADHD,488
ADHD_r0qmh0,ADHD,452
ADHD_qf4jzr,ADHD,531
ADHD_rekp48,ADHD,392
ADHD_q177ni,ADHD,407
ADHD_r9ejlh,ADHD,339
ADHD_r6jy5z,ADHD,538
ADHD_q0bhjg,ADHD,412
ADHD_q1dc7v,ADHD,355
ADHD_rgt0cr,ADHD,338
ADHD_qy3k0p,ADHD,396
ADHD_rcluka,ADHD,930
ADHD_qk2xcl,ADHD,479
ADHD_q7j0u7,ADHD,916
ADHD_rgw3yu,ADHD,336
ADHD_rh2ww1,ADHD,384
ADHD_rajrvz,ADHD,324
ADHD_rgufcm,ADHD,461
ADHD_qdppq5,ADHD,571
ADHD_qmb2ku,ADHD,423
ADHD_r9huw2,ADHD,587
ADHD_qrpup4,ADHD,329
ADHD_qlclbt,ADHD,464
ADHD_qf32bl,ADHD,381
ADHD_qv0gjd,ADHD,465
ADHD_r6toy7,ADHD,647
ADHD_rknw5r,ADHD,365
ADHD_qcs364,ADHD,323
ADHD_quq0i4,ADHD,358
ADHD_qasnsu,ADHD,318
ADHD_r5o2yk,ADHD,531
ADHD_rm58id,ADHD,500
ADHD_r77zo7,ADHD,534
ADHD_r876g1,ADHD,644
ADHD_q8xbvt,ADHD,1206
ADHD_rd4wmp,ADHD,633
ADHD_qcb82q,ADHD,654
ADHD_rf5jtp,ADHD,331
ADHD_qt6e87,ADHD,389
ADHD_qyst1l,ADHD,353
ADHD_qxiwue,ADHD,560
ADHD_qf1ec4,ADHD,314
ADHD_q5fgxd,ADHD,362
ADHD_q80aqb,ADHD,374
ADHD_q2b2ki,ADHD,401
ADHD_qhl7n1,ADHD,532
ADHD_rflv7o,ADHD,316
ADHD_qowcbz,ADHD,393
ADHD_qgedw9,ADHD,856
ADHD_qu3dmz,ADHD,424
ADHD_q55xy9,ADHD,337
ADHD_qkmux8,ADHD,982
ADHD_q74qky,ADHD,430
ADHD_qt92e5,ADHD,1398
ADHD_qxs426,ADHD,645
ADHD_rchftk,ADHD,811
ADHD_q3fl6q,ADHD,342
ADHD_rhzetp,ADHD,483
ADHD_qpealt,ADHD,392
ADHD_r34nc2,ADHD,519
ADHD_q8l4e4,ADHD,469
ADHD_rm75bn,ADHD,391
ADHD_q7xerb,ADHD,494
ADHD_rgqebx,ADHD,387
ADHD_qz2b7v,ADHD,327
ADHD_resv3m,ADHD,363
ADHD_qtr7n6,ADHD,313
ADHD_rk4xj4,ADHD,821
ADHD_qsrs3o,ADHD,591
ADHD_rjhmxj,ADHD,405
ADHD_rjvl06,ADHD,410
ADHD_qcw9wj,ADHD,371
ADHD_q2gi9a,ADHD,578
ADHD_r1csjz,ADHD,479
ADHD_q8a4xy,ADHD,388
ADHD_q8jk2h,ADHD,320
ADHD_qt4slp,ADHD,451
ADHD_rk15dl,ADHD,431
ADHD_qfdhvt,ADHD,540
ADHD_qv1qs9,ADHD,431
ADHD_qh86cf,ADHD,421
ADHD_q45k0f,ADHD,354
ADHD_q0zesp,ADHD,319
ADHD_qernyx,ADHD,419
ADHD_qg7k3g,ADHD,338
ADHD_rawuvd,ADHD,731
ADHD_qrrz22,ADHD,612
ADHD_q1m5p1,ADHD,399
ADHD_qq8n5q,ADHD,489
ADHD_rbyf4r,ADHD,463
ADHD_qr3e71,ADHD,424
ADHD_qsg5kb,ADHD,560
ADHD_r71tet,ADHD,450
ADHD_qmdp5r,ADHD,743
ADHD_qt59d1,ADHD,358
ADHD_ql76j6,ADHD,357
ADHD_ri3a6t,ADHD,512
ADHD_r8xlpc,ADHD,639
ADHD_qh4rox,ADHD,394
ADHD_qx01fx,ADHD,602
ADHD_qhghtj,ADHD,446
ADHD_r8e4j2,ADHD,320
ADHD_qb0k0v,ADHD,330
ADHD_qnu1n7,ADHD,361
ADHD_qpxxe2,ADHD,492
ADHD_qv95j3,ADHD,625
ADHD_qekdfi,ADHD,404
ADHD_q7b1xl,ADHD,385
ADHD_qw23j0,ADHD,1823
ADHD_qqb8yy,ADHD,432
ADHD_q6adyq,ADHD,633
ADHD_qyj3nk,ADHD,346
ADHD_rh6ftp,ADHD,319
ADHD_rkzl89,ADHD,371
ADHD_ra6tuh,ADHD,2176
ADHD_r3bm5d,ADHD,431
ADHD_rfgobz,ADHD,547
ADHD_rc166z,ADHD,371
ADHD_qb0hpr,ADHD,776
ADHD_qjoyfw,ADHD,629
ADHD_qjhx10,ADHD,336
ADHD_rdexfr,ADHD,430
ADHD_q8ere3,ADHD,590
ADHD_qfqtt5,ADHD,381
ADHD_q04wxk,ADHD,340
ADHD_q5jzk7,ADHD,778
ADHD_qr39nu,ADHD,357
ADHD_r0baxu,ADHD,485
ADHD_qo87in,ADHD,338
ADHD_qmirop,ADHD,387
ADHD_ri6h9o,ADHD,320
ADHD_r9vqd1,ADHD,550
ADHD_qq3ff3,ADHD,327
ADHD_rcxvg3,ADHD,383
ADHD_qd01y7,ADHD,366
ADHD_qsz9ph,ADHD,443
ADHD_r6xe8p,ADHD,419
ADHD_rfq6il,ADHD,489
ADHD_qvdghh,ADHD,480
ADHD_qmniut,ADHD,653
ADHD_q6zzgd,ADHD,627
ADHD_qd8ow6,ADHD,323
ADHD_rfl9li,ADHD,415
ADHD_ricqa6,ADHD,570
ADHD_q188s0,ADHD,339
ADHD_r4hdnx,ADHD,338
ADHD_rbywzz,ADHD,481
ADHD_rd27an,ADHD,317
ADHD_qjfnsm,ADHD,310
ADHD_qucf5y,ADHD,321
ADHD_qiyvo4,ADHD,416
ADHD_rerozk,ADHD,319
ADHD_r3huey,ADHD,563
ADHD_qdief4,ADHD,363
ADHD_qtxjim,ADHD,314
ADHD_ri5xmh,ADHD,646
ADHD_rdjf90,ADHD,421
ADHD_qtq2vn,ADHD,356
ADHD_qse5h9,ADHD,323
ADHD_q1ev31,ADHD,722
ADHD_r8mh5r,ADHD,329
ADHD_q1dhjs,ADHD,870
ADHD_r1f78k,ADHD,341
ADHD_r1fgpb,ADHD,378
ADHD_qe0ns1,ADHD,382
ADHD_ql6pat,ADHD,505
ADHD_qcmxtk,ADHD,362
ADHD_qfmkmz,ADHD,475
ADHD_qvw0br,ADHD,1005
ADHD_qxjscu,ADHD,369
ADHD_qwmhlb,ADHD,975
ADHD_rkq1ue,ADHD,448
ADHD_qcwl4z,ADHD,370
ADHD_qfpw6k,ADHD,386
ADHD_rm1k1g,ADHD,494
ADHD_qsu51y,ADHD,650
ADHD_qucj73,ADHD,419
ADHD_qg12nz,ADHD,315
ADHD_qp6yse,ADHD,428
ADHD_qxlivu,ADHD,336
ADHD_qk4laf,ADHD,353
ADHD_qvbj1n,ADHD,396
ADHD_pzquuo,ADHD,323
ADHD_q6r5md,ADHD,337
ADHD_qbrmit,ADHD,720
ADHD_r5m85n,ADHD,572
ADHD_q49on0,ADHD,313
ADHD_r72rew,ADHD,449
ADHD_r302xd,ADHD,362
ADHD_rj1in8,ADHD,514
ADHD_qepin0,ADHD,442
ADHD_r721eb,ADHD,345
ADHD_pzizi9,ADHD,1316
ADHD_qoixkm,ADHD,380
ADHD_qw5pgc,ADHD,516
ADHD_qb2see,ADHD,460
ADHD_qqk66o,ADHD,320
ADHD_q2efih,ADHD,353
ADHD_qlj7ii,ADHD,349
ADHD_qr1si2,ADHD,427
ADHD_qwykwy,ADHD,1166
ADHD_qwa5qm,ADHD,418
ADHD_qnk7m7,ADHD,554
ADHD_q11wgw,ADHD,340
ADHD_recvwd,ADHD,368
ADHD_qi17g8,ADHD,329
ADHD_rktd70,ADHD,427
ADHD_q1e615,ADHD,450
ADHD_qi69gb,ADHD,341
ADHD_r4dgnd,ADHD,390
ADHD_r6uuhj,ADHD,668
ADHD_qp4vkq,ADHD,432
ADHD_qfv1h0,ADHD,602
ADHD_q6qnbg,ADHD,622
ADHD_rfodrp,ADHD,687
ADHD_r60y73,ADHD,375
ADHD_q208t7,ADHD,440
ADHD_qju2ft,ADHD,1078
ADHD_ra9jc3,ADHD,361
ADHD_qjzjxq,ADHD,364
ADHD_ral3qn,ADHD,526
ADHD_q981n6,ADHD,346
ADHD_qzjjqy,ADHD,407
ADHD_rgw79k,ADHD,397
ADHD_ri5ku6,ADHD,368
ADHD_qch6xf,ADHD,340
ADHD_qfrs14,ADHD,386
ADHD_q06pc4,ADHD,339
ADHD_qpnesn,ADHD,762
ADHD_r7225c,ADHD,522
ADHD_qnps17,ADHD,817
ADHD_r6ojqq,ADHD,339
ADHD_qf9xjj,ADHD,377
ADHD_qmp7zj,ADHD,364
ADHD_rijd23,ADHD,304
ADHD_qb01uz,ADHD,348
ADHD_qj23x2,ADHD,349
ADHD_r099zf,ADHD,1314
ADHD_rdqh8m,ADHD,357
ADHD_r6pioi,ADHD,692
ADHD_q0sw70,ADHD,1027
ADHD_rh5a9j,ADHD,1326
ADHD_r5b28n,ADHD,412
ADHD_qrak7g,ADHD,414
ADHD_r0hz7q,ADHD,458
ADHD_qnwt3c,ADHD,411
ADHD_rc6gq4,ADHD,519
ADHD_qx5l7x,ADHD,374
ADHD_r59svi,ADHD,356
ADHD_qnc7f3,ADHD,457
ADHD_qsh261,ADHD,333
ADHD_rc0bsp,ADHD,864
ADHD_q168kb,ADHD,326
ADHD_qouvf8,ADHD,823
ADHD_pzo526,ADHD,425
ADHD_qyhv09,ADHD,352
ADHD_r54dyb,ADHD,642
ADHD_ravkxg,ADHD,324
ADHD_qmsjz3,ADHD,317
ADHD_r7ido5,ADHD,341
ADHD_regb0l,ADHD,384
ADHD_qrnmp1,ADHD,751
ADHD_r7clw7,ADHD,350
ADHD_qo2ubx,ADHD,338
ADHD_qf1jvu,ADHD,628
ADHD_q73azs,ADHD,443
ADHD_qcph2c,ADHD,468
ADHD_qmpuxb,ADHD,440
ADHD_qfz5vc,ADHD,1085
ADHD_q74vvm,ADHD,325
ADHD_qavljt,ADHD,554
ADHD_r0hgxz,ADHD,756
ADHD_rgzddw,ADHD,353
ADHD_qviwhf,ADHD,355
ADHD_rbyzt8,ADHD,839
ADHD_qsl3bt,ADHD,493
ADHD_qzxaqq,ADHD,563
ADHD_q2s4s1,ADHD,546
ADHD_qljbsi,ADHD,435
ADHD_qdtg25,ADHD,513
ADHD_qj64he,ADHD,332
ADHD_qgog4d,ADHD,346
ADHD_qm4sbi,ADHD,450
ADHD_qf4lls,ADHD,332
ADHD_qxhoec,ADHD,486
ADHD_rev31e,ADHD,536
ADHD_rcu4mp,ADHD,716
ADHD_r4ei8w,ADHD,472
ADHD_q5d8hu,ADHD,551
ADHD_qaomrs,ADHD,328
ADHD_qrxsd3,ADHD,465
ADHD_rjo80i,ADHD,1623
ADHD_rm7op1,ADHD,385
ADHD_q7b5of,ADHD,400
ADHD_rewnl6,ADHD,451
ADHD_qtfc6a,ADHD,341
ADHD_q7cslj,ADHD,338
ADHD_q46mup,ADHD,460
ADHD_qotszx,ADHD,588
ADHD_qt0ofx,ADHD,851
ADHD_qy8kic,ADHD,530
ADHD_rcd0bb,ADHD,907
ADHD_qiw1s7,ADHD,752
ADHD_q8vm76,ADHD,313
ADHD_q6cbur,ADHD,381
ADHD_q54c1w,ADHD,384
ADHD_qq6h86,ADHD,397
ADHD_rc6ldk,ADHD,357
ADHD_rg4j2k,ADHD,721
ADHD_rkie3i,ADHD,956
ADHD_q0x8d5,ADHD,427
ADHD_qa0mc9,ADHD,563
ADHD_r1m6df,ADHD,606
ADHD_qih0xv,ADHD,688
ADHD_qzs84m,ADHD,528
ADHD_qainks,ADHD,327
ADHD_q16gvc,ADHD,478
ADHD_qr3lxr,ADHD,437
ADHD_q0h34x,ADHD,910
ADHD_quwe0n,ADHD,568
ADHD_qr05vf,ADHD,311
ADHD_railvk,ADHD,418
ADHD_qao13l,ADHD,499
ADHD_rg87o9,ADHD,334
ADHD_qp6o3k,ADHD,561
ADHD_qd70yi,ADHD,317
ADHD_qbznja,ADHD,439
ADHD_qgxsiz,ADHD,402
ADHD_r2eqd5,ADHD,409
ADHD_qkt4sz,ADHD,387
ADHD_qrcsnc,ADHD,387
ADHD_q35qpr,ADHD,311
ADHD_q1o0i3,ADHD,453
ADHD_qt3e3b,ADHD,323
ADHD_qypenm,ADHD,395
ADHD_qav7rv,ADHD,385
ADHD_reec3j,ADHD,630
ADHD_r6rcvp,ADHD,313
ADHD_qjjjx7,ADHD,413
ADHD_r17kun,ADHD,730
ADHD_r025zb,ADHD,332
ADHD_ql56pa,ADHD,916
ADHD_rlpz8d,ADHD,364
ADHD_r5ll7o,ADHD,591
ADHD_q4skvi,ADHD,310
ADHD_r5gr86,ADHD,1797
ADHD_r0fbtd,ADHD,441
ADHD_qjsucy,ADHD,428
ADHD_qxh2dq,ADHD,432
ADHD_qzu7iy,ADHD,478
ADHD_qndqp1,ADHD,619
ADHD_rlovi8,ADHD,353
ADHD_qwhcfo,ADHD,632
ADHD_qm1596,ADHD,353
ADHD_riw739,ADHD,815
ADHD_qyflya,ADHD,441
ADHD_r9szcv,ADHD,321
ADHD_qpe8qa,ADHD,372
ADHD_q43fjx,ADHD,336
ADHD_qtprb3,ADHD,457
ADHD_qvaut5,ADHD,415
ADHD_qkmenz,ADHD,460
ADHD_rba23a,ADHD,437
ADHD_q5o0s8,ADHD,326
ADHD_qkdeyc,ADHD,352
ADHD_qu772h,ADHD,500
ADHD_qzn3vg,ADHD,730
ADHD_qdderx,ADHD,335
ADHD_qxzmjg,ADHD,607
ADHD_rc4teu,ADHD,1131
ADHD_rgjym6,ADHD,458
ADHD_qne2sz,ADHD,457
ADHD_r6zh82,ADHD,2027
ADHD_r291ay,ADHD,489
ADHD_r8wi8p,ADHD,363
ADHD_qp1nn2,ADHD,332
ADHD_rj0cd6,ADHD,452
ADHD_qiipez,ADHD,428
ADHD_qn9asy,ADHD,955
ADHD_qdn8yf,ADHD,373
ADHD_rl3g37,ADHD,615
ADHD_r7k3b8,ADHD,456
ADHD_qhdu12,ADHD,457
ADHD_q1xhyr,ADHD,322
ADHD_qo6n3f,ADHD,361
ADHD_qutytp,ADHD,519
ADHD_qryhi8,ADHD,566
ADHD_r4jw0u,ADHD,727
ADHD_qas7vh,ADHD,345
ADHD_qvk2cv,ADHD,371
ADHD_qk4vlw,ADHD,795
ADHD_qo25dw,ADHD,334
ADHD_r3wzyk,ADHD,370
ADHD_rlehj7,ADHD,363
ADHD_q1yyfr,ADHD,571
ADHD_qbs7zn,ADHD,409
ADHD_qrn42i,ADHD,404
ADHD_rhg3f6,ADHD,789
ADHD_rdbnyr,ADHD,403
ADHD_r9fezk,ADHD,687
ADHD_qjix3b,ADHD,489
ADHD_ri16u3,ADHD,351
ADHD_r7xeoa,ADHD,576
ADHD_q0mf9k,ADHD,628
ADHD_pzj9qz,ADHD,394
ADHD_qeu69a,ADHD,429
ADHD_qxsjvr,ADHD,306
ADHD_q20bmb,ADHD,862
ADHD_r096hu,ADHD,312
ADHD_qa5999,ADHD,342
ADHD_qmr2hz,ADHD,444
ADHD_qurz32,ADHD,416
ADHD_q66l8j,ADHD,431
ADHD_qf9sfb,ADHD,657
ADHD_qun5o6,ADHD,640
ADHD_q10ges,ADHD,351
ADHD_r93xvn,ADHD,333
ADHD_q40d07,ADHD,343
ADHD_q53dz2,ADHD,1865
ADHD_r1jtxv,ADHD,340
ADHD_q6z2qq,ADHD,409
ADHD_qqjrw2,ADHD,447
ADHD_r3e5p0,ADHD,3910
ADHD_qiqfi9,ADHD,420
ADHD_qpqlm5,ADHD,312
ADHD_qz4pav,ADHD,367
ADHD_qhitqn,ADHD,373
ADHD_q7mb2c,ADHD,460
ADHD_r87wew,ADHD,491
ADHD_qh9dzh,ADHD,386
ADHD_qxo856,ADHD,359
ADHD_qmygct,ADHD,317
ADHD_qislas,ADHD,504
ADHD_qhcd85,ADHD,526
ADHD_qm8yu4,ADHD,1014
ADHD_r1s10o,ADHD,398
ADHD_r5q1ke,ADHD,903
ADHD_q1lr1t,ADHD,380
ADHD_qpt9pu,ADHD,722
ADHD_r81mcp,ADHD,461
ADHD_rfecoy,ADHD,386
ADHD_rc0kej,ADHD,731
ADHD_r5z5n2,ADHD,378
ADHD_radzsv,ADHD,319
ADHD_rer9tx,ADHD,399
ADHD_qth317,ADHD,560
ADHD_rh0e8v,ADHD,463
ADHD_rjcxfb,ADHD,410
ADHD_rgol3p,ADHD,336
ADHD_q8st7v,ADHD,326
ADHD_qhqh0y,ADHD,441
ADHD_r1prvw,ADHD,614
ADHD_qwytre,ADHD,804
ADHD_rmat17,ADHD,344
ADHD_qt3ad9,ADHD,319
ADHD_rc5jzi,ADHD,494
ADHD_q82l5d,ADHD,638
ADHD_rgd83f,ADHD,480
ADHD_qxxtia,ADHD,364
ADHD_qomjmk,ADHD,399
ADHD_r6ittx,ADHD,329
ADHD_rhc0sh,ADHD,435
ADHD_rfqvcw,ADHD,324
ADHD_qd7tag,ADHD,348
ADHD_qs0qed,ADHD,519
ADHD_qwt5kz,ADHD,384
ADHD_rh7dye,ADHD,340
ADHD_rajcxg,ADHD,634
ADHD_q09o9p,ADHD,483
ADHD_rhnjtx,ADHD,304
ADHD_q3mozk,ADHD,340
ADHD_rdy9pp,ADHD,488
ADHD_q9g00s,ADHD,337
ADHD_qiks70,ADHD,340
ADHD_r84jd9,ADHD,346
ADHD_qmzrfw,ADHD,514
ADHD_qpsfkb,ADHD,511
ADHD_qie6ii,ADHD,561
ADHD_q9xmb4,ADHD,314
ADHD_q4dzuf,ADHD,379
ADHD_q0uae3,ADHD,418
ADHD_r1rl3p,ADHD,360
ADHD_qri48g,ADHD,352
ADHD_qgvvvk,ADHD,323
ADHD_rhjsva,ADHD,610
ADHD_rf1nd6,ADHD,345
ADHD_rcpfbi,ADHD,518
ADHD_r19hx6,ADHD,456
ADHD_r9rm90,ADHD,594
ADHD_rgtunp,ADHD,377
ADHD_qev7ma,ADHD,500
ADHD_r6yy17,ADHD,405
ADHD_r2k74g,ADHD,310
ADHD_qwzeqs,ADHD,496
ADHD_q1j2n2,ADHD,307
ADHD_rm4zon,ADHD,410
ADHD_qjyhnl,ADHD,501
ADHD_ra5vuz,ADHD,404
ADHD_qxg7zv,ADHD,379
ADHD_q7y0yp,ADHD,686
ADHD_r5jemc,ADHD,390
ADHD_qhswxc,ADHD,632
ADHD_qvl3dp,ADHD,342
ADHD_qa2b5l,ADHD,858
ADHD_qptf2g,ADHD,324
ADHD_qvh1rf,ADHD,326
ADHD_qc5wup,ADHD,540
ADHD_rfze97,ADHD,472
ADHD_r5j7m6,ADHD,1129
ADHD_rinvge,ADHD,579
ADHD_r5ezcl,ADHD,365
ADHD_qje3ap,ADHD,343
ADHD_r192ya,ADHD,342
ADHD_qig601,ADHD,588
ADHD_q669u1,ADHD,411
ADHD_r2q90k,ADHD,625
ADHD_qfe7i9,ADHD,356
ADHD_rilzxd,ADHD,415
ADHD_rbjr7f,ADHD,416
ADHD_ql1phs,ADHD,467
ADHD_r1kp2w,ADHD,1150
ADHD_r1h0cs,ADHD,407
ADHD_qcq88n,ADHD,412
ADHD_q4xmpb,ADHD,514
ADHD_rbmffo,ADHD,760
ADHD_qw56vk,ADHD,674
ADHD_qwrm1k,ADHD,437
ADHD_rfcu44,ADHD,771
ADHD_r59cil,ADHD,462
ADHD_r6dj5n,ADHD,1447
ADHD_rfuo2q,ADHD,375
ADHD_qa3s1y,ADHD,428
ADHD_qgyzic,ADHD,567
ADHD_rbxgbq,ADHD,361
ADHD_qkhn8u,ADHD,315
ADHD_ra2ews,ADHD,600
ADHD_r7vi2h,ADHD,380
ADHD_qw17ao,ADHD,718
ADHD_qiwcel,ADHD,323
ADHD_rakhwi,ADHD,482
ADHD_qfutqk,ADHD,755
ADHD_rjli5t,ADHD,624
ADHD_qbol8e,ADHD,308
ADHD_rbdptj,ADHD,359
ADHD_rgf3fp,ADHD,391
ADHD_qrh7ne,ADHD,530
ADHD_rfjumn,ADHD,843
ADHD_q1l84f,ADHD,357
ADHD_r2v9f3,ADHD,381
ADHD_q7eprn,ADHD,449
ADHD_qr8ejd,ADHD,391
ADHD_qhfe7p,ADHD,456
ADHD_q6o397,ADHD,341
ADHD_rabq0r,ADHD,361
ADHD_r4l8sf,ADHD,311
ADHD_qh8q5y,ADHD,1069
ADHD_ql7erl,ADHD,375
ADHD_q8p0es,ADHD,365
ADHD_qvbq4d,ADHD,1911
ADHD_qijazw,ADHD,622
ADHD_q5489k,ADHD,575
ADHD_qpakuj,ADHD,362
ADHD_quunk5,ADHD,324
ADHD_q2stgu,ADHD,386
ADHD_qabkyj,ADHD,400
ADHD_r2ufw3,ADHD,330
ADHD_re6vcw,ADHD,468
ADHD_qvcpze,ADHD,603
ADHD_r0tehi,ADHD,328
ADHD_qjxqm4,ADHD,961
ADHD_qw6qar,ADHD,349
ADHD_qsf820,ADHD,359
ADHD_q6y6cb,ADHD,775
ADHD_rgdtn6,ADHD,314
ADHD_ri1pw6,ADHD,339
ADHD_qyk2o3,ADHD,321
ADHD_qah05f,ADHD,654
ADHD_q3xut4,ADHD,392
ADHD_q45eaq,ADHD,354
ADHD_qmvqb2,ADHD,406
ADHD_qj8gyp,ADHD,324
ADHD_rkaxne,ADHD,469
ADHD_qcceoz,ADHD,319
ADHD_rivn84,ADHD,399
ADHD_rk4qel,ADHD,362
ADHD_qhtqbo,ADHD,739
ADHD_pzu4rh,ADHD,616
ADHD_qg8n6v,ADHD,341
ADHD_qjw5z0,ADHD,509
ADHD_qiz1ci,ADHD,493
ADHD_qarugg,ADHD,350
ADHD_qf5vam,ADHD,519
ADHD_qdbky3,ADHD,685
ADHD_q925uf,ADHD,358
ADHD_r4l757,ADHD,318
ADHD_qw0ueg,ADHD,430
ADHD_q9b2jr,ADHD,320
ADHD_rdrzyn,ADHD,782
ADHD_qhdbpm,ADHD,445
ADHD_qftjkz,ADHD,333
ADHD_qs934a,ADHD,313
ADHD_qblkit,ADHD,446
ADHD_q9u0hg,ADHD,975
ADHD_qiabby,ADHD,358
ADHD_rfada2,ADHD,988
ADHD_r9dlj6,ADHD,561
ADHD_qku1gb,ADHD,907
ADHD_rkd9xa,ADHD,379
ADHD_qyvlmh,ADHD,625
ADHD_qan441,ADHD,333
ADHD_q4tfmi,ADHD,313
ADHD_qkmfph,ADHD,427
ADHD_qn3wet,ADHD,361
ADHD_qhrwr3,ADHD,502
ADHD_rjaguq,ADHD,450
ADHD_rlw0lj,ADHD,967
ADHD_qimn86,ADHD,588
ADHD_q5dfpm,ADHD,479
ADHD_rajun0,ADHD,324
ADHD_qxv8iw,ADHD,395
ADHD_qqy9g1,ADHD,446
ADHD_qfigpx,ADHD,335
ADHD_quqi2o,ADHD,341
ADHD_rag8mo,ADHD,463
ADHD_qt5vbd,ADHD,365
ADHD_ree18s,ADHD,536
ADHD_qniib8,ADHD,363
ADHD_qhx2g2,ADHD,530
ADHD_rbon7f,ADHD,363
ADHD_riwz2z,ADHD,373
ADHD_r9zfgo,ADHD,537
ADHD_qh1jv3,ADHD,1189
ADHD_q6ypd0,ADHD,376
ADHD_qc4a39,ADHD,467
ADHD_quei1w,ADHD,380
ADHD_rbz8v8,ADHD,348
ADHD_qxpco3,ADHD,544
ADHD_qt7k3u,ADHD,393
ADHD_qccb7h,ADHD,530
ADHD_qcwq3y,ADHD,332
ADHD_qy15ay,ADHD,404
ADHD_qmpvy7,ADHD,411
ADHD_qh08xs,ADHD,616
ADHD_qlt4j7,ADHD,762
ADHD_qbt4rj,ADHD,775
ADHD_remgo2,ADHD,447
ADHD_qnc04g,ADHD,447
ADHD_qzcjn5,ADHD,346
ADHD_q9v0gm,ADHD,712
ADHD_qza7s9,ADHD,483
ADHD_rhrel5,ADHD,375
ADHD_rd1ehv,ADHD,547
ADHD_r9tics,ADHD,591
ADHD_q7hrzp,ADHD,655
ADHD_qmhafn,ADHD,395
ADHD_rbxilp,ADHD,315
ADHD_qzaq0o,ADHD,653
ADHD_qxuw08,ADHD,354
ADHD_ql81c3,ADHD,376
ADHD_qfphpu,ADHD,465
ADHD_q4aecp,ADHD,331
ADHD_r6vv91,ADHD,1496
ADHD_q9qkd7,ADHD,415
ADHD_qzzbpq,ADHD,541
ADHD_qcfzeu,ADHD,403
ADHD_q2afkn,ADHD,376
ADHD_qcnfur,ADHD,435
ADHD_qbcrvp,ADHD,789
ADHD_qcrz2t,ADHD,338
ADHD_rad3w3,ADHD,637
ADHD_q7opru,ADHD,381
ADHD_r9j5y3,ADHD,1056
ADHD_qpdln2,ADHD,434
ADHD_qgouhv,ADHD,353
ADHD_rd5hlm,ADHD,335
ADHD_rkrcco,ADHD,618
ADHD_qz9o7e,ADHD,352
ADHD_qas83x,ADHD,408
ADHD_r6r0us,ADHD,337
ADHD_q51c9k,ADHD,363
ADHD_r907lh,ADHD,394
ADHD_rgjgpd,ADHD,426
ADHD_qn89dz,ADHD,344
ADHD_qo9yb3,ADHD,349
ADHD_r646jc,ADHD,356
ADHD_r7xiah,ADHD,403
ADHD_r6tdg8,ADHD,522
ADHD_rinzn0,ADHD,335
ADHD_riy3v5,ADHD,866
ADHD_qw0wq1,ADHD,565
ADHD_ref01c,ADHD,475
ADHD_qz91r7,ADHD,365
ADHD_r2ux6h,ADHD,354
ADHD_qatald,ADHD,555
ADHD_qzqbmb,ADHD,513
ADHD_rgkffa,ADHD,1184
ADHD_qrroyi,ADHD,527
ADHD_q7feg9,ADHD,625
ADHD_qo5me0,ADHD,315
ADHD_qqs77s,ADHD,512
ADHD_rgrzhz,ADHD,341
ADHD_r7s030,ADHD,341
ADHD_r16qf6,ADHD,340
ADHD_qdsgqm,ADHD,788
ADHD_qkqrlg,ADHD,345
ADHD_qlzt6f,ADHD,332
ADHD_qdoezb,ADHD,362
ADHD_qwkja2,ADHD,361
ADHD_r8xof3,ADHD,334
ADHD_r8enkl,ADHD,318
ADHD_rlbumh,ADHD,313
ADHD_qpp8g7,ADHD,367
ADHD_q8tm82,ADHD,360
ADHD_qh2q5d,ADHD,327
ADHD_qt7iav,ADHD,368
ADHD_qlfcsw,ADHD,354
ADHD_q3unk2,ADHD,631
ADHD_r5cynr,ADHD,334
ADHD_qh42jp,ADHD,676
ADHD_qxrv9q,ADHD,787
ADHD_r954l9,ADHD,335
ADHD_q7i1kl,ADHD,422
ADHD_rh3743,ADHD,335
ADHD_q7qlls,ADHD,468
ADHD_res763,ADHD,453
ADHD_qmshiq,ADHD,347
ADHD_ra5i7n,ADHD,332
ADHD_r5vt3k,ADHD,564
ADHD_r5atrz,ADHD,339
ADHD_q4956z,ADHD,945
ADHD_qj86fa,ADHD,546
ADHD_rgl0v3,ADHD,721
ADHD_qxx6cx,ADHD,492
ADHD_qssyya,ADHD,446
ADHD_r3dq6p,ADHD,456
ADHD_rgbvdl,ADHD,376
ADHD_rjakap,ADHD,346
ADHD_qdbn2a,ADHD,931
ADHD_r2voef,ADHD,499
ADHD_r7k3bd,ADHD,438
ADHD_r5pecc,ADHD,348
ADHD_q6qgx2,ADHD,364
ADHD_qkemjr,ADHD,466
ADHD_rb0fe9,ADHD,416
ADHD_r561ta,ADHD,511
ADHD_qd9ahi,ADHD,338
ADHD_qadwga,ADHD,422
ADHD_q2z5r4,ADHD,1511
ADHD_q7gtp3,ADHD,556
ADHD_qqdq90,ADHD,489
ADHD_q3i6p5,ADHD,525
ADHD_r1573e,ADHD,352
ADHD_qoh7ht,ADHD,878
ADHD_rm0bfp,ADHD,328
ADHD_q3nz5b,ADHD,449
ADHD_q5vfjy,ADHD,359
ADHD_qi6vbo,ADHD,356
ADHD_q0c45j,ADHD,529
ADHD_r775uv,ADHD,568
ADHD_q6qoyk,ADHD,407
ADHD_r6cjrt,ADHD,406
ADHD_qanve3,ADHD,332
ADHD_q0akje,ADHD,327
ADHD_rfln5x,ADHD,780
ADHD_qedgww,ADHD,554
ADHD_qan6a2,ADHD,494
ADHD_qgc23z,ADHD,309
ADHD_qhz2m9,ADHD,1325
ADHD_r6coll,ADHD,618
ADHD_q8uj5h,ADHD,440
ADHD_q1a2yy,ADHD,569
ADHD_qyys4b,ADHD,371
ADHD_qpggi4,ADHD,336
ADHD_r6cuz3,ADHD,330
ADHD_rc7wnv,ADHD,400
ADHD_qqutmw,ADHD,333
ADHD_qc49fi,ADHD,502
ADHD_qu41gu,ADHD,610
ADHD_qhkcsq,ADHD,402
ADHD_qrozt1,ADHD,319
ADHD_qx86tj,ADHD,464
ADHD_qdpgun,ADHD,344
ADHD_r5014m,ADHD,544
ADHD_qpkpot,ADHD,654
ADHD_qdobe7,ADHD,432
ADHD_rjts4z,ADHD,394
ADHD_qhy0z9,ADHD,570
ADHD_qyi12i,ADHD,482
ADHD_rg3wax,ADHD,387
ADHD_r7v782,ADHD,337
ADHD_qu7efh,ADHD,333
ADHD_r5gggd,ADHD,423
ADHD_qkqw40,ADHD,358
ADHD_q9k3lv,ADHD,1528
ADHD_rg03y0,ADHD,515
ADHD_rg9llp,ADHD,517
ADHD_qiiq7z,ADHD,483
ADHD_q118cm,ADHD,650
ADHD_raah0p,ADHD,315
ADHD_qii4qw,ADHD,318
ADHD_rm69kt,ADHD,409
ADHD_qbrry4,ADHD,525
ADHD_qmc20x,ADHD,541
ADHD_qr2f6k,ADHD,343
ADHD_r8lmkq,ADHD,507
ADHD_q18bhr,ADHD,393
ADHD_rkeugq,ADHD,360
ADHD_rjrguq,ADHD,308
ADHD_qff2gk,ADHD,419
ADHD_q1k8bi,ADHD,373
ADHD_qj4zqw,ADHD,1396
ADHD_qq36sz,ADHD,325
ADHD_qgecee,ADHD,327
ADHD_qci2j4,ADHD,311
ADHD_qphn4w,ADHD,386
ADHD_qh6z0b,ADHD,841
ADHD_qqm23u,ADHD,590
ADHD_qtxz41,ADHD,492
ADHD_rd3fpc,ADHD,433
ADHD_qqsfy5,ADHD,476
ADHD_qjjna6,ADHD,528
ADHD_qzzexl,ADHD,385
ADHD_r5xa4u,ADHD,379
ADHD_r2qz32,ADHD,1028
ADHD_qke3yp,ADHD,518
ADHD_rexbhi,ADHD,736
ADHD_r6k706,ADHD,354
ADHD_q19asn,ADHD,515
ADHD_rdw41j,ADHD,416
ADHD_qnlu4g,ADHD,335
ADHD_qgnag0,ADHD,532
ADHD_qtdw09,ADHD,568
ADHD_qfvv84,ADHD,610
ADHD_qwo3c6,ADHD,523
ADHD_r162cl,ADHD,772
ADHD_qts7da,ADHD,496
ADHD_q4oek9,ADHD,332
ADHD_qorp73,ADHD,331
ADHD_qlooe5,ADHD,408
ADHD_r7zh9k,ADHD,386
ADHD_qobrua,ADHD,320
ADHD_q2dmi2,ADHD,426
ADHD_r0h9ex,ADHD,386
ADHD_qbis0b,ADHD,621
ADHD_q7ba1h,ADHD,434
ADHD_qkq198,ADHD,406
ADHD_q0a1v3,ADHD,1250
ADHD_r4ila8,ADHD,353
ADHD_qqaacc,ADHD,534
ADHD_rbm4sj,ADHD,499
ADHD_qz65k7,ADHD,309
ADHD_q24u6w,ADHD,316
ADHD_qlz1kf,ADHD,523
ADHD_qbgnq2,ADHD,333
ADHD_qrzomd,ADHD,374
ADHD_q0wdr6,ADHD,455
ADHD_rjpugo,ADHD,449
ADHD_rkuug1,ADHD,332
ADHD_qnauob,ADHD,405
ADHD_ra3eo4,ADHD,468
ADHD_qz89t0,ADHD,343
ADHD_qqw1om,ADHD,476
ADHD_q1bq07,ADHD,489
ADHD_qec766,ADHD,591
ADHD_qawtsd,ADHD,529
ADHD_qy6fwf,ADHD,376
ADHD_qqsxhj,ADHD,342
ADHD_qz654h,ADHD,364
ADHD_q2b7g3,ADHD,313
ADHD_qgv56n,ADHD,663
ADHD_rftntf,ADHD,341
ADHD_qpucu7,ADHD,951
ADHD_rgfw5k,ADHD,334
ADHD_qcz8jl,ADHD,328
ADHD_qe1uvl,ADHD,338
ADHD_qunwuw,ADHD,362
ADHD_r2s17u,ADHD,357
ADHD_q3ctd7,ADHD,402
ADHD_qpb5nh,ADHD,393
ADHD_q84cl5,ADHD,376
ADHD_q4rf3b,ADHD,321
ADHD_qyjix0,ADHD,613
ADHD_rgpjnd,ADHD,435
ADHD_quj14r,ADHD,409
ADHD_qbrj6y,ADHD,501
ADHD_qn2v7w,ADHD,353
ADHD_qk4gcq,ADHD,742
ADHD_qtpqch,ADHD,895
ADHD_qpbams,ADHD,375
ADHD_rheglg,ADHD,869
ADHD_qd2fx8,ADHD,450
ADHD_qnj25v,ADHD,451
ADHD_rakcfj,ADHD,338
ADHD_r6w412,ADHD,2621
ADHD_qicggu,ADHD,342
ADHD_qnt31v,ADHD,418
ADHD_rjktrp,ADHD,452
ADHD_qpqfg0,ADHD,365
ADHD_qr40x5,ADHD,606
ADHD_qv5hd9,ADHD,674
ADHD_rgq0ar,ADHD,540
ADHD_rb2sxd,ADHD,315
ADHD_qly9n6,ADHD,348
ADHD_qdoog3,ADHD,385
ADHD_rcc40p,ADHD,307
ADHD_qks80g,ADHD,494
ADHD_rk2p05,ADHD,562
ADHD_rcuq74,ADHD,386
ADHD_rhxwm0,ADHD,421
ADHD_ra4ece,ADHD,1474
ADHD_qc2ut5,ADHD,325
ADHD_q95lrb,ADHD,466
ADHD_qx7fk8,ADHD,581
ADHD_qhdgp0,ADHD,1044
ADHD_qdhlc2,ADHD,362
ADHD_q8gapv,ADHD,371
ADHD_qwvfsy,ADHD,368
ADHD_q6j88t,ADHD,387
ADHD_r7khnl,ADHD,331
ADHD_rihs49,ADHD,547
ADHD_qwsktt,ADHD,557
ADHD_r63h27,ADHD,407
ADHD_qnxqvy,ADHD,329
ADHD_quc94y,ADHD,389
ADHD_rjzjmd,ADHD,308
ADHD_rb5zsi,ADHD,846
ADHD_qqi2jv,ADHD,365
ADHD_rmabm7,ADHD,444
ADHD_rkwuym,ADHD,893
ADHD_qscu35,ADHD,465
ADHD_re6bvw,ADHD,313
ADHD_rm7zdz,ADHD,393
ADHD_r0ho4h,ADHD,445
ADHD_r6o1ip,ADHD,330
ADHD_rhvffz,ADHD,440
ADHD_r47wxt,ADHD,663
ADHD_rhozqw,ADHD,321
ADHD_qemjkm,ADHD,321
ADHD_r1tgw2,ADHD,353
ADHD_qahpz2,ADHD,975
ADHD_qfjpnn,ADHD,417
ADHD_qw0fqk,ADHD,828
ADHD_qunsbx,ADHD,369
ADHD_q4cx1c,ADHD,313
ADHD_q04xx6,ADHD,342
ADHD_qdkvhh,ADHD,1240
ADHD_q9po8n,ADHD,336
ADHD_qohjj5,ADHD,439
ADHD_q11ob1,ADHD,407
ADHD_qhhtwa,ADHD,391
ADHD_qooqzs,ADHD,324
ADHD_qs9ftq,ADHD,378
ADHD_qza4m1,ADHD,345
ADHD_qvkr7g,ADHD,326
ADHD_rbioev,ADHD,362
ADHD_q2uf44,ADHD,317
ADHD_qwcyza,ADHD,411
ADHD_rk470n,ADHD,346
ADHD_qisle0,ADHD,338
ADHD_q9kw5a,ADHD,493
ADHD_r1mz9u,ADHD,356
ADHD_q2apam,ADHD,309
ADHD_rht9na,ADHD,583
ADHD_rl1epd,ADHD,356
ADHD_q6essy,ADHD,596
ADHD_qmwpr0,ADHD,592
ADHD_qknva1,ADHD,408
ADHD_rctlai,ADHD,576
ADHD_rjtsop,ADHD,990
ADHD_qm0pu3,ADHD,342
ADHD_r0dxv6,ADHD,406
ADHD_qazrkc,ADHD,423
ADHD_qon5fp,ADHD,326
ADHD_qbflvm,ADHD,312
ADHD_qdl6z5,ADHD,577
ADHD_qmtfue,ADHD,366
ADHD_rdo0az,ADHD,507
ADHD_qu06j7,ADHD,333
ADHD_q72m5l,ADHD,585
ADHD_qewx4q,ADHD,952
ADHD_qcd6tj,ADHD,464
ADHD_qrzc3s,ADHD,580
ADHD_qgz8a1,ADHD,382
ADHD_r6o1o0,ADHD,1443
ADHD_qu3vmj,ADHD,461
ADHD_r4tprh,ADHD,433
ADHD_r4qrks,ADHD,842
ADHD_r72umf,ADHD,364
ADHD_qyvd2e,ADHD,604
ADHD_qfr34o,ADHD,434
ADHD_rfzc0p,ADHD,440
ADHD_qm5jso,ADHD,390
ADHD_rlxz4m,ADHD,575
ADHD_rdz3jk,ADHD,737
ADHD_rcy6fi,ADHD,567
ADHD_ra333m,ADHD,317
ADHD_rlaeww,ADHD,1397
ADHD_rb85er,ADHD,406
ADHD_rgy53l,ADHD,818
ADHD_q8c8zz,ADHD,398
ADHD_qzzrjx,ADHD,428
ADHD_q7vmlb,ADHD,494
ADHD_rbhgyo,ADHD,355
ADHD_qn7ti7,ADHD,895
ADHD_qzy4at,ADHD,452
ADHD_r4i31w,ADHD,587
ADHD_rgefcz,ADHD,787
ADHD_rlgwsv,ADHD,378
ADHD_rk4wck,ADHD,326
ADHD_qh44ty,ADHD,519
ADHD_r3ledu,ADHD,370
ADHD_qilaog,ADHD,1006
ADHD_qj68wj,ADHD,442
ADHD_r28ihe,ADHD,425
ADHD_qcot0f,ADHD,1278
ADHD_qihr43,ADHD,337
ADHD_qr14ht,ADHD,606
ADHD_qsdl9e,ADHD,529
ADHD_r2zbo8,ADHD,627
ADHD_qoslg6,ADHD,318
ADHD_q5iat7,ADHD,350
ADHD_rcz6q7,ADHD,353
ADHD_qipyi8,ADHD,354
ADHD_qx9pgd,ADHD,421
ADHD_q8cm2t,ADHD,522
ADHD_rbshi0,ADHD,351
ADHD_qwgg2w,ADHD,428
ADHD_qd3u0t,ADHD,393
ADHD_rl3iva,ADHD,427
ADHD_q5dfny,ADHD,581
ADHD_raxwcl,ADHD,656
ADHD_rki9yf,ADHD,500
ADHD_razfid,ADHD,502
ADHD_qqac3k,ADHD,1034
ADHD_rh4x4o,ADHD,348
ADHD_qsxk4i,ADHD,579
ADHD_rg1rcw,ADHD,706
ADHD_r6xaj3,ADHD,347
ADHD_qpg8ko,ADHD,583
ADHD_qodt4n,ADHD,326
ADHD_qdtdmx,ADHD,472
ADHD_r9a4ap,ADHD,670
ADHD_qlgprr,ADHD,493
ADHD_q83p2h,ADHD,372
ADHD_rlmiwn,ADHD,345
ADHD_ql575c,ADHD,440
ADHD_ri6lld,ADHD,482
ADHD_qwny36,ADHD,328
ADHD_qmlxmy,ADHD,1588
ADHD_rl0f4k,ADHD,536
ADHD_qqeyxu,ADHD,1070
ADHD_qcs9jx,ADHD,425
ADHD_qjxiwh,ADHD,620
ADHD_rjl62m,ADHD,328
ADHD_r8ghd3,ADHD,621
ADHD_qkwyyv,ADHD,307
ADHD_qm2524,ADHD,338
ADHD_r9b175,ADHD,493
ADHD_rcrnll,ADHD,436
ADHD_r4y2bs,ADHD,335
ADHD_q2npua,ADHD,567
ADHD_rix8wo,ADHD,570
ADHD_rhkddq,ADHD,564
ADHD_qz1p2m,ADHD,340
ADHD_qo03j6,ADHD,432
ADHD_rehku2,ADHD,541
ADHD_qfmvpe,ADHD,502
ADHD_qyejsu,ADHD,427
ADHD_qlsomt,ADHD,336
ADHD_qz29ro,ADHD,313
ADHD_q1fz89,ADHD,458
ADHD_qlpjbh,ADHD,527
ADHD_req1b6,ADHD,358
ADHD_qm8co2,ADHD,324
ADHD_rc504i,ADHD,413
ADHD_qcjwt9,ADHD,377
ADHD_q5jst7,ADHD,620
ADHD_qgb3ib,ADHD,377
ADHD_qqx2ir,ADHD,362
ADHD_r99a52,ADHD,400
ADHD_rfke9g,ADHD,396
ADHD_rhrgji,ADHD,318
ADHD_q8dya6,ADHD,684
ADHD_qoj32i,ADHD,331
ADHD_rhaz1e,ADHD,410
ADHD_r948md,ADHD,400
ADHD_qlb23d,ADHD,333
ADHD_reoqbl,ADHD,365
ADHD_rawbgk,ADHD,332
ADHD_rhk9xw,ADHD,431
ADHD_qkjado,ADHD,503
ADHD_qv3v1i,ADHD,525
ADHD_qltzwp,ADHD,315
ADHD_qms42o,ADHD,348
ADHD_q86fyn,ADHD,645
ADHD_pzzmds,ADHD,730
ADHD_q5ki18,ADHD,363
ADHD_refopi,ADHD,368
ADHD_qwqo2b,ADHD,359
ADHD_ra8gax,ADHD,419
ADHD_qcgzu3,ADHD,405
ADHD_q885vm,ADHD,423
ADHD_qncmzw,ADHD,429
ADHD_qpy0jt,ADHD,451
ADHD_qarstd,ADHD,452
ADHD_r1ncf6,ADHD,307
ADHD_rkqad2,ADHD,641
ADHD_qc4osr,ADHD,418
ADHD_qwumjx,ADHD,1510
ADHD_qq73h4,ADHD,322
ADHD_qtsdgs,ADHD,756
ADHD_qoa1f8,ADHD,338
ADHD_rdyt0f,ADHD,502
ADHD_rd2xtj,ADHD,660
ADHD_rfb9z1,ADHD,426
ADHD_rflpmw,ADHD,543
ADHD_qby4qq,ADHD,812
ADHD_qlmrar,ADHD,360
ADHD_quauh3,ADHD,382
ADHD_q2nhuc,ADHD,331
ADHD_rakh2s,ADHD,589
ADHD_r0lmz4,ADHD,1005
ADHD_rl31fm,ADHD,732
ADHD_r7j0g8,ADHD,393
ADHD_q5c99c,ADHD,719
ADHD_qb3etl,ADHD,354
ADHD_r0axb0,ADHD,680
ADHD_rhym7q,ADHD,504
ADHD_qkndef,ADHD,705
ADHD_rfugn8,ADHD,468
ADHD_qr536r,ADHD,364
ADHD_q9xpdy,ADHD,403
ADHD_q2d5dg,ADHD,397
ADHD_q8lblp,ADHD,1147
ADHD_q6z9pi,ADHD,597
ADHD_rm6eu7,ADHD,421
ADHD_qfcrot,ADHD,337
ADHD_qpalkv,ADHD,537
ADHD_qr0yad,ADHD,308
ADHD_racfcn,ADHD,747
ADHD_rhgxw7,ADHD,583
ADHD_qujmny,ADHD,321
ADHD_rfk4nc,ADHD,422
ADHD_qv1gvl,ADHD,338
ADHD_r6j8ft,ADHD,491
ADHD_qf54ju,ADHD,839
ADHD_qnkxw2,ADHD,453
ADHD_qceuoy,ADHD,703
ADHD_r0t0gc,ADHD,412
ADHD_qef1ow,ADHD,309
ADHD_qp7kkw,ADHD,543
ADHD_r9o7ui,ADHD,307
ADHD_rlo1ex,ADHD,324
ADHD_r7ahca,ADHD,318
ADHD_rcsl4r,ADHD,1088
ADHD_qakwbl,ADHD,408
ADHD_qy6nyr,ADHD,316
ADHD_r23y21,ADHD,480
ADHD_r4qn68,ADHD,339
ADHD_rfukbe,ADHD,402
ADHD_raz9qk,ADHD,356
ADHD_rg2eqi,ADHD,374
ADHD_r5p9c1,ADHD,628
ADHD_qyg6hn,ADHD,430
ADHD_r4mrzo,ADHD,327
ADHD_re4lug,ADHD,439
ADHD_qxrkn5,ADHD,344
ADHD_q859ya,ADHD,307
ADHD_qvhxam,ADHD,590
ADHD_r0ddao,ADHD,360
ADHD_qmo7xz,ADHD,368
ADHD_qvf04j,ADHD,457
ADHD_q8svm0,ADHD,561
ADHD_r0f9sv,ADHD,391
ADHD_qt7oju,ADHD,429
ADHD_r0e77d,ADHD,437
ADHD_q4jn6a,ADHD,344
ADHD_rksv60,ADHD,774
ADHD_r1m14s,ADHD,404
ADHD_r835m8,ADHD,490
ADHD_qqvpuv,ADHD,1068
ADHD_qk3mda,ADHD,539
ADHD_q80nys,ADHD,374
ADHD_qmhv4v,ADHD,341
ADHD_rjnoqi,ADHD,1458
ADHD_r2auw5,ADHD,709
ADHD_r6dsg4,ADHD,363
ADHD_r6gu7c,ADHD,569
ADHD_r7xg2c,ADHD,379
ADHD_qvrl5n,ADHD,1179
ADHD_r0zq93,ADHD,482
ADHD_rdd5sd,ADHD,869
ADHD_q0h5vp,ADHD,336
ADHD_qh4xdj,ADHD,884
ADHD_qociw4,ADHD,365
ADHD_qgfrq2,ADHD,588
ADHD_qoz7fd,ADHD,473
ADHD_qxw37l,ADHD,1441
ADHD_r6ysae,ADHD,588
ADHD_r7v2rm,ADHD,588
ADHD_q1c7li,ADHD,363
ADHD_qewp6o,ADHD,320
ADHD_qtkom7,ADHD,625
ADHD_q931np,ADHD,750
ADHD_q9dq5p,ADHD,344
ADHD_qai0pv,ADHD,552
ADHD_rb2wgv,ADHD,346
ADHD_rivlio,ADHD,502
ADHD_rloyim,ADHD,432
ADHD_q2lvvc,ADHD,2223
ADHD_ra9s9f,ADHD,377
ADHD_rkjhjn,ADHD,593
ADHD_q0tu79,ADHD,386
ADHD_r12veh,ADHD,446
ADHD_qb4ui9,ADHD,462
ADHD_q8trxg,ADHD,487
ADHD_qr4lh4,ADHD,407
ADHD_r1ynol,ADHD,1315
ADHD_qz4rn1,ADHD,306
ADHD_ri19ng,ADHD,378
ADHD_rd9xij,ADHD,619
ADHD_qtlr8l,ADHD,535
ADHD_rdfn8i,ADHD,349
ADHD_qb13p1,ADHD,587
ADHD_qqso6f,ADHD,432
ADHD_qxursr,ADHD,323
ADHD_qw21hr,ADHD,306
ADHD_qh8ikq,ADHD,404
ADHD_q61xez,ADHD,393
ADHD_qmtc4y,ADHD,414
ADHD_qvkv31,ADHD,728
ADHD_r0xtgm,ADHD,345
ADHD_qc83x0,ADHD,736
ADHD_qxi3sm,ADHD,424
ADHD_qk4mes,ADHD,383
ADHD_q2sch6,ADHD,419
ADHD_qtnoo5,ADHD,369
ADHD_r18avb,ADHD,451
ADHD_qvkmz1,ADHD,433
ADHD_qekoav,ADHD,323
ADHD_r5uu38,ADHD,1220
ADHD_qcvaha,ADHD,316
ADHD_r9grtg,ADHD,317
ADHD_qbu88q,ADHD,362
ADHD_rhrvrq,ADHD,316
ADHD_r9w4v5,ADHD,473
ADHD_pzp6la,ADHD,323
ADHD_r1y6yw,ADHD,328
ADHD_q9343q,ADHD,338
ADHD_qgcbfh,ADHD,1161
ADHD_r11dc7,ADHD,563
ADHD_r42elz,ADHD,489
ADHD_qlirdt,ADHD,421
ADHD_r48duk,ADHD,376
ADHD_qd1u36,ADHD,458
ADHD_r1o7tb,ADHD,435
ADHD_qwdzqh,ADHD,589
ADHD_q0g7r9,ADHD,312
ADHD_r726xt,ADHD,812
ADHD_rjfh9e,ADHD,631
ADHD_q15ds9,ADHD,470
ADHD_r7jknp,ADHD,324
ADHD_ra8c9j,ADHD,829
ADHD_q2vz8z,ADHD,392
ADHD_qf8tmy,ADHD,425
ADHD_rhct5c,ADHD,529
ADHD_rkvaa5,ADHD,1000
ADHD_qffbwr,ADHD,420
ADHD_rfgg5d,ADHD,312
ADHD_q9nwfp,ADHD,970
ADHD_qk0y54,ADHD,611
ADHD_q1j71f,ADHD,503
ADHD_rffrmk,ADHD,388
ADHD_qy9jyt,ADHD,715
ADHD_qaqcuk,ADHD,351
ADHD_qpxohy,ADHD,309
ADHD_rbwbwi,ADHD,443
ADHD_qmg9p3,ADHD,315
ADHD_qzhbrx,ADHD,318
ADHD_qr6w2a,ADHD,780
ADHD_r780xa,ADHD,310
ADHD_q1f97l,ADHD,648
ADHD_qhyvq4,ADHD,811
ADHD_qvimv9,ADHD,334
ADHD_rlrur1,ADHD,366
ADHD_qbry4a,ADHD,461
ADHD_q4o8ex,ADHD,748
ADHD_qlt9fv,ADHD,372
ADHD_q9du3d,ADHD,537
ADHD_r5k5to,ADHD,327
ADHD_qv63sj,ADHD,510
ADHD_r2q57n,ADHD,1553
ADHD_qjs7yg,ADHD,388
ADHD_qf7twf,ADHD,316
ADHD_qq7con,ADHD,412
ADHD_raun5q,ADHD,377
ADHD_ra0ucc,ADHD,332
ADHD_rf1sqp,ADHD,464
ADHD_qw3xyo,ADHD,545
ADHD_qu1va1,ADHD,665
ADHD_r7vpfq,ADHD,359
ADHD_rbl9to,ADHD,487
ADHD_rk2633,ADHD,336
ADHD_rexozr,ADHD,412
ADHD_qud8bz,ADHD,354
ADHD_qcmk0w,ADHD,345
ADHD_q16pdd,ADHD,492
ADHD_rkkh5p,ADHD,333
ADHD_q86ijg,ADHD,521
ADHD_qms3bu,ADHD,490
ADHD_r9evbi,ADHD,463
ADHD_qeihgt,ADHD,311
ADHD_quc5nj,ADHD,309
ADHD_rm5fnl,ADHD,321
ADHD_qgcd6b,ADHD,650
ADHD_rh3fv6,ADHD,341
ADHD_r41cat,ADHD,444
ADHD_r1apvd,ADHD,558
ADHD_qx41v1,ADHD,328
ADHD_q41swd,ADHD,1253
ADHD_q42v5k,ADHD,447
ADHD_qb9fxn,ADHD,415
ADHD_q6c1jt,ADHD,429
ADHD_qv8vg1,ADHD,339
ADHD_qgl26a,ADHD,384
ADHD_qbc0xb,ADHD,443
ADHD_q5v7o9,ADHD,407
ADHD_qti90n,ADHD,882
ADHD_r7ji8m,ADHD,363
ADHD_qkcqj7,ADHD,809
ADHD_r6yqxt,ADHD,324
ADHD_rdho1c,ADHD,378
ADHD_qicx0m,ADHD,410
ADHD_qrvl95,ADHD,482
ADHD_rgesdg,ADHD,381
ADHD_rd42r8,ADHD,329
ADHD_qyhxhn,ADHD,398
ADHD_r4z4qg,ADHD,681
ADHD_q9z48r,ADHD,347
ADHD_q3ro9y,ADHD,391
ADHD_q40bgo,ADHD,382
ADHD_qa2vpa,ADHD,794
ADHD_qrx9ld,ADHD,488
ADHD_qdwe5z,ADHD,422
ADHD_qrt8a8,ADHD,320
ADHD_qmxkmg,ADHD,382
ADHD_rg2mm7,ADHD,799
ADHD_q2r4nz,ADHD,447
ADHD_qz8ytf,ADHD,501
ADHD_qu999e,ADHD,388
ADHD_rckaxv,ADHD,311
ADHD_qh7wrw,ADHD,437
ADHD_qfplbf,ADHD,355
ADHD_qexmzg,ADHD,455
ADHD_qj3g44,ADHD,399
ADHD_r0sksv,ADHD,887
ADHD_q0qjj7,ADHD,317
ADHD_r5tqs3,ADHD,308
ADHD_qrziu0,ADHD,771
ADHD_qlu6z8,ADHD,728
ADHD_r53crg,ADHD,349
ADHD_r35szt,ADHD,390
ADHD_q73iqj,ADHD,394
ADHD_qb5aku,ADHD,503
ADHD_r58h1m,ADHD,344
ADHD_qtlu66,ADHD,330
ADHD_rj3rqs,ADHD,337
ADHD_q4etb3,ADHD,377
ADHD_q9flj5,ADHD,386
ADHD_rc428q,ADHD,614
ADHD_qwpcx4,ADHD,416
ADHD_rafg9v,ADHD,435
ADHD_r10o3t,ADHD,363
ADHD_r6yigv,ADHD,1037
ADHD_rdmzc6,ADHD,305
ADHD_rcboca,ADHD,609
ADHD_r2a27o,ADHD,363
ADHD_r2rz0m,ADHD,674
ADHD_q9a8cg,ADHD,327
ADHD_rd6bpj,ADHD,396
ADHD_rbcskd,ADHD,618
ADHD_q8twry,ADHD,332
ADHD_qtve4j,ADHD,361
ADHD_r50o7p,ADHD,671
ADHD_qpi0ty,ADHD,547
ADHD_r20qfs,ADHD,373
ADHD_q9f25d,ADHD,325
ADHD_q26fg0,ADHD,1404
ADHD_rk035d,ADHD,348
ADHD_r9n95c,ADHD,533
ADHD_q4zw6g,ADHD,373
ADHD_qooyhr,ADHD,329
ADHD_r3i8g5,ADHD,424
ADHD_qrd7h5,ADHD,347
ADHD_r7tyyu,ADHD,578
ADHD_rjwyvq,ADHD,393
ADHD_rb268t,ADHD,1070
ADHD_q5u8kk,ADHD,597
ADHD_q6uir5,ADHD,624
ADHD_q18qw9,ADHD,355
ADHD_rb9lyq,ADHD,544
ADHD_rfvile,ADHD,436
ADHD_rh8vy8,ADHD,316
ADHD_qbve5o,ADHD,497
ADHD_q8u2sl,ADHD,440
ADHD_rlhzhf,ADHD,356
ADHD_r5a5yq,ADHD,456
ADHD_r76n91,ADHD,329
ADHD_r90f03,ADHD,463
ADHD_r0x1kp,ADHD,313
ADHD_r2oufx,ADHD,399
ADHD_rm99zl,ADHD,366
ADHD_quu355,ADHD,1298
ADHD_qi7sks,ADHD,331
ADHD_q2boxp,ADHD,477
ADHD_qfgbnw,ADHD,496
ADHD_r3lvax,ADHD,409
ADHD_r7pf42,ADHD,1147
ADHD_ran52e,ADHD,348
ADHD_qt1b9i,ADHD,392
ADHD_qho01a,ADHD,400
ADHD_qd1e0s,ADHD,1037
ADHD_qhi7iq,ADHD,729
ADHD_qkmdfr,ADHD,655
ADHD_r23gpt,ADHD,368
ADHD_rc5pvr,ADHD,359
ADHD_rlfkfw,ADHD,464
ADHD_r7iwl2,ADHD,394
ADHD_qol3pj,ADHD,402
ADHD_qaqtw4,ADHD,462
ADHD_qr5f18,ADHD,1126
ADHD_r7rzu3,ADHD,743
ADHD_r2shh9,ADHD,353
ADHD_r1octu,ADHD,364
ADHD_qezfe0,ADHD,343
ADHD_qpwt2j,ADHD,1003
ADHD_r5nv1o,ADHD,618
ADHD_qbx63y,ADHD,433
ADHD_rfeb8i,ADHD,351
ADHD_qe5acf,ADHD,6649
ADHD_qhfae5,ADHD,388
ADHD_rm1qi3,ADHD,371
ADHD_ralsrx,ADHD,498
ADHD_rlsalj,ADHD,439
ADHD_q3c4zu,ADHD,340
ADHD_q8tcss,ADHD,423
ADHD_rcyspf,ADHD,685
ADHD_qg79eo,ADHD,469
ADHD_r6nl25,ADHD,482
ADHD_qr0joi,ADHD,386
ADHD_qq89dg,ADHD,454
ADHD_rcti8d,ADHD,309
ADHD_qa47x4,ADHD,327
ADHD_qt6wiq,ADHD,399
ADHD_q18wz8,ADHD,315
ADHD_rhmtp7,ADHD,420
ADHD_r8v9kz,ADHD,1006
ADHD_qxk2xc,ADHD,465
ADHD_qembz7,ADHD,445
ADHD_rj291y,ADHD,873
ADHD_qtibju,ADHD,581
ADHD_q8ajvw,ADHD,343
ADHD_rbh4yj,ADHD,368
ADHD_qbf3nl,ADHD,401
ADHD_q2b116,ADHD,410
ADHD_qyi4z1,ADHD,433
ADHD_rc6tct,ADHD,307
ADHD_q18lrc,ADHD,537
ADHD_qsa7jg,ADHD,372
ADHD_qr8ez2,ADHD,472
ADHD_qn0qxn,ADHD,646
ADHD_rjto4w,ADHD,587
ADHD_q05uum,ADHD,417
ADHD_qo5qkl,ADHD,330
ADHD_r5jhko,ADHD,321
ADHD_q088wk,ADHD,356
ADHD_rijz5n,ADHD,881
ADHD_r2edr5,ADHD,315
ADHD_r5a25d,ADHD,836
ADHD_rai2pz,ADHD,592
ADHD_rbri7c,ADHD,517
ADHD_riqhwc,ADHD,1044
ADHD_rgyavs,ADHD,403
ADHD_qej2wj,ADHD,408
ADHD_q4o0ec,ADHD,887
ADHD_r48zbm,ADHD,471
ADHD_q3ha0w,ADHD,520
ADHD_q2ajku,ADHD,320
ADHD_qdzcng,ADHD,943
ADHD_r3xdzg,ADHD,340
ADHD_qew40q,ADHD,413
ADHD_qkdkw7,ADHD,348
ADHD_r0kv0m,ADHD,378
ADHD_rm4q7x,ADHD,393
ADHD_q04qkf,ADHD,341
ADHD_rcogxa,ADHD,424
ADHD_rb1ohg,ADHD,316
ADHD_q6i0sr,ADHD,409
ADHD_q5smpy,ADHD,594
ADHD_qwa89s,ADHD,375
ADHD_r5sxfx,ADHD,408
ADHD_q7z56y,ADHD,507
ADHD_qhx9fj,ADHD,374
ADHD_r8f9p5,ADHD,377
ADHD_rhxuqv,ADHD,316
ADHD_qmvfha,ADHD,527
ADHD_qrkyj6,ADHD,381
ADHD_qfm807,ADHD,372
ADHD_q0kh2a,ADHD,336
ADHD_qirxym,ADHD,516
ADHD_qmrgpz,ADHD,591
ADHD_qtdnof,ADHD,566
ADHD_qac60w,ADHD,462
ADHD_r4j21e,ADHD,396
ADHD_re4nps,ADHD,800
ADHD_r5ulq3,ADHD,378
ADHD_q06im5,ADHD,1104
ADHD_qbeip9,ADHD,547
ADHD_rb83na,ADHD,422
ADHD_q4kn0f,ADHD,429
ADHD_r0xo2u,ADHD,343
ADHD_r1vt53,ADHD,403
ADHD_qxihq3,ADHD,314
ADHD_q676nv,ADHD,315
ADHD_qvx5v7,ADHD,318
ADHD_q1c4r2,ADHD,484
ADHD_qzderf,ADHD,527
ADHD_q2enta,ADHD,508
ADHD_q9acr1,ADHD,534
ADHD_quomce,ADHD,353
ADHD_rj0afy,ADHD,319
ADHD_qt77dk,ADHD,351
ADHD_r5tywx,ADHD,307
ADHD_q8u4dr,ADHD,392
ADHD_q1dyw6,ADHD,660
ADHD_r763xe,ADHD,398
ADHD_qppmu8,ADHD,621
ADHD_q7av69,ADHD,543
ADHD_qqbpu7,ADHD,618
ADHD_qkjqsz,ADHD,778
ADHD_rkc68y,ADHD,322
ADHD_q3d7ne,ADHD,489
ADHD_qe9sbg,ADHD,317
ADHD_rhifsx,ADHD,509
ADHD_rk6xig,ADHD,350
ADHD_qx18x9,ADHD,501
ADHD_qx1tto,ADHD,388
ADHD_qu2ysz,ADHD,1038
ADHD_rc05jh,ADHD,407
ADHD_rbed5k,ADHD,589
ADHD_qt97qf,ADHD,365
ADHD_qml5tq,ADHD,393
ADHD_qkksox,ADHD,324
ADHD_rfc66j,ADHD,326
ADHD_r1z7dy,ADHD,369
ADHD_qj9dkm,ADHD,482
ADHD_q8xp2f,ADHD,582
ADHD_qtkqfw,ADHD,366
ADHD_qn7k2n,ADHD,397
ADHD_q2ui4g,ADHD,502
ADHD_reeqdw,ADHD,348
ADHD_qif0tk,ADHD,559
ADHD_qz3eqf,ADHD,632
ADHD_q7khs1,ADHD,1314
ADHD_qncich,ADHD,318
ADHD_r73lov,ADHD,410
ADHD_q1d7vz,ADHD,331
ADHD_rbi5vk,ADHD,448
ADHD_qh5o6k,ADHD,385
ADHD_q4rrkw,ADHD,1395
ADHD_qrs4du,ADHD,562
ADHD_rhdfuc,ADHD,393
ADHD_qu9yjd,ADHD,795
ADHD_qx48of,ADHD,468
ADHD_qkli5n,ADHD,368
ADHD_qorwxg,ADHD,333
ADHD_qexwrt,ADHD,388
ADHD_qrinze,ADHD,318
ADHD_rb7y5t,ADHD,426
ADHD_pzu30h,ADHD,408
ADHD_qh8nbu,ADHD,370
ADHD_qdccw8,ADHD,581
ADHD_q3arjn,ADHD,524
ADHD_qoxy0f,ADHD,670
ADHD_q71hw6,ADHD,477
ADHD_rdltn8,ADHD,449
ADHD_qqyvlx,ADHD,350
ADHD_qsnm6z,ADHD,451
ADHD_q85tu2,ADHD,1111
ADHD_rjbred,ADHD,1434
ADHD_qvq2pg,ADHD,311
ADHD_qoixbz,ADHD,412
ADHD_qy88i1,ADHD,382
ADHD_qg8r29,ADHD,720
ADHD_q188l9,ADHD,406
ADHD_q6j6uz,ADHD,398
ADHD_qa250h,ADHD,1684
ADHD_rb1nlr,ADHD,555
ADHD_qrnvg9,ADHD,373
ADHD_qf3nie,ADHD,597
ADHD_rim9iy,ADHD,308
ADHD_r23uyk,ADHD,497
ADHD_rbpn60,ADHD,471
ADHD_qkorsd,ADHD,1046
ADHD_qabgiz,ADHD,435
ADHD_qpiir4,ADHD,496
ADHD_q5zy0v,ADHD,349
ADHD_rid5b4,ADHD,316
ADHD_q7t5ea,ADHD,819
ADHD_qhysmn,ADHD,598
ADHD_rh03dl,ADHD,828
ADHD_r96bg2,ADHD,321
ADHD_rfd3e8,ADHD,441
ADHD_rjv3k6,ADHD,335
ADHD_ri9thu,ADHD,1205
ADHD_r7r11y,ADHD,1141
ADHD_qii7fp,ADHD,502
ADHD_qx48it,ADHD,445
ADHD_qsnn79,ADHD,315
ADHD_qtadne,ADHD,318
ADHD_q19c3q,ADHD,331
ADHD_qt65d0,ADHD,538
ADHD_q1ektw,ADHD,362
ADHD_r1zb1q,ADHD,555
ADHD_qtx2xp,ADHD,683
ADHD_qggu5e,ADHD,598
ADHD_qs9jcj,ADHD,1279
ADHD_r7ispa,ADHD,452
ADHD_quxjfx,ADHD,655
ADHD_qj1ybh,ADHD,518
ADHD_rb79h6,ADHD,526
ADHD_rmawvm,ADHD,1720
ADHD_qlft87,ADHD,991
ADHD_raik81,ADHD,329
ADHD_q6m59q,ADHD,361
ADHD_qu98qp,ADHD,318
ADHD_qzmxto,ADHD,573
ADHD_q2odzg,ADHD,325
ADHD_qfjlgi,ADHD,359
ADHD_qw1n27,ADHD,627
ADHD_qqviuf,ADHD,502
ADHD_r2evr0,ADHD,491
ADHD_q1nz38,ADHD,562
ADHD_qubvxt,ADHD,528
ADHD_qob2r3,ADHD,407
ADHD_rb0ceo,ADHD,347
ADHD_ralz96,ADHD,360
ADHD_r0cvrz,ADHD,571
ADHD_rgqb0p,ADHD,339
ADHD_rb44tz,ADHD,470
ADHD_qx6l2x,ADHD,319
ADHD_qwl1ka,ADHD,504
ADHD_rabza2,ADHD,534
ADHD_qzva53,ADHD,371
ADHD_qs2mf0,ADHD,545
ADHD_r5mlzr,ADHD,1027
ADHD_qcc5qd,ADHD,576
ADHD_qc8p6f,ADHD,499
ADHD_qza09z,ADHD,586
ADHD_qxqgi6,ADHD,1049
ADHD_qxkd18,ADHD,563
ADHD_qjsw0q,ADHD,331
ADHD_qwc87p,ADHD,409
ADHD_qnj5rj,ADHD,514
ADHD_qvwofs,ADHD,561
ADHD_qtvwbi,ADHD,509
ADHD_qyfnzu,ADHD,454
ADHD_q1amg5,ADHD,479
ADHD_q12v43,ADHD,487
ADHD_qu4x0y,ADHD,408
ADHD_r4fiyx,ADHD,322
ADHD_r8jvvo,ADHD,310
ADHD_qc3vmq,ADHD,540
ADHD_q58801,ADHD,453
ADHD_qutth9,ADHD,338
ADHD_qd7zj3,ADHD,567
ADHD_qbi9cm,ADHD,363
ADHD_qcymg7,ADHD,324
ADHD_qr7jr3,ADHD,467
ADHD_q2w6dz,ADHD,365
ADHD_qstykd,ADHD,503
ADHD_r1g1oo,ADHD,575
ADHD_qdspbf,ADHD,406
ADHD_r49ols,ADHD,504
ADHD_rcsiyj,ADHD,352
ADHD_qtmpjx,ADHD,598
ADHD_qada0q,ADHD,339
ADHD_q1zbyz,ADHD,459
ADHD_qeqtvu,ADHD,1504
ADHD_qsaunk,ADHD,310
ADHD_qpn2mm,ADHD,350
ADHD_rkdxst,ADHD,800
ADHD_r4xjy2,ADHD,311
ADHD_rc9qlz,ADHD,422
ADHD_qahwmq,ADHD,375
ADHD_r7emxn,ADHD,310
ADHD_qwjxjc,ADHD,416
ADHD_q7narb,ADHD,891
ADHD_qqdnz0,ADHD,423
ADHD_r4liql,ADHD,339
ADHD_ri6h54,ADHD,343
ADHD_rfis01,ADHD,960
ADHD_q9d1tn,ADHD,348
ADHD_r78pll,ADHD,422
ADHD_rffqg9,ADHD,382
ADHD_qa04hg,ADHD,455
ADHD_q28gw7,ADHD,305
ADHD_r4rfc7,ADHD,349
ADHD_qc4lll,ADHD,750
ADHD_qwjf8a,ADHD,498
ADHD_qch0c6,ADHD,408
ADHD_r5skqk,ADHD,629
ADHD_qv73vv,ADHD,327
ADHD_qargqg,ADHD,539
ADHD_qq5wyq,ADHD,319
ADHD_qbfmzm,ADHD,354
ADHD_qlsajb,ADHD,434
ADHD_r89aty,ADHD,532
ADHD_qsefer,ADHD,373
ADHD_qg7bbx,ADHD,342
ADHD_rde574,ADHD,347
ADHD_q3vj3b,ADHD,372
ADHD_q49bu4,ADHD,437
ADHD_q715c6,ADHD,452
ADHD_r8wui5,ADHD,1510
ADHD_qqmofu,ADHD,442
ADHD_ribi67,ADHD,538
ADHD_qkv1br,ADHD,307
ADHD_q4bmla,ADHD,336
ADHD_qmqwcp,ADHD,344
ADHD_q53x7u,ADHD,443
ADHD_qirrm4,ADHD,397
ADHD_qrniyk,ADHD,334
ADHD_rfosfp,ADHD,421
ADHD_qhw4fu,ADHD,404
ADHD_rexjw8,ADHD,471
ADHD_qt7rsv,ADHD,321
ADHD_rfjsu9,ADHD,376
ADHD_qcttyr,ADHD,415
ADHD_qw10qi,ADHD,526
ADHD_r1so4n,ADHD,752
ADHD_q3gnh0,ADHD,366
ADHD_qwc8m3,ADHD,648
ADHD_qc2kqs,ADHD,376
ADHD_qnsmkc,ADHD,368
ADHD_r1zjfk,ADHD,708
ADHD_qy8xld,ADHD,746
ADHD_qdxujr,ADHD,382
ADHD_rl1ups,ADHD,397
ADHD_qn1zgj,ADHD,406
ADHD_r1ili0,ADHD,484
ADHD_q43nb2,ADHD,1066
ADHD_rdj8eh,ADHD,743
ADHD_rfor37,ADHD,352
ADHD_qjutpk,ADHD,460
ADHD_r98s59,ADHD,459
ADHD_qj4urg,ADHD,693
ADHD_r8mstr,ADHD,443
ADHD_r3mdtm,ADHD,469
ADHD_r75pz3,ADHD,331
ADHD_rgdyyc,ADHD,384
ADHD_qat1k7,ADHD,522
ADHD_qhszk6,ADHD,503
ADHD_r4yr0o,ADHD,337
ADHD_r0141w,ADHD,577
ADHD_ree0k6,ADHD,322
ADHD_r82uaq,ADHD,499
ADHD_qi3xj5,ADHD,1152
ADHD_r59c3x,ADHD,684
ADHD_qolemu,ADHD,316
ADHD_rib8io,ADHD,803
ADHD_riz9v0,ADHD,533
ADHD_qv2bw4,ADHD,397
ADHD_qapkye,ADHD,469
ADHD_qgaxo2,ADHD,338
ADHD_rag064,ADHD,342
ADHD_qwaty2,ADHD,387
ADHD_r2nhua,ADHD,626
ADHD_qd3gvm,ADHD,342
ADHD_r4wo70,ADHD,405
ADHD_q4wq2o,ADHD,388
ADHD_quyjxd,ADHD,400
ADHD_qp27l5,ADHD,563
ADHD_q33n1w,ADHD,678
ADHD_qjclzi,ADHD,380
ADHD_rlsfv9,ADHD,333
ADHD_r906by,ADHD,827
ADHD_qe9y8t,ADHD,316
ADHD_qwl73u,ADHD,338
ADHD_q6io9v,ADHD,471
ADHD_qxsgpe,ADHD,509
ADHD_qlw36e,ADHD,682
ADHD_qyb0r2,ADHD,1211
ADHD_q7kgq8,ADHD,349
ADHD_qd3ito,ADHD,633
ADHD_q9tdlk,ADHD,489
ADHD_qni5kl,ADHD,340
ADHD_rhph17,ADHD,322
ADHD_qn2a6u,ADHD,428
ADHD_qhhn7n,ADHD,495
ADHD_rbu4sj,ADHD,364
ADHD_qgf826,ADHD,351
ADHD_qzft8f,ADHD,307
ADHD_qk5j6k,ADHD,434
ADHD_q8knkn,ADHD,376
ADHD_qmz2lg,ADHD,412
ADHD_rb56w9,ADHD,316
ADHD_q25v3z,ADHD,322
ADHD_qvx1ew,ADHD,806
ADHD_q8saeg,ADHD,393
ADHD_r08bpw,ADHD,1000
ADHD_qq37v5,ADHD,340
ADHD_rca8n7,ADHD,308
ADHD_q0i8md,ADHD,308
ADHD_qbek03,ADHD,471
ADHD_q6h9up,ADHD,426
ADHD_ril1z4,ADHD,386
ADHD_qrgrj2,ADHD,400
ADHD_r5l55h,ADHD,376
ADHD_qb4brc,ADHD,448
ADHD_qndcch,ADHD,336
ADHD_qe9nhx,ADHD,1326
ADHD_r3hvah,ADHD,493
ADHD_rdyvib,ADHD,596
ADHD_q88tyu,ADHD,551
ADHD_r9ir0z,ADHD,353
ADHD_qifw00,ADHD,318
ADHD_rm1ijb,ADHD,315
ADHD_reck02,ADHD,354
ADHD_r1fx61,ADHD,338
ADHD_qi03n5,ADHD,697
ADHD_r5u7xy,ADHD,707
ADHD_r0z0xv,ADHD,610
ADHD_qggbgu,ADHD,571
ADHD_q96dyq,ADHD,341
ADHD_qw4i1p,ADHD,343
ADHD_qh6lle,ADHD,399
ADHD_r94gmo,ADHD,304
ADHD_qtk1am,ADHD,1138
ADHD_rjqb6l,ADHD,731
ADHD_q81jc5,ADHD,574
ADHD_q2p9u7,ADHD,308
ADHD_qlz84l,ADHD,475
ADHD_qwkfet,ADHD,556
ADHD_rgjf09,ADHD,359
ADHD_r0mbol,ADHD,1256
ADHD_re6nml,ADHD,415
ADHD_ql7wr2,ADHD,548
ADHD_qu7veq,ADHD,554
ADHD_q4jwky,ADHD,349
ADHD_r34xnb,ADHD,392
ADHD_r2kcf3,ADHD,357
ADHD_qzj47s,ADHD,523
ADHD_r7giub,ADHD,344
ADHD_q2nk6b,ADHD,438
