event,target,n_posts
tell,i,212
do,what,103
say,,93
do,i,88
do,,87
be,,86
say,i,72
do,it,72
time,time,70
give,i,66
ask,i,65
know,,59
go,,56
make,,52
call,i,48
be,i,47
do,thing,46
get,,46
take,i,45
back,,44
get,i,43
be,person,42
not,,38
talk,i,37
day,day,36
again,i,36
leave,,36
have,,36
do,anything,35
say,he,34
stop,,34
there,,34
away,,33
love,i,33
say,what,33
hit,i,32
say,it,32
back,i,32
leave,i,31
say,thing,31
hurt,i,31
look,i,31
have,i,31
have,sex,31
die,,30
night,night,30
help,i,30
be,friend,29
kill,i,29
make,i,28
rap,i,28
touch,i,28
do,that,28
time,i,27
abuse,i,27
be,one,26
want,,26
think,,25
put,i,25
kill,himself,25
come,,24
be,abusive,24
see,i,23
tell,he,23
know,what,23
care,,23
cry,,22
do,something,22
be,able,22
get,mad,22
be,old,21
kiss,i,21
talk,,21
feel,,21
get,angry,20
home,,20
do,this,20
be,man,20
tell,it,20
show,i,19
ask,,19
be,guy,19
know,i,19
break,i,19
push,i,18
yell,i,18
scream,i,18
send,i,18
treat,i,18
keep,i,18
get,it,18
say,time,17
hold,i,17
say,something,17
see,,17
assault,i,17
let,,16
say,you,16
move,,16
be,time,15
want,what,15
again,it,15
hug,i,15
threaten,i,15
beat,i,15
there,i,15
change,,15
d,,15
act,,14
lie,,14
be,he,14
manipulate,i,14
understand,,14
be,who,14
here,,14
rape,i,14
make,he,14
much,i,14
cheat,i,14
lot,lot,14
be,angry,13
say,this,13
have,he,13
way,way,13
kick,i,13
well,i,13
say,that,13
around,,13
know,it,13
come,i,13
have,time,13
make,it,13
grab,i,13
be,scared,12
apologize,,12
walk,i,12
throw,i,12
again,,12
drop,i,12
hard,i,12
think,i,12
buy,i,12
use,i,12
choke,i,12
meet,i,12
night,i,12
ask,what,12
tell,what,12
well,,12
work,,11
watch,i,11
be,thing,11
be,amazing,11
take,it,11
make,comment,11
follow,i,11
go,i,11
ask,he,11
have,issue,11
pull,i,11
be,right,11
tell,she,11
take,care,11
give,he,11
listen,,11
put,hand,11
say,anything,10
in,i,10
comfort,i,10
,,10
get,trouble,10
too,i,10
help,,10
be,strong,10
week,week,10
ago,,10
remind,i,10
day,i,10
get,upset,10
pick,i,10
be,nice,10
be,upset,10
to,,10
feel,bad,10
get,he,10
take,advantage,10
be,dead,10
home,i,10
texte,i,10
come,room,10
stop,i,10
be,what,9
be,year,9
say,sorry,9
be,father,9
live,,9
want,i,9
be,drunk,9
can,,9
have,problem,9
protect,i,9
be,bad,9
hang,,9
be,way,9
be,dog,9
be,month,9
be,happy,9
take,that,9
anymore,i,9
stay,,9
leave,room,9
pass,,9
lie,i,9
say,himself,9
today,today,9
be,supportive,9
find,i,9
know,he,9
be,interested,9
get,help,9
care,i,9
want,he,9
have,idea,8
grow,,8
yell,,8
be,house,8
now,,8
drink,,8
have,way,8
tell,thing,8
sleep,,8
too,,8
deny,it,8
harass,i,8
be,okay,8
make,joke,8
find,,8
cut,i,8
drive,,8
bring,i,8
be,alcoholic,8
be,go,8
get,job,8
pressure,i,8
listen,i,8
alone,i,8
be,people,8
live,i,8
groom,i,8
scream,,8
be,sorry,8
be,fine,8
force,i,8
look,,8
have,life,8
call,name,8
be,child,7
love,,7
call,it,7
tell,they,7
be,life,7
be,day,7
have,one,7
be,afraid,7
see,he,7
still,,7
say,day,7
be,willing,7
hear,,7
talk,they,7
tell,we,7
say,bad,7
attack,i,7
be,good,7
around,i,7
do,nothing,7
be,dad,7
control,i,7
start,,7
be,worried,7
believe,i,7
get,they,7
ask,okay,7
year,year,7
wake,i,7
wait,i,7
have,it,7
be,violent,7
in,,7
put,arm,7
laugh,,7
run,,7
ask,it,7
have,money,7
ask,question,7
be,that,7
say,way,7
could,,7
punch,i,7
have,nightmare,7
lot,i,6
do,time,6
finish,,6
see,that,6
later,,6
try,,6
let,he,6
tell,anyone,6
walk,,6
feel,guilty,6
have,girlfriend,6
go,time,6
calm,i,6
be,about,6
throw,thing,6
be,kind,6
say,person,6
be,all,6
convince,i,6
slap,i,6
grope,i,6
go,therapy,6
say,they,6
support,i,6
feel,i,6
belittle,i,6
be,family,6
think,what,6
message,i,6
leave,house,6
be,mad,6
know,this,6
ask,time,6
shove,i,6
meet,he,6
tell,time,6
tell,friend,6
agree,,6
say,she,6
close,i,6
sit,i,6
once,i,6
ignore,i,6
be,honest,6
minute,minute,6
commit,suicide,6
tell,that,6
speak,i,6
tell,people,6
hat,i,6
send,he,6
hold,hand,6
have,hand,6
chase,i,6
take,they,6
be,manipulative,6
tell,truth,6
go,it,6
accuse,i,6
be,ok,6
make,fun,6
be,adult,6
kill,he,6
blame,i,6
see,it,6
be,lot,6
say,stuff,6
be,close,6
let,i,6
be,smart,6
say,fine,5
say,friend,5
move,i,5
date,girl,5
month,month,5
marry,i,5
on,,5
say,everything,5
have,family,5
be,point,5
hang,friend,5
be,nothing,5
take,shower,5
be,ex,5
ghost,i,5
like,i,5
flirt,i,5
then,,5
away,it,5
have,lot,5
tell,day,5
punish,i,5
send,picture,5
diagnose,i,5
be,aware,5
make,point,5
remember,,5
wait,,5
live,time,5
make,friend,5
get,point,5
apologize,i,5
cause,i,5
be,sober,5
fast,,5
be,sick,5
give,,5
raise,voice,5
away,i,5
stalk,i,5
write,i,5
be,sure,5
take,clothe,5
pin,i,5
tell,something,5
break,,5
talk,it,5
have,outburst,5
blackmail,i,5
be,love,5
matter,i,5
save,i,5
pay,rent,5
snap,,5
be,place,5
eat,,5
get,that,5
strangle,i,5
be,issue,5
gaslighte,i,5
be,mood,5
drive,i,5
be,home,5
be,teacher,5
though,i,5
track,i,5
be,reason,5
anyway,i,5
show,,5
inappropriately,i,5
catch,i,5
anyways,i,5
tell,bad,5
cause,,5
need,help,5
take,responsibility,5
be,psychopath,5
think,it,5
be,aggressive,5
not,sure,5
have,day,5
be,wrong,5
have,kid,5
reply,,5
be,everything,5
check,i,5
tell,lot,5
reassure,i,5
find,it,5
say,year,5
make,excuse,5
smile,i,5
be,big,5
contact,i,5
molest,i,5
admit,i,5
help,he,5
understand,i,5
have,girl,5
have,year,5
morning,morning,5
upset,i,5
shout,i,5
cry,i,5
say,fault,5
be,part,5
be,brother,5
have,relationship,5
do,same,5
be,tall,5
play,game,5
be,tired,5
take,medication,5
grab,arm,5
have,attack,5
control,,5
punch,face,5
have,thing,5
isolate,i,5
walk,room,5
stab,i,5
first,i,4
back,life,4
do,everything,4
reach,i,4
be,like,4
be,sweet,4
date,i,4
be,someone,4
harm,i,4
be,respectful,4
be,jail,4
far,i,4
deal,,4
do,stuff,4
sexually,i,4
through,,4
off,,4
be,polite,4
have,son,4
do,lot,4
close,,4
drink,i,4
have,nothing,4
not,person,4
kick,,4
change,mind,4
bite,i,4
leave,alone,4
come,night,4
be,friendly,4
be,age,4
lose,job,4
abuse,sister,4
be,excited,4
not,happy,4
live,house,4
stop,it,4
tell,stuff,4
survive,,4
have,appointment,4
make,money,4
tell,girlfriend,4
home,work,4
help,it,4
look,what,4
be,special,4
struggle,,4
give,kiss,4
next,i,4
be,job,4
say,happy,4
beat,she,4
anywhere,,4
be,mean,4
disappear,,4
say,phone,4
mean,i,4
say,we,4
do,he,4
trigger,i,4
kiss,cheek,4
need,time,4
be,school,4
be,weird,4
be,moment,4
talk,friend,4
be,busy,4
bad,i,4
be,abuser,4
keep,it,4
watch,tv,4
propose,i,4
shut,i,4
be,teenager,4
make,sure,4
be,cool,4
get,bed,4
treat,she,4
have,wife,4
give,money,4
take,,4
take,she,4
sit,,4
way,i,4
tell,everything,4
be,unable,4
use,,4
put,it,4
sound,,4
throw,phone,4
pull,trigger,4
push,boundary,4
speak,,4
think,he,4
be,alive,4
be,angel,4
hate,i,4
much,,4
be,addict,4
go,house,4
,old,4
together,,4
,person,4
say,sex,4
ask,anything,4
tell,end,4
make,day,4
insist,,4
know,anything,4
know,time,4
be,something,4
see,anything,4
get,close,4
jump,,4
like,that,4
feel,it,4
then,i,4
ask,sex,4
make,deal,4
calm,,4
all,i,4
know,trauma,4
get,well,4
be,boy,4
tell,mother,4
drag,i,4
go,school,4
be,funny,4
be,pedophile,4
bite,bit,4
shake,i,4
ask,way,4
live,street,4
say,month,4
work,i,4
say,lot,4
kill,she,4
breathe,,4
be,different,4
use,word,4
make,thing,4
have,case,4
know,that,4
be,narcissist,4
be,work,4
come,house,4
tell,parent,4
abuse,she,4
get,bad,4
be,young,4
not,abusive,4
go,bathroom,4
have,that,4
do,opposite,4
get,violent,4
star,i,4
leave,he,4
go,jail,4
bring,it,4
over,i,4
have,child,4
get,house,4
mock,i,4
talk,people,4
make,decision,4
be,understanding,4
stay,i,4
today,i,4
live,we,4
insult,i,4
force,himself,4
do,wrong,4
need,,4
ruin,life,4
need,what,4
be,room,4
make,time,4
open,door,4
hand,i,4
hurt,himself,4
turn,,4
to,i,4
go,she,4
tell,love,4
stick,it,4
say,today,4
hard,,4
up,,4
have,friend,4
be,suicidal,4
anymore,,4
text,i,4
threaten,suicide,4
remember,i,4
watch,,4
torture,i,4
lose,it,4
panic,,4
trick,i,4
fuck,i,4
recognize,i,4
promise,,4
again,he,4
explain,,4
show,he,3
worry,i,3
tell,woman,3
be,anything,3
break,he,3
have,eye,3
back,himself,3
be,cause,3
know,who,3
tell,sex,3
bc,bc,3
check,,3
write,it,3
say,terrible,3
get,clean,3
give,treatment,3
most,it,3
read,,3
come,day,3
call,police,3
beat,mom,3
abandon,i,3
judge,i,3
be,gay,3
end,life,3
talk,she,3
raise,fist,3
ahead,,3
fight,i,3
strike,i,3
not,well,3
not,ready,3
express,feeling,3
have,trouble,3
see,doctor,3
pull,hair,3
date,,3
make,crazy,3
come,top,3
throw,floor,3
consider,,3
be,much,3
tell,year,3
once,,3
time,rude,3
pull,,3
himself,himself,3
say,weird,3
get,we,3
have,sense,3
throw,face,3
have,injury,3
rob,i,3
get,response,3
grab,hand,3
isolate,friend,3
mention,,3
get,drunk,3
lie,it,3
try,i,3
burn,i,3
get,therapy,3
badly,i,3
joke,,3
outside,i,3
gaslight,i,3
tell,all,3
fee,i,3
be,bathroom,3
laugh,i,3
get,year,3
be,bed,3
promise,i,3
berate,i,3
lead,i,3
demand,he,3
tell,class,3
anyway,it,3
be,charismatic,3
before,i,3
leave,thing,3
be,helpful,3
open,i,3
admit,,3
make,noise,3
be,sad,3
have,control,3
get,what,3
teach,i,3
send,nude,3
shoot,i,3
be,intimate,3
sleep,room,3
do,which,3
dismiss,i,3
invite,i,3
not,interested,3
say,life,3
be,town,3
take,he,3
directly,i,3
be,she,3
think,something,3
talk,that,3
make,story,3
spend,time,3
blow,it,3
there,it,3
all,,3
be,caring,3
scar,i,3
drive,house,3
call,we,3
hang,i,3
get,this,3
back,time,3
soon,,3
be,problem,3
be,depressed,3
talk,someone,3
impregnate,i,3
love,she,3
do,she,3
go,he,3
have,opportunity,3
punch,,3
become,abusive,3
destroy,life,3
beat,death,3
drag,hair,3
turn,it,3
ask,sure,3
sleep,day,3
kiss,lip,3
worry,it,3
confess,i,3
let,it,3
move,house,3
want,nothing,3
physically,i,3
see,eye,3
stand,,3
approach,i,3
talk,he,3
say,relationship,3
prescribe,i,3
move,state,3
easily,,3
talk,girl,3
have,power,3
treat,trash,3
have,episode,3
get,way,3
stop,he,3
have,gun,3
get,face,3
brainwash,i,3
call,that,3
be,it,3
deserve,it,3
lock,i,3
cut,contact,3
penetrate,i,3
give,hug,3
live,city,3
have,she,3
be,intelligent,3
make,bad,3
know,school,3
laugh,it,3
throw,wall,3
be,poor,3
walk,door,3
go,day,3
have,ton,3
get,time,3
be,safe,3
do,whatever,3
come,time,3
be,experience,3
say,trauma,3
find,way,3
be,well,3
often,i,3
be,normal,3
hit,head,3
respond,,3
fine,,3
have,room,3
get,physical,3
go,prison,3
target,i,3
leave,time,3
torment,i,3
beat,it,3
keep,he,3
be,ashamed,3
pick,school,3
do,past,3
lay,hand,3
tell,one,3
cut,it,3
fuck,,3
be,asshole,3
after,,3
have,tendency,3
be,unhappy,3
so,,3
have,work,3
seem,nice,3
yet,i,3
tie,i,3
hit,she,3
be,lonely,3
not,i,3
be,order,3
put,they,3
leave,work,3
be,small,3
take,doctor,3
turn,i,3
choose,i,3
like,what,3
know,fault,3
go,abuse,3
open,,3
say,week,3
miss,,3
hat,she,3
go,work,3
call,bitch,3
be,lifeless,3
constantly,i,3
outside,,3
be,unemployed,3
not,sorry,3
take,child,3
figure,,3
give,we,3
show,house,3
not,willing,3
talk,something,3
shove,wall,3
tell,way,3
tell,wife,3
say,tired,3
always,i,3
use,that,3
spend,hour,3
already,go,3
seem,,3
say,place,3
be,relationship,3
ask,she,3
hit,,3
notice,he,3
end,,3
like,,3
come,bed,3
play,i,3
sleep,couch,3
kiss,neck,3
do,bad,3
say,which,3
have,week,3
have,right,3
bother,i,3
see,this,3
ruin,i,3
be,insensitive,3
take,day,3
cuddle,,3
want,sex,3
explain,i,3
cheat,,3
be,night,3
say,goodbye,3
be,figure,3
apologise,,3
look,father,3
fire,i,3
have,waist,3
give,look,3
though,,3
often,,3
know,point,3
react,,3
believe,he,3
harass,year,3
call,,3
say,normal,3
dump,i,3
be,wonderful,3
tell,stupid,3
keep,safe,3
do,drug,3
act,i,3
make,choice,3
deserve,,3
fix,it,3
tell,you,3
again,that,3
go,week,3
way,it,3
enough,i,3
talk,thing,3
fight,,3
again,anything,3
push,time,3
treat,mom,3
have,car,3
star,,3
pull,pant,3
hold,it,3
read,all,3
say,sure,3
be,type,3
now,i,3
time,it,3
gain,weight,3
tell,himself,3
have,daughter,3
over,,3
think,anything,3
mean,what,3
help,himself,3
do,year,3
be,selfish,3
make,himself,3
know,anxiety,3
mean,,3
discard,i,3
get,relationship,3
give,advice,3
give,reason,3
,alcoholic,3
change,thing,3
say,word,3
get,car,3
offer,i,3
win,,3
before,,3
call,he,3
get,attention,3
cut,himself,3
flip,i,3
be,accident,3
be,monster,3
apologize,which,3
mean,it,3
,guy,3
tell,this,3
again,life,3
go,rehab,3
back,he,3
have,plan,3
be,broken,3
be,son,3
know,history,3
have,access,2
day,tinder,2
abuse,year,2
watch,this,2
make,uncomfortable,2
say,okay,2
be,picture,2
murder,i,2
close,door,2
be,silent,2
see,what,2
drug,i,2
ask,pic,2
be,capable,2
be,phone,2
have,name,2
deny,i,2
down,i,2
say,apartment,2
prior,i,2
away,they,2
wear,protection,2
mention,day,2
see,uncle,2
see,one,2
meet,woman,2
come,we,2
be,understand,2
care,he,2
make,lot,2
away,she,2
get,frustrated,2
do,woman,2
drink,it,2
say,one,2
be,buddy,2
get,top,2
have,experience,2
see,father,2
touch,boob,2
say,nothing,2
call,day,2
time,car,2
walk,eggshell,2
have,need,2
seem,i,2
pass,i,2
answer,,2
accuse,she,2
eat,dinner,2
take,safety,2
come,he,2
late,,2
touch,arm,2
be,nervous,2
finish,job,2
hat,himself,2
go,himself,2
raise,i,2
do,month,2
immediately,,2
have,cancer,2
recently,he,2
be,coma,2
hide,,2
say,police,2
report,i,2
say,line,2
away,car,2
ask,lot,2
live,she,2
make,sound,2
scream,people,2
have,nerve,2
do,job,2
brush,it,2
change,something,2
report,it,2
be,positive,2
get,defensive,2
be,grateful,2
objectify,woman,2
remind,fault,2
say,boyfriend,2
out,month,2
strike,,2
tell,space,2
know,family,2
be,bored,2
attack,someone,2
be,ungrateful,2
tell,more,2
have,childhood,2
apologize,he,2
,boyfriend,2
deal,lot,2
not,mood,2
use,sex,2
handle,i,2
confuse,i,2
tell,important,2
be,past,2
be,rude,2
say,different,2
be,motionless,2
have,past,2
shout,reason,2
before,this,2
cover,eye,2
feel,sorry,2
think,okay,2
have,something,2
,kid,2
understand,bad,2
take,picture,2
threaten,family,2
be,teen,2
later,it,2
isolate,family,2
be,mother,2
make,appointment,2
yell,day,2
star,wall,2
call,what,2
give,eye,2
mean,that,2
blow,i,2
expect,,2
always,good,2
throw,head,2
quit,,2
ask,hug,2
be,we,2
hit,mom,2
talk,sex,2
slam,door,2
wrap,i,2
behind,,2
tell,crazy,2
,friend,2
make,school,2
be,mom,2
aside,i,2
,world,2
have,enough,2
slam,i,2
accept,i,2
mention,city,2
call,cop,2
night,she,2
not,friend,2
be,bf,2
beat,,2
tell,everyone,2
call,help,2
make,comfortable,2
teach,everything,2
randomly,,2
too,sister,2
also,big,2
stick,i,2
lock,room,2
lay,,2
talk,who,2
be,waste,2
be,window,2
use,it,2
be,disrespectful,2
be,victim,2
mean,way,2
touch,breast,2
have,trait,2
get,girlfriend,2
want,relationship,2
rap,sister,2
say,myself,2
get,ready,2
say,guy,2
adopt,i,2
make,therapy,2
ask,head,2
next,way,2
now,prison,2
confront,i,2
realize,i,2
look,that,2
help,work,2
not,part,2
tell,night,2
again,uncle,2
walk,time,2
make,year,2
save,life,2
turn,music,2
later,i,2
hit,car,2
anywhere,i,2
tell,job,2
throw,he,2
stay,time,2
see,friend,2
be,touch,2
come,car,2
see,she,2
rap,she,2
away,he,2
say,assault,2
be,rough,2
expect,this,2
drive,road,2
corner,i,2
drop,home,2
give,smile,2
have,point,2
be,hospital,2
change,behavior,2
fall,asleep,2
be,soldier,2
get,night,2
have,face,2
ask,work,2
rub,face,2
in,we,2
experience,trauma,2
believe,symptom,2
say,name,2
once,he,2
call,they,2
either,,2
blame,it,2
struggle,past,2
attend,,2
stick,one,2
plan,,2
give,number,2
help,job,2
be,partner,2
marry,she,2
suffer,it,2
tell,hour,2
drive,time,2
be,military,2
say,therapy,2
be,silly,2
be,cold,2
delete,they,2
get,irritated,2
believe,,2
still,contact,2
call,family,2
say,decision,2
do,shit,2
say,head,2
tell,bit,2
make,person,2
minute,i,2
tell,bc,2
be,top,2
back,we,2
put,finger,2
get,place,2
blame,mother,2
anyways,it,2
get,work,2
cope,,2
be,his,2
be,minded,2
make,something,2
kill,time,2
explain,it,2
get,revenge,2
have,patient,2
ask,one,2
away,phone,2
stand,i,2
play,song,2
make,secret,2
know,they,2
get,bored,2
give,answer,2
say,people,2
now,it,2
want,we,2
point,he,2
put,dick,2
constantly,it,2
be,creepy,2
be,predator,2
consider,what,2
sleep,he,2
live,roommate,2
take,molly,2
give,blowjob,2
do,purpose,2
push,,2
piss,i,2
understand,wrong,2
so,i,2
sleep,i,2
enough,,2
use,restroom,2
say,attack,2
work,job,2
consider,i,2
call,friend,2
help,thing,2
not,alone,2
pick,something,2
remember,anything,2
pick,knife,2
far,,2
grab,shoulder,2
divorce,mom,2
know,detail,2
divorce,she,2
be,call,2
be,rage,2
agree,i,2
accuse,thing,2
be,concerned,2
be,boyfriend,2
loud,i,2
insist,it,2
be,ghost,2
seek,,2
hop,,2
outside,it,2
anymore,he,2
would,,2
discuss,i,2
disgust,i,2
not,able,2
feel,what,2
abruptly,,2
be,crazy,2
make,who,2
rub,i,2
make,dinner,2
talk,child,2
gift,i,2
become,angry,2
be,easy,2
be,alone,2
wear,,2
tell,who,2
have,kind,2
groom,child,2
feel,uncomfortable,2
cross,,2
turn,person,2
be,bomb,2
be,kid,2
leave,it,2
say,face,2
back,night,2
put,leg,2
again,anyone,2
expose,himself,2
keep,house,2
suggest,something,2
now,time,2
reach,hand,2
cover,mouth,2
snap,i,2
want,lap,2
keep,bad,2
control,life,2
be,intoxicate,2
look,time,2
go,store,2
be,middle,2
feel,need,2
find,point,2
back,month,2
,one,2
use,belt,2
after,it,2
be,shit,2
be,stranger,2
be,path,2
do,we,2
lot,thing,2
owe,money,2
go,what,2
take,head,2
back,it,2
ask,thing,2
give,massage,2
believe,myth,2
call,piece,2
tell,other,2
want,room,2
trust,i,2
be,incapable,2
hear,all,2
look,it,2
intoxicate,,2
wake,,2
be,awake,2
grant,,2
tell,point,2
be,pushy,2
talk,anyone,2
share,thing,2
tell,god,2
be,outside,2
too,it,2
meet,,2
right,everything,2
do,christmas,2
share,i,2
confront,it,2
see,mom,2
send,message,2
hug,he,2
ask,night,2
sell,what,2
be,emotional,2
understand,that,2
do,child,2
put,drink,2
,school,2
pick,stuff,2
show,sign,2
send,,2
say,kid,2
plant,garden,2
make,threat,2
lose,shit,2
rap,time,2
bend,i,2
come,meeting,2
blow,phone,2
,strong,2
make,child,2
sell,i,2
put,throat,2
think,consent,2
hit,fist,2
,big,2
tell,sorry,2
be,real,2
say,girl,2
suffer,anxiety,2
want,more,2
have,therapy,2
throw,tantrum,2
still,alive,2
tell,situation,2
tell,fine,2
make,way,2
throw,punch,2
know,fetish,2
shoot,,2
tell,wrong,2
say,abuse,2
make,report,2
use,protection,2
take,virginity,2
call,she,2
have,while,2
take,this,2
say,sense,2
help,day,2
inflict,damage,2
propose,,2
do,girl,2
live,life,2
scream,we,2
exist,,2
respect,i,2
get,sick,2
inside,,2
say,ex,2
home,time,2
shut,,2
post,picture,2
good,i,2
say,parent,2
be,prison,2
time,face,2
do,routine,2
show,compassion,2
know,she,2
show,point,2
assault,girl,2
get,lot,2
bad,it,2
stop,second,2
tell,problem,2
hang,himself,2
say,money,2
make,feeling,2
be,money,2
break,trust,2
have,seizure,2
leave,end,2
be,sister,2
tease,i,2
bleed,,2
here,i,2
post,i,2
marry,woman,2
know,relationship,2
ghost,day,2
sexualize,i,2
become,boy,2
break,apartment,2
take,lesson,2
leave,front,2
disturb,thing,2
suffocate,i,2
have,feeling,2
show,stuff,2
see,they,2
moment,moment,2
tell,shit,2
lean,i,2
tell,example,2
get,look,2
have,month,2
hurt,feeling,2
call,ambulance,2
weekend,i,2
know,wrong,2
leave,bruise,2
tell,place,2
talk,problem,2
week,i,2
be,harmless,2
now,year,2
be,you,2
get,moment,2
tell,ex,2
have,trauma,2
tell,nothing,2
pay,everything,2
hold,arm,2
sob,,2
tell,skewed,2
do,door,2
detox,,2
next,time,2
tell,story,2
say,moment,2
know,number,2
tell,dad,2
appreciate,i,2
hide,i,2
interrogate,i,2
say,all,2
do,all,2
suffer,,2
run,street,2
sometimes,i,2
be,loner,2
,busy,2
say,worried,2
split,,2
throw,they,2
pm,pm,2
harm,himself,2
give,key,2
be,support,2
be,fact,2
squeeze,hand,2
hurt,,2
have,clue,2
again,something,2
bring,people,2
later,something,2
lay,table,2
weekend,weekend,2
be,side,2
be,patient,2
be,idk,2
sleep,it,2
deserve,any,2
cross,street,2
,spectrum,2
,narcissist,2
alone,,2
make,safe,2
understand,what,2
seriously,i,2
be,awful,2
be,fucked,2
be,uncle,2
be,spectrum,2
home,hour,2
mentally,i,2
hang,family,2
hour,hour,2
show,some,2
be,hour,2
have,pair,2
take,life,2
be,weight,2
shoot,himself,2
know,kind,2
break,home,2
distance,himself,2
give,chance,2
smile,,2
see,bc,2
see,flash,2
take,fall,2
put,position,2
immediately,i,2
have,patience,2
break,time,2
trigger,memory,2
kill,front,2
work,that,2
give,space,2
not,it,2
get,pissed,2
crack,rib,2
spend,night,2
taunt,i,2
go,that,2
tell,therapist,2
touch,butt,2
knock,,2
socialize,,2
compliment,i,2
take,anger,2
,young,2
point,i,2
be,shock,2
take,one,2
be,unstable,2
have,smile,2
back,day,2
need,they,2
know,bad,2
take,himself,2
everyday,i,2
lose,kid,2
keep,himself,2
warn,,2
take,stuff,2
carve,arm,2
hold,hostage,2
have,reason,2
be,veteran,2
become,i,2
take,bad,2
say,mad,2
ask,upset,2
be,door,2
teach,lesson,2
be,husband,2
go,walk,2
live,himself,2
ask,ok,2
want,whatever,2
take,pant,2
repeatedly,i,2
drive,car,2
have,conversation,2
anymore,it,2
say,reason,2
watch,movie,2
rap,,2
say,enough,2
sexually,what,2
knock,i,2
break,house,2
around,life,2
see,therapist,2
get,depressed,2
deal,it,2
bring,gift,2
push,it,2
be,frightening,2
tell,party,2
stalk,house,2
get,day,2
be,rapist,2
vent,,2
put,gun,2
break,night,2
away,time,2
say,ok,2
say,swing,2
slam,head,2
thank,you,2
charge,i,2
break,thing,2
ask,wrong,2
work,day,2
,love,2
make,mistake,2
enjoy,i,2
,i,2
get,thing,2
have,break,2
keep,quiet,2
give,day,2
ask,therapist,2
work,himself,2
want,something,2
not,people,2
tell,mom,2
feel,guilt,2
know,feeling,2
hand,it,2
have,voice,2
have,intention,2
be,lucky,2
convince,family,2
work,he,2
hit,face,2
have,regret,2
ask,coffee,2
say,help,2
enough,that,2
see,we,2
pour,i,2
be,this,2
work,time,2
beat,shit,2
tell,name,2
be,clear,2
be,most,2
sit,we,2
say,true,2
lose,he,2
throw,room,2
have,disorder,2
worry,,2
be,at,2
rub,alcohol,2
too,what,2
be,insecure,2
take,pill,2
meet,house,2
be,store,2
get,wreck,2
get,able,2
month,money,2
have,seatbelt,2
thank,i,2
read,that,2
view,i,2
hard,lot,2
learn,what,2
expect,what,2
,way,2
give,head,2
tell,case,2
take,his,2
walk,house,2
get,lawyer,2
fight,mom,2
see,hand,2
hurt,way,2
humiliate,i,2
call,room,2
read,this,2
slap,,2
bring,house,2
get,dish,2
tell,myself,2
lot,this,2
get,sure,2
believe,that,2
fall,,2
kill,mom,2
help,she,2
say,disgusting,2
call,liar,2
take,something,2
bring,place,2
threaten,friend,2
else,,2
have,future,2
seem,normal,2
see,car,2
hold,door,2
see,man,2
take,court,2
take,year,2
send,it,2
time,year,2
have,night,2
be,end,2
show,it,2
steal,i,2
watch,porn,2
pretend,,2
assure,i,2
pop,,2
lay,i,2
not,anything,2
not,this,2
honestly,,2
beg,,2
think,father,2
right,i,2
go,room,2
borrow,money,2
do,front,2
discuss,it,2
say,cancer,2
be,distance,2
claim,he,2
run,errand,2
live,he,2
let,she,2
summer,summer,2
make,quick,2
look,himself,2
be,country,2
tell,therapy,2
smash,window,2
be,mess,2
abuse,mom,2
help,bit,2
release,i,2
bc,i,2
make,makeup,2
speak,people,2
violate,i,2
tell,lucky,2
say,important,2
say,nervous,2
be,high,2
feel,unsafe,2
say,hospital,2
run,door,2
block,i,2
pick,,2
say,night,2
attempt,,2
reassure,okay,2
point,gun,2
tell,fault,2
say,right,2
kiss,he,2
make,effort,2
see,part,2
spend,money,2
try,anything,2
suddenly,,2
accept,it,2
live,that,2
remember,it,2
forget,,2
be,proud,2
be,paranoid,2
go,thing,2
overpower,i,2
be,numb,2
too,thing,2
send,video,2
send,they,2
do,work,2
be,light,2
think,that,2
be,inappropriate,2
put,face,2
manipulate,point,2
be,healthy,2
say,good,2
all,what,2
know,people,2
help,way,2
be,case,2
rant,,2
convince,point,2
have,anxiety,2
get,nervous,2
again,day,2
keep,phone,2
enjoy,,2
look,people,2
get,test,2
avoid,reality,2
be,affectionate,2
make,show,2
seem,person,2
morning,surgery,2
morning,i,2
say,cut,2
have,party,2
betray,i,2
be,comfortable,2
not,comfortable,2
be,trans,2
back,week,2
let,time,2
say,issue,2
on,it,2
reply,which,2
play,friend,2
send,pic,2
call,night,2
ask,store,2
grunt,,2
seem,excited,2
put,,2
feel,terrible,2
have,plenty,2
be,rock,2
trigger,flashback,2
rub,they,2
offer,,2
,pain,2
instead,i,2
least,woman,2
be,gentle,2
get,punishment,2
have,choice,2
soon,i,2
post,it,2
marry,,2
be,bc,2
talk,hour,2
have,job,2
tell,reason,2
send,email,2
break,she,2
decide,idea,2
,nothing,2
refuse,,2
wear,underwear,2
myself,myself,2
myself,i,2
live,country,2
complain,i,2
be,drug,2
ask,week,2
spend,i,2
do,part,2
grow,business,2
keep,eye,2
be,protective,2
miss,i,2
clean,,2
threaten,harm,2
stay,it,2
be,medication,2
blame,everything,2
do,kid,2
say,deal,2
be,sexual,2
be,inexperienced,2
end,place,2
make,sex,2
make,myself,2
endure,,2
continue,,2
blow,mouth,2
put,shoulder,2
ask,something,2
wear,that,2
be,sociopath,2
take,hold,2
feel,that,2
always,mind,2
pull,knife,2
like,it,2
,home,2
say,case,2
push,head,2
compare,i,2
drop,house,2
point,it,2
forget,something,2
hear,pain,2
do,family,2
kill,you,2
be,short,2
hook,,2
deny,year,2
decide,i,2
enjoy,pain,2
witness,i,2
sneak,i,2
mess,i,2
expose,i,2
tonight,tonight,2
tonight,i,2
ago,accident,2
break,girlfriend,2
handle,it,2
enjoy,himself,2
squeeze,arm,2
deal,they,2
ask,picture,2
sometimes,,2
play,,2
steal,stuff,2
get,custody,2
become,upset,2
say,example,2
say,part,2
,year,2
be,doctor,2
tell,kid,2
blame,himself,2
say,perception,2
seem,safe,2
bring,he,2
around,he,2
pay,attention,2
deal,i,2
tell,nightmare,2
take,you,2
move,city,2
walk,something,2
pick,it,2
hold,family,1
cut,face,1
hold,gunpoint,1
open,face,1
buy,dog,1
think,interest,1
sit,piece,1
break,course,1
sit,window,1
watch,notice,1
watch,child,1
end,june,1
bar,he,1
end,most,1
end,mine,1
be,limit,1
state,scared,1
help,next,1
freak,calm,1
quickly,someone,1
state,name,1
end,he,1
too,human,1
experience,flashback,1
talk,himself,1
warn,i,1
do,school,1
ask,jumpy,1
himself,professor,1
take,note,1
warn,about,1
be,rational,1
warn,class,1
pass,info,1
make,kind,1
write,letter,1
today,window,1
probably,,1
bring,assortment,1
know,name,1
confirm,hospital,1
leave,day,1
freak,,1
read,mind,1
proceed,he,1
put,film,1
proceed,upset,1
think,simple,1
say,bedroom,1
throw,door,1
let,fall,1
solve,issue,1
grab,response,1
trash,it,1
pour,water,1
undo,progress,1
pour,they,1
fast,issue,1
hide,fact,1
fast,violence,1
wreck,house,1
hide,one,1
break,it,1
know,big,1
solve,violence,1
throw,bookcase,1
hide,bedroom,1
use,advantage,1
pour,hand,1
do,chore,1
need,trigger,1
wail,i,1
wail,time,1
have,associate,1
guess,,1
get,reaction,1
get,noise,1
be,sleep,1
not,associate,1
find,ex,1
believe,marriage,1
see,year,1
throw,parenting,1
find,guy,1
tell,half,1
have,end,1
leave,hotel,1
add,stress,1
say,minister,1
be,minister,1
then,seat,1
heal,i,1
smile,way,1
say,problem,1
wake,she,1
release,himself,1
be,vocal,1
not,worried,1
not,trigger,1
lose,fight,1
have,composure,1
look,brother,1
have,talent,1
look,lifeless,1
look,dad,1
previously,year,1
come,beloved,1
hit,pan,1
write,report,1
after,suicide,1
write,result,1
order,that,1
time,assault,1
spend,both,1
be,loud,1
spend,day,1
acknowledge,what,1
see,term,1
kick,explanation,1
choose,chick,1
commit,she,1
adopt,kid,1
kick,curb,1
talk,both,1
talk,day,1
acknowledge,wrong,1
take,help,1
carve,it,1
loud,that,1
iron,shirt,1
walk,smirk,1
downwards,it,1
carve,c,1
twice,side,1
take,pause,1
make,silence,1
kneel,,1
upright,iron,1
pick,iron,1
burn,distressing,1
take,room,1
upright,table,1
second,,1
place,tip,1
twice,right,1
do,type,1
yet,hole,1
cut,hole,1
say,type,1
yet,cyst,1
begin,procedure,1
yet,pad,1
cut,word,1
say,cyst,1
cut,inch,1
make,procedure,1
say,doctor,1
throw,himself,1
see,shit,1
punch,head,1
do,mom,1
gloat,uncle,1
send,prison,1
punch,brother,1
trick,way,1
use,fact,1
fuck,dog,1
sit,second,1
have,stuff,1
have,type,1
not,ex,1
know,photo,1
know,graduation,1
recently,i,1
recently,case,1
tell,difference,1
recently,lot,1
look,someone,1
,active,1
desire,whatever,1
today,man,1
get,whatever,1
back,daddy,1
back,mommy,1
place,i,1
knock,chair,1
bad,angry,1
place,mouth,1
rape,point,1
give,year,1
move,anus,1
vaginally,i,1
suck,dick,1
place,penis,1
handle,gun,1
get,mouth,1
tell,asshole,1
time,gun,1
time,that,1
stab,knife,1
hand,phone,1
help,safe,1
know,help,1
again,time,1
hand,she,1
already,bar,1
charge,rape,1
help,stair,1
say,point,1
examine,i,1
never,way,1
never,i,1
night,dead,1
night,high,1
demand,house,1
get,spoon,1
scoff,idea,1
panic,sense,1
back,conversation,1
night,middle,1
think,remedy,1
doom,,1
be,worthless,1
cry,fault,1
witness,die,1
relive,beating,1
desperately,,1
anyway,himself,1
sink,ocean,1
witness,hand,1
see,safe,1
wake,nightmare,1
sleep,night,1
anywhere,hour,1
be,member,1
be,childhood,1
realize,person,1
night,edge,1
get,violence,1
stick,good,1
become,monster,1
turn,relationship,1
turn,one,1
stick,bad,1
comfort,day,1
stick,complaint,1
use,feeling,1
pay,restaurant,1
snap,monster,1
around,school,1
show,work,1
track,abuse,1
terrify,i,1
think,day,1
,what,1
seek,permission,1
promote,way,1
promote,product,1
advertise,thing,1
remove,arm,1
beat,other,1
yank,socket,1
yank,arm,1
yank,brother,1
want,attacker,1
punch,he,1
attack,we,1
have,attitude,1
kill,bastard,1
attack,brother,1
attack,home,1
speak,side,1
want,thing,1
sleep,coworker,1
take,while,1
expect,something,1
expect,more,1
expect,all,1
be,kiss,1
hard,numb,1
expect,i,1
deserve,more,1
severely,i,1
severely,stretch,1
be,wall,1
ask,afterthought,1
wonder,afterthought,1
say,afternoon,1
not,health,1
say,firm,1
see,useful,1
break,morning,1
express,desire,1
tell,answer,1
agree,firm,1
hurt,session,1
day,distant,1
,distant,1
say,session,1
break,text,1
fantasize,i,1
do,ready,1
remind,bit,1
fuss,it,1
yank,hair,1
yet,what,1
lean,bodyweight,1
eat,i,1
penetrate,which,1
do,at,1
grope,time,1
always,intimate,1
do,am,1
day,genitalia,1
painfully,i,1
painfully,relationship,1
eat,pill,1
day,what,1
get,party,1
provide,support,1
provide,basis,1
provide,i,1
blame,friend,1
cut,right,1
sell,they,1
re,,1
have,bedroom,1
keep,black,1
lie,everything,1
too,giggle,1
too,shit,1
in,they,1
lie,thing,1
shut,gaslighting,1
too,this,1
make,lie,1
blame,game,1
cut,man,1
realize,awake,1
cause,thing,1
steal,they,1
sell,back,1
pay,thing,1
shut,threat,1
make,job,1
hold,tongue,1
divorce,time,1
leave,boyfriend,1
hold,father,1
do,tour,1
have,disability,1
be,shell,1
be,deployment,1
enlist,,1
do,afghanistan,1
home,leave,1
go,detail,1
think,thought,1
have,woman,1
be,form,1
get,form,1
get,kick,1
stalk,ex,1
stalk,account,1
have,yo,1
have,exam,1
gift,something,1
give,love,1
give,support,1
be,grade,1
home,month,1
leave,home,1
come,midnight,1
supply,drug,1
race,at,1
get,booze,1
wear,whitey,1
remember,mama,1
snap,denture,1
strap,seat,1
beat,half,1
know,full,1
leave,son,1
know,karma,1
race,wood,1
film,abuse,1
drop,station,1
be,guardsman,1
find,idiot,1
believe,success,1
go,permission,1
invalidate,emotion,1
hit,lot,1
invalidate,conversation,1
stop,text,1
withhold,affection,1
not,upset,1
stop,permission,1
hear,excuse,1
buy,bunch,1
cause,anxiety,1
go,text,1
tell,fantasy,1
erase,person,1
fail,,1
ask,fight,1
tell,symptom,1
figure,valid,1
ask,symptom,1
bring,chemical,1
defend,cousin,1
ask,shaky,1
quickly,,1
bring,holiday,1
be,advice,1
gaslight,it,1
brainwash,helplessness,1
bring,man,1
lose,she,1
always,right,1
tell,happy,1
hit,occasion,1
yell,something,1
ago,door,1
look,reason,1
open,hood,1
get,tool,1
miss,truck,1
say,headset,1
miss,inch,1
apart,,1
allow,himself,1
become,vulnerable,1
allow,all,1
heal,trauma,1
lose,father,1
lose,vid,1
outrun,year,1
build,cooker,1
allow,vulnerable,1
leave,she,1
outrun,that,1
part,part,1
lose,year,1
build,year,1
suffer,time,1
separate,mom,1
lose,mother,1
become,face,1
lose,stroke,1
so,fighter,1
already,half,1
be,racist,1
grab,shirt,1
be,hungover,1
do,violence,1
chase,house,1
slap,face,1
lose,temper,1
beat,as,1
treat,public,1
do,head,1
do,more,1
over,belt,1
put,mom,1
put,racist,1
get,school,1
treat,people,1
use,horn,1
seem,interest,1
since,anything,1
not,assault,1
face,i,1
lay,top,1
babysat,i,1
drive,drunk,1
inappropriately,game,1
in,care,1
scream,thing,1
rape,nothing,1
rape,penis,1
say,pedophile,1
say,drug,1
love,body,1
want,place,1
leave,welt,1
visit,summer,1
think,pedophile,1
respect,this,1
hang,reason,1
think,drug,1
hard,as,1
ignore,school,1
choose,drug,1
mention,girlfriend,1
long,,1
roll,eye,1
like,something,1
fuck,country,1
ask,point,1
interrogate,lawyer,1
ask,reason,1
give,any,1
do,apartment,1
ask,daughter,1
be,curious,1
work,bos,1
know,gay,1
get,xmas,1
ask,boyfriend,1
back,tear,1
ask,possible,1
buy,apartment,1
be,billionaire,1
hunt,he,1
leave,lot,1
well,apartment,1
tell,uncle,1
work,girl,1
tell,anything,1
pay,all,1
want,money,1
work,bunch,1
end,time,1
drop,food,1
burn,himself,1
close,thing,1
mind,much,1
burn,stove,1
cut,finger,1
scald,himself,1
cross,moment,1
become,people,1
cut,lid,1
cook,all,1
cut,knife,1
stand,fear,1
walk,road,1
burn,oven,1
catch,illness,1
,work,1
become,ill,1
say,flashback,1
say,waste,1
say,annoying,1
yell,it,1
kill,it,1
take,money,1
too,bad,1
own,it,1
realize,danger,1
not,angry,1
mention,time,1
accuse,cheating,1
come,from,1
rely,friendship,1
tap,i,1
make,tongue,1
argue,mom,1
argue,brother,1
cup,as,1
scream,call,1
tap,shoulder,1
disrespectfully,mom,1
make,face,1
rely,i,1
go,movie,1
say,water,1
yaknow,i,1
not,dad,1
yaknow,himself,1
wet,bed,1
wet,year,1
run,face,1
away,blood,1
have,blur,1
pull,top,1
have,neck,1
be,petrify,1
press,structure,1
petrify,,1
be,blur,1
process,it,1
press,blood,1
feel,comfort,1
run,water,1
feel,safty,1
say,t,1
weaponise,incident,1
want,argument,1
sometimes,asshole,1
understand,sorry,1
,kind,1
hide,it,1
hide,toolbox,1
seek,opioid,1
replace,time,1
look,screwdriver,1
put,addiction,1
put,family,1
keep,promise,1
promise,thing,1
be,drugatic,1
in,time,1
accept,friend,1
time,condescending,1
be,leader,1
cheat,who,1
yell,thing,1
say,school,1
humiliate,he,1
call,shit,1
be,brave,1
fall,floor,1
give,threat,1
home,wife,1
also,about,1
figure,i,1
cough,can,1
think,year,1
make,jab,1
save,car,1
cough,uncle,1
cough,death,1
around,house,1
tell,angry,1
in,car,1
go,both,1
run,half,1
everywhere,blood,1
dislocate,arm,1
think,brave,1
speak,uncle,1
run,belly,1
rap,friend,1
tell,arm,1
do,vodafone,1
punch,girl,1
run,car,1
everywhere,clothe,1
save,half,1
get,petrol,1
be,meth,1
forward,uncle,1
tell,rage,1
home,eye,1
make,insult,1
save,belly,1
tell,bra,1
call,trainer,1
know,girlfriend,1
call,title,1
see,front,1
say,secretary,1
say,manager,1
call,girlfriend,1
join,him,1
tell,front,1
see,bra,1
know,trainer,1
ask,number,1
stop,respect,1
bad,waitress,1
help,field,1
even,guy,1
lick,area,1
whisper,saying,1
not,one,1
defend,himself,1
lick,chest,1
try,time,1
do,sleep,1
lick,i,1
say,panicked,1
kid,,1
kid,that,1
be,thirteen,1
be,fifteen,1
alone,room,1
punch,fist,1
like,answer,1
be,face,1
block,it,1
become,drive,1
remember,day,1
drive,sex,1
still,face,1
punch,bed,1
block,car,1
allow,room,1
be,spiteful,1
outside,public,1
punch,mother,1
pretend,stuff,1
lock,himself,1
tell,rumour,1
punch,stomach,1
forget,event,1
remind,accident,1
be,severe,1
lose,issue,1
move,place,1
keep,mom,1
tell,much,1
time,we,1
cause,secret,1
lock,truck,1
play,livingroom,1
kill,chance,1
night,until,1
be,position,1
have,victim,1
take,little,1
have,dinner,1
go,party,1
time,chore,1
lose,all,1
leave,gf,1
use,trauma,1
call,pig,1
call,sibling,1
go,motion,1
kill,in,1
ask,we,1
see,divorce,1
call,christmas,1
drop,facade,1
take,grant,1
most,brother,1
forget,father,1
time,nose,1
say,rumour,1
punish,issue,1
think,story,1
way,history,1
,jail,1
mind,rest,1
have,charge,1
rob,place,1
be,custody,1
plead,course,1
get,altercation,1
see,phone,1
say,rest,1
again,memory,1
wait,court,1
plead,guilty,1
,father,1
live,someone,1
have,porn,1
like,power,1
have,house,1
daily,period,1
daily,we,1
unload,i,1
unload,all,1
unload,issue,1
unload,night,1
terrify,bee,1
,terrify,1
share,roommate,1
wait,place,1
here,street,1
assume,good,1
assume,fear,1
assume,discussion,1
do,while,1
think,trait,1
think,trauma,1
fee,it,1
think,anxiety,1
fee,purpose,1
think,add,1
yell,repeat,1
overcome,this,1
tell,couple,1
there,couple,1
give,tour,1
explain,able,1
said-,feeling,1
kick,side,1
bump,rent,1
come,side,1
renovate,place,1
too,kid,1
eat,car,1
ask,this,1
cry,while,1
confess,something,1
not,destructive,1
seem,little,1
be,agitated,1
later,night,1
later,brother,1
listen,she,1
look,eye,1
confess,brother,1
confess,night,1
threaten,divorce,1
ask,alittle,1
leave,drive,1
,man,1
eat,restroom,1
,loving,1
home,fight,1
night,something,1
leave,car,1
threaten,restroom,1
have,beard,1
be,terrified,1
have,mustache,1
look,dream,1
walk,hallway,1
have,skin,1
babysitte,,1
have,hair,1
be,height,1
undo,belt,1
go,boy,1
bc,lot,1
completely,he,1
break,episode,1
hat,he,1
though,supportive,1
drop,february,1
prescribe,klonopin,1
suggest,water,1
hear,some,1
go,freak,1
stay,bit,1
suggest,incense,1
upstairs,bit,1
come,conversation,1
reach,example,1
have,moment,1
force,conversation,1
imply,adult,1
tell,conversation,1
want,party,1
be,party,1
work,public,1
mumble,something,1
work,week,1
slam,wall,1
threaten,letter,1
see,face,1
next,wall,1
scream,wall,1
give,stare,1
follow,time,1
work,store,1
directly,hurtful,1
revive,she,1
shakingly,,1
directly,eye,1
seem,beginning,1
show,session,1
insist,useless,1
talk,thought,1
act,surprised,1
send,whatever,1
consider,disability,1
long,i,1
get,talkative,1
repeat,what,1
send,what,1
have,documentation,1
consider,likely,1
tell,psychiatrist,1
give,nothing,1
acknowledge,it,1
send,disability,1
seem,self,1
time,likely,1
say,disability,1
again,meeting,1
ask,document,1
give,mechanism,1
yet,one,1
show,note,1
do,form,1
describe,therapy,1
acknowledge,anything,1
go,silent,1
feel,funding,1
know,any,1
first,bit,1
cough,,1
change,sexuality,1
send,photograph,1
too,boy,1
read,porn,1
talk,account,1
just,boy,1
run,time,1
too,picture,1
little,little,1
say,call,1
be,skilled,1
run,i,1
little,boundary,1
little,analogy,1
rewrite,paragraph,1
make,edit,1
erase,paragraph,1
rewrite,everything,1
erase,everything,1
make,work,1
comply,,1
talk,reason,1
kick,it,1
kick,ankle,1
take,mcdonalds,1
kick,hinge,1
kick,belly,1
kick,hallway,1
get,today,1
get,text,1
be,reality,1
do,brother,1
say,about,1
kill,both,1
kidnap,she,1
infront,i,1
kidnap,time,1
be,major,1
go,year,1
experience,father,1
watch,order,1
watch,what,1
say,eggshell,1
walk,hand,1
check,pandemic,1
beat,brother,1
repent,,1
check,safe,1
graze,arm,1
beat,fight,1
repent,mistake,1
graze,knife,1
grow,environment,1
walk,knife,1
be,married,1
wait,front,1
beat,about,1
be,contact,1
fee,word,1
respect,boundary,1
be,colleague,1
insert,himself,1
insert,breakup,1
too,reputation,1
tarnish,name,1
wreck,bike,1
insert,life,1
take,inch,1
lot,you,1
announce,point,1
before,time,1
announce,bus,1
announce,himself,1
put,card,1
invite,friend,1
raise,health,1
time,appointment,1
sexually,thing,1
most,babysitter,1
stage,uncle,1
find,account,1
make,disorder,1
raise,by,1
build,trust,1
lot,fit,1
have,fight,1
make,guilty,1
harrasse,i,1
do,fight,1
do,fit,1
lot,accident,1
be,cancer,1
die,anything,1
die,waste,1
be,flea,1
die,cancer,1
pull,office,1
,confused,1
note,,1
get,tip,1
grab,waist,1
wear,lipstick,1
bless,she,1
keep,tip,1
replace,i,1
replace,moment,1
touch,throwaway,1
become,day,1
move,one,1
be,out,1
ask,idea,1
deny,any,1
be,any,1
deny,which,1
state,tone,1
ouch,ouch,1
suffer,death,1
year,cancer,1
get,stitch,1
cause,stitch,1
bash,hole,1
bash,door,1
blame,accident,1
rub,it,1
break,leg,1
smash,belonging,1
rid,horse,1
push,stair,1
long,effect,1
mildly,it,1
have,manner,1
be,catheter,1
suffer,failure,1
use,point,1
go,surgery,1
see,stable,1
have,road,1
complain,,1
clench,,1
end,er,1
be,clammy,1
,cold,1
intubate,ventilator,1
groan,,1
use,commode,1
go,ultrasound,1
sweat,lot,1
have,clot,1
have,cardioversion,1
experience,issue,1
rip,skin,1
get,system,1
kill,we,1
be,mind,1
be,system,1
kill,motorway,1
swerve,,1
night,lot,1
look,more,1
keep,hand,1
have,more,1
go,change,1
resent,i,1
recently,change,1
become,suspicious,1
own,business,1
ruin,ability,1
have,motivation,1
overdose,accident,1
be,opportunity,1
be,forgetful,1
think,opportunity,1
chase,nothing,1
strand,while,1
take,clinic,1
get,case,1
back,sister,1
yell,she,1
get,stuff,1
get,pregnancy,1
strand,due,1
strand,toronto,1
extensively,trauma,1
leave,bad,1
extensively,amazing,1
manipulate,sure,1
make,night,1
be,hell,1
lately,suicidal,1
say,horrible,1
sound,shattered,1
think,self,1
be,defensive,1
hard,understanding,1
hard,empathy,1
show,improvement,1
be,remorse,1
grab,way,1
turn,building,1
grab,thing,1
turn,supply,1
turn,sound,1
need,sex,1
notice,which,1
say,story,1
respect,touch,1
not,precise,1
watch,shower,1
not,partner,1
do,game,1
use,acid,1
either,easy,1
either,dad,1
warp,mind,1
check,bed,1
make,different,1
scratch,,1
tell,safe,1
check,closet,1
there,report,1
break,himself,1
start,trip,1
receive,sex,1
call,rapist,1
call,monster,1
receive,day,1
break,rapist,1
stand,window,1
breakup,i,1
break,monster,1
speak,girl,1
ask,nude,1
call,himself,1
have,foot,1
be,weak,1
maintain,balance,1
drink,balance,1
help,alot,1
throw,front,1
collapse,,1
seem,that,1
again,floor,1
stop,what,1
do,second,1
pass,unconscious,1
clean,tissue,1
momentarily,,1
talk,point,1
clean,himself,1
know,boy,1
become,nice,1
become,trauma,1
drink,pill,1
become,asshole,1
threaten,death,1
know,nice,1
ignore,time,1
validate,life,1
meet,person,1
blame,jealousy,1
tell,everytime,1
chat,friend,1
worry,who,1
chat,moto,1
put,bedroom,1
keep,everytime,1
include,everytime,1
delete,everything,1
love,sex,1
withhold,you,1
seem,man,1
,cause,1
validate,everytime,1
say,who,1
withhold,it,1
love,woman,1
include,friend,1
weekend,it,1
feel,sex,1
validate,importance,1
have,perception,1
plan,he,1
feel,lonely,1
ignore,need,1
split,year,1
weekend,birthday,1
plan,stuff,1
validate,people,1
include,i,1
ignore,everytime,1
blame,issue,1
validate,i,1
plan,friend,1
masturbate,,1
look,outside,1
flinch,,1
wrap,head,1
wrap,it,1
put,teddy,1
fix,dinner,1
have,shower,1
bear,arm,1
wrap,good,1
be,photographer,1
pick,arm,1
want,kid,1
assault,sister,1
grow,favorite,1
shout,name,1
shift,perspective,1
massage,back,1
massage,morning,1
become,understanding,1
shout,abuser,1
massage,way,1
shout,face,1
breathe,length,1
collapse,shower,1
be,stray,1
pee,house,1
soon,up,1
poop,house,1
get,accident,1
freak,i,1
know,brain,1
s,thoughtful,1
do,they,1
tell,bunch,1
,partner,1
again,bad,1
give,closure,1
exclaim,morning,1
exclaim,appointment,1
leave,way,1
make,morning,1
want,alone,1
exclaim,day,1
leave,morning,1
gift,car,1
also,strange,1
probably,what,1
go,twitter,1
be,infinti,1
be,wealthy,1
,pscyhopath,1
make,situation,1
drop,middle,1
put,act,1
have,brand,1
blackmail,some,1
delete,nude,1
drive,block,1
get,guy,1
use,they,1
get,creepy,1
message,scary,1
delete,picture,1
evem,windshield,1
have,tweet,1
be,capitalist,1
save,nude,1
have,twitter,1
use,scene,1
buy,car,1
gift,they,1
come,window,1
hint,what,1
get,threaten,1
earn,job,1
market,family,1
use,family,1
get,uncle,1
be,classy,1
look,place,1
be,rich,1
blackmail,nude,1
come,place,1
say,some,1
be,muslim,1
later,picture,1
market,brand,1
know,everything,1
say,nude,1
work,sachs,1
prey,girl,1
come,weird,1
use,able,1
push,information,1
recognize,need,1
push,incident,1
walk,stall,1
rub,,1
think,rom,1
get,low,1
tell,rom,1
say,street,1
grope,cheek,1
give,ticket,1
well,street,1
call,dog,1
be,witness,1
back,safe,1
say,pant,1
say,success,1
vouch,ethic,1
find,you,1
shake,death,1
say,paranoia,1
shake,second,1
say,advantage,1
shake,half,1
would,he,1
pause,fault,1
say,conviction,1
know,circumstance,1
continue,child,1
continue,fucked,1
mention,he,1
help,what,1
before,childhood,1
hint,anything,1
book,hostel,1
explain,trap,1
book,room,1
cut,glass,1
walk,park,1
kill,way,1
bleed,death,1
cut,wrist,1
home,day,1
tell,existence,1
walk,ravine,1
tell,emotional,1
yet,anything,1
,sweetheart,1
unwisely,something,1
talk,boyfriend,1
phrase,statement,1
phrase,flashback,1
unwisely,boyfriend,1
phrase,today,1
visit,australia,1
pull,if,1
talk,passion,1
pull,dude,1
move,continent,1
planne,life,1
together,house,1
talk,this,1
propose,ring,1
raise,family,1
gasp,i,1
gasp,inhale,1
hear,you,1
dare,,1
gasp,breath,1
be,help,1
moment,lot,1
showcase,i,1
keep,card,1
enough,smart,1
pin,blame,1
deny,,1
persist,it,1
learn,subject,1
bully,student,1
not,arrogant,1
anyway,help,1
see,sign,1
be,liar,1
showcase,people,1
say,wrong,1
smack,he,1
anyway,uninterested,1
cause,hostile,1
over,town,1
have,school,1
be,other,1
smack,wall,1
do,disgust,1
smack,skinny,1
say,compatible,1
do,defense,1
spit,face,1
over,school,1
have,town,1
move,time,1
well,name,1
message,,1
be,dude,1
be,thin,1
be,skinny,1
well,connection,1
insult,front,1
grab,front,1
grab,leg,1
touch,crotch,1
grab,thigh,1
extend,hand,1
be,doubt,1
kill,bad,1
not,violent,1
make,jealous,1
say,able,1
not,sense,1
physically,what,1
control,everything,1
know,able,1
fee,addiction,1
get,month,1
inform,he,1
inform,cop,1
be,cop,1
go,office,1
lie,at,1
kick,own,1
lie,house,1
push,flight,1
walk,myself,1
take,rail,1
harm,manner,1
push,lot,1
lie,mom,1
push,front,1
lie,whereabout,1
combat,this,1
subject,she,1
often,year,1
often,she,1
make,shop,1
all,powerful,1
subject,abuse,1
stay,dinner,1
tap,phone,1
scold,she,1
be,junior,1
be,trustworthy,1
make,amount,1
warn,she,1
mock,she,1
make,afraid,1
throw,fire,1
throw,other,1
stay,congo,1
send,goodbye,1
send,friend,1
stay,present,1
send,plane,1
send,text,1
go,holliday,1
soon,one,1
provide,therapy,1
too,abusive,1
tell,feeling,1
online,what,1
have,chance,1
attack,what,1
throw,she,1
sometimes,she,1
utter,word,1
give,mom,1
utter,life,1
attack,child,1
give,info,1
scream,she,1
before,mean,1
sometimes,fun,1
control,money,1
murder,she,1
sometimes,back,1
put,medication,1
have,answer,1
impress,,1
emasculate,front,1
emasculate,minute,1
be,schizophrenic,1
let,police,1
finish,what,1
off,clothe,1
be,suicide,1
sit,brother,1
sit,therapy,1
blame,brother,1
accuse,what,1
let,pervy,1
do,friend,1
be,pervy,1
admit,bathroom,1
stay,bathroom,1
so,head,1
hear,stuff,1
admit,head,1
look,hour,1
know,episode,1
talk,episode,1
stress,bill,1
stress,moment,1
hear,thing,1
stress,i,1
have,sure,1
different,,1
admit,night,1
night,bathroom,1
have,plate,1
night,head,1
not,himself,1
see,thing,1
look,window,1
hear,he,1
give,impact,1
bite,sex,1
give,fracture,1
give,fighting,1
s,awful,1
go,tree,1
go,arrest,1
look,kid,1
go,piece,1
go,picture,1
abuse,background,1
mistake,i,1
take,which,1
control,person,1
abuse,at,1
mistake,freedom,1
go,way,1
feel,okay,1
now,see,1
abuse,guy,1
approach,street,1
be,asleep,1
prevent,i,1
kick,bucket,1
be,flawed,1
,rapist,1
get,pas,1
help,this,1
help,lot,1
buy,we,1
buy,japan,1
buy,ticket,1
buy,month,1
be,impulsive,1
too,aj,1
be,related,1
associate,timmy,1
do,rj,1
be,page,1
not,he,1
connect,they,1
associate,father,1
escape,i,1
look,bad,1
dress,i,1
wind,he,1
walk,lip,1
wrestle,i,1
grab,morning,1
tie,chain,1
mop,it,1
tie,belt,1
remind,that,1
lle,himself,1
kiss,forehead,1
be,hero,1
mop,mom,1
snuggle,,1
remind,brother,1
forget,that,1
admit,kink,1
reinvent,i,1
say,food,1
eat,food,1
let,ear,1
staright,eye,1
cover,himself,1
lose,ear,1
say,tree,1
swear,,1
they're,tree,1
be,active,1
be,lieutenant,1
eat,month,1
reach,she,1
star,ground,1
def,ear,1
send,grandma,1
move,everyone,1
back,demon,1
send,counselor,1
see,class,1
ago,i,1
ask,counselor,1
let,you,1
be,classroom,1
see,unrelated,1
know,all,1
everywhere,thought,1
ago,class,1
hear,thought,1
make,front,1
ask,shoulder,1
ask,scar,1
,dm,1
send,account,1
use,computer,1
want,position,1
need,dune,1
tell,victim,1
talk,victim,1
be,christian,1
explain,situation,1
expel,,1
be,responsible,1
make,responsible,1
start,foreplay,1
stop,time,1
attack,front,1
attack,mother,1
be,lethargic,1
die,head,1
die,vacuum,1
die,trauma,1
tear,esteem,1
smirk,i,1
discourage,i,1
sexualize,she,1
encourage,ability,1
project,insecurity,1
project,discouragement,1
crush,dream,1
project,i,1
talk,man,1
treat,daughter,1
be,singer,1
star,body,1
be,insecurity,1
pressure,sex,1
sex,picture,1
sex,sex,1
lure,child,1
cheat,dad,1
too,card,1
sex,i,1
sex,message,1
sex,video,1
cut,shit,1
entice,mother,1
too,child,1
assist,i,1
let,wedding,1
truly,love,1
sex,more,1
be,therapist,1
take,appointment,1
have,debt,1
obviously,busy,1
call,life,1
sue,,1
,tired,1
visit,i,1
tell,gf,1
look,neighbour,1
kill,mother,1
let,lot,1
let,bar,1
let,donut,1
pick,time,1
now,millionaire,1
run,underwear,1
say,unfit,1
ask,life,1
lie,grandma,1
own,home,1
now,inheritance,1
race,car,1
neglect,i,1
pick,music,1
do,donut,1
bomb,she,1
not,child,1
neglect,sister,1
have,record,1
not,money,1
leave,inheritance,1
,bad,1
write,you,1
be,absent,1
dial,number,1
stalk,bar,1
say,teenager,1
get,high,1
neglect,life,1
dial,second,1
have,addiction,1
stalk,girl,1
tell,bartender,1
say,child,1
receive,,1
work,shift,1
work,work,1
be,homeless,1
touch,place,1
be,cute,1
stop,lot,1
question,,1
rap,night,1
before,sex,1
supply,i,1
break,birthday,1
be,virginity,1
strip,,1
get,problem,1
introduce,marijuana,1
supply,alcohol,1
get,chance,1
introduce,we,1
drive,s,1
be,sooooo,1
get,care,1
be,manager,1
see,center,1
introduce,alcohol,1
see,son,1
drive,job,1
get,nooo,1
struggle,name,1
communicate,nude,1
communicate,conversation,1
go,inability,1
go,child,1
experience,child,1
go,trauma,1
be,november,1
bother,need,1
be,reluctant,1
get,morning,1
try,medication,1
struggle,joke,1
be,thought,1
pleasure,himself,1
try,therapy,1
struggle,memory,1
distract,thought,1
exhaust,he,1
ride,longboard,1
communicate,girl,1
come,boob,1
s,way,1
discuss,porn,1
intensely,mom,1
hold,wrist,1
constrain,wrist,1
fuck,they,1
constrain,one,1
come,nickname,1
say,blowjob,1
point,butt,1
intensely,thing,1
point,chest,1
there,soda,1
there,money,1
give,dollar,1
understand,time,1
see,idiot,1
throw,stair,1
give,gift,1
mercilessly,i,1
disown,i,1
be,foot,1
be,sixty,1
there,ect,1
give,they,1
call,as,1
grab,square,1
understand,mom,1
explode,,1
there,candy,1
make,idiot,1
notice,night,1
dismiss,as,1
get,christmas,1
understand,family,1
live,man,1
notice,god,1
grab,my,1
understand,hazard,1
guess,who,1
resemble,way,1
disappoint,,1
get,disappoint,1
feel,shit,1
abuse,which,1
be,gem,1
verbally,bf,1
hear,truth,1
starve,himself,1
get,fat,1
resemble,abuser,1
roll,driveway,1
,patient,1
use,she,1
use,bait,1
stand,bed,1
be,goer,1
flip,crap,1
be,bi,1
break,way,1
care,she,1
flip,bed,1
cry,fake,1
do,night,1
flip,thing,1
ask,mark,1
bad,time,1
addict,they,1
have,forehead,1
steal,story,1
rap,past,1
flip,night,1
find,something,1
go,sort,1
help,nature,1
fall,stair,1
break,stand,1
before,addict,1
need,town,1
bust,room,1
enjoy,what,1
now,that,1
ask,forehead,1
keep,mindset,1
flip,furniture,1
go,clean,1
give,story,1
give,call,1
go,dude,1
let,purpose,1
make,stuff,1
look,sort,1
keep,clean,1
now,story,1
enjoy,smile,1
lay,they,1
have,mark,1
keep,fucked,1
weasel,,1
ask,advice,1
dig,hole,1
dig,himself,1
know,workplace,1
make,remainder,1
know,day,1
give,that,1
know,core,1
know,predator,1
know,country,1
be,core,1
,coward,1
give,drink,1
say,sober,1
seem,we,1
upstairs,i,1
seem,worried,1
crack,joke,1
have,risk,1
seem,table,1
have,shirt,1
have,vasectomy,1
give,vodka,1
have,flash,1
promise,we,1
cry,nothing,1
promise,well,1
cut,friend,1
manipulate,it,1
make,sleep,1
fulfill,life,1
handle,emotion,1
say,certain,1
be,certain,1
hit,top,1
fulfill,thing,1
handle,brother,1
visit,,1
exaggerate,anxiety,1
financially,lot,1
support,dream,1
whine,it,1
financially,life,1
hat,lot,1
financially,relationship,1
often,sad,1
confuse,advice,1
confuse,tought,1
suffer,more,1
financially,childhood,1
cause,luxury,1
have,mom,1
day,she,1
come,it,1
be,ofc,1
s,man,1
come,myself,1
become,part,1
be,game,1
come,event,1
play,daughter,1
cry,parent,1
ask,unresponsive,1
think,sign,1
asap,,1
talk,parent,1
ask,sorry,1
say,sign,1
play,trampoline,1
look,moment,1
be,size,1
see,bank,1
hurt,partner,1
walk,bank,1
be,firefighter,1
own,they,1
gain,vehicle,1
anymore,area,1
stop,moment,1
know,area,1
stop,divorce,1
meet,they,1
talk,tinder,1
do,impulse,1
serve,tour,1
move,apartment,1
say,impulse,1
serve,n,1
meet,girl,1
not,forthcoming,1
meet,tinder,1
say,shit,1
talk,night,1
completely,,1
feel,ashamed,1
have,partner,1
regret,thing,1
be,they,1
act,kid,1
get,cost,1
nothe,severe,1
tell,start,1
too,friend,1
too,love,1
get,partner,1
confess,partner,1
apologize,immediately-,1
confess,what,1
have,immediately-,1
constantly,house,1
dispute,it,1
cherish,i,1
plan,activity,1
build,van,1
plan,time,1
say,activity,1
think,disgusting,1
reject,i,1
comment,,1
seem,curious,1
want,body,1
be,biracial,1
run,scary,1
talk,super,1
help,phone,1
give,period,1
put,way,1
listen,advice,1
trigger,idea,1
ask,car,1
describe,assault,1
reply,stick,1
have,flag,1
describe,i,1
understand,opinion,1
soften,,1
apologize,careful,1
form,opinion,1
deny,form,1
admit,table,1
call,spanking,1
now,careful,1
say,idea,1
forcefully,i,1
much,friend,1
much,himself,1
hang,house,1
long,abusive,1
be,ill,1
berate,people,1
be,encounter,1
get,size,1
put,friendly,1
put,paw,1
be,week,1
be,hound,1
be,pup,1
put,encounter,1
put,she,1
be,rescue,1
day,aggressive,1
be,jealous,1
now,room,1
home,raw,1
again,greg,1
redraw,boundary,1
let,arnold,1
come,terrible,1
give,interest,1
throw,flight,1
care,much,1
get,support,1
know,interest,1
live,partner,1
chase,hall,1
let,greg,1
be,boring,1
home,myself,1
say,pubis,1
give,textbook,1
convince,sex,1
also,clean,1
hear,interest,1
pay,i,1
tell,terrible,1
not,pushy,1
pass,hallway,1
once,room,1
chew,straw,1
show,stash,1
call,town,1
live,brother,1
be,possessive,1
tell,clean,1
get,sober,1
chase,point,1
cry,straw,1
also,sober,1
stay,we,1
manipulate,year,1
bring,son,1
convince,he,1
feign,understanding,1
crash,couch,1
pass,diaper,1
call,bender,1
leave,bike,1
come,wife,1
pass,apartment,1
live,fantasy,1
hump,naked,1
let,day,1
moan,,1
tell,trip,1
let,fun,1
make,naked,1
go,observatory,1
hump,he,1
instead,bill,1
throw,it,1
leave,throat,1
leave,rope,1
rip,curtain,1
go,buddy,1
scoot,couch,1
think,forgetful,1
control,puppy,1
think,stupid,1
behave,,1
be,pussy,1
blame,which,1
raise,he,1
say,buddy,1
feel,he,1
have,swing,1
hallucinate,he,1
come,dinner,1
feel,wall,1
develop,hand,1
develop,afraid,1
walk,drug,1
say,god,1
question,god,1
develop,tremor,1
go,life,1
be,denial,1
want,appointment,1
say,hand,1
say,afraid,1
come,neighbor,1
be,ventilator,1
regain,strength,1
hallucinate,drug,1
say,tremor,1
want,couch,1
cave,he,1
use,phone,1
go,am,1
,sweet,1
,funny,1
outside,attack,1
understand,it,1
help,hard,1
go,class,1
leave,probation,1
have,love,1
break,body,1
hate,rest,1
week,what,1
sometimes,parent,1
bring,money,1
well,pressure,1
lobster,body,1
chat,,1
kiss,point,1
notify,worry,1
meet,area,1
notify,family,1
notify,who,1
play,worry,1
notice,game,1
meet,week,1
play,who,1
become,touchy,1
everyday,lunch,1
go,dance,1
assult,i,1
help,some,1
forgive,himself,1
away,year,1
again,tinder,1
get,dog,1
learn,boundary,1
grow,person,1
run,hand,1
run,side,1
touch,whicu,1
run,butt,1
be,which,1
relive,trauma,1
matter,dude,1
himself,alcoholism,1
feel,issue,1
matter,all,1
feel,time,1
take,case,1
do,side,1
help,past,1
lay,face,1
help,incident,1
seem,issue,1
seem,time,1
abuse,dream,1
abuse,way,1
spoon,i,1
kill,husband,1
together,leg,1
handcuff,i,1
seem,bos,1
much,pain,1
be,blessing,1
pass,month,1
much,heart,1
prior,he,1
torture,pain,1
prior,limit,1
ruin,it,1
punish,,1
leave,we,1
make,month,1
leave,nice,1
tho,,1
leave,kind,1
make,pleasure,1
say,busy,1
not,old,1
put,place,1
always,hot,1
use,month,1
always,cold,1
degrade,work,1
always,smart,1
do,sarcasm,1
put,condition,1
never,satisfied,1
sabotage,,1
be,sabotage,1
use,sarcasm,1
entirely,conversation,1
never,happy,1
sabotage,i,1
always,genius,1
always,tough,1
back,girlfriend,1
s,asleep,1
trim,,1
get,cash,1
give,weed,1
tell,weed,1
be,cousin,1
lay,that,1
be,fault,1
like,any,1
like,friend,1
have,list,1
have,ok,1
there,they,1
always,abusive,1
touch,it,1
talk,apartment,1
have,you,1
hard,wall,1
hold,mouth,1
manipulate,he,1
open,music,1
suddenly,i,1
everywhere,i,1
open,room,1
chock,i,1
leave,everything,1
do,relationship,1
hard,bed,1
loud,music,1
open,jean,1
be,weirdo,1
write,sorry,1
have,sec,1
say,beautiful,1
finger,sleep,1
finger,myself,1
rap,sleep,1
be,successful,1
probably,horny,1
hold,water,1
know,painful,1
bluff,,1
put,fire,1
so,square,1
perish,,1
think,fire,1
invent,,1
bump,chemical,1
be,attorney,1
get,addict,1
get,vulnerable,1
not,dude,1
have,resource,1
time,reference,1
apologize,sarcasm,1
misspoke,,1
be,patron,1
date,she,1
cause,injury,1
receive,sentence,1
stab,response,1
release,sentencing,1
time,wife,1
twice,i,1
be,remand,1
remember,defence,1
be,community,1
release,order,1
think,defence,1
get,wife,1
take,point,1
put,as,1
take,condom,1
give,morning,1
say,at,1
hold,bed,1
give,lift,1
time,phrase,1
walk,month,1
shout,disturbing,1
shout,we,1
walk,school,1
walk,foot,1
back,skateboard,1
have,tattoo,1
weird,i,1
run,card,1
first,my,1
cover,point,1
first,shoulder,1
grab,mouth,1
take,anything,1
jump,fence,1
run,airpod,1
run,phone,1
wear,outfit,1
walk,direction,1
hard,direction,1
wear,what,1
be,tan,1
over,street,1
jump,site,1
first,arm,1
somewhere,i,1
over,he,1
ahead,street,1
better,himself,1
get,people,1
cause,trouble,1
find,place,1
cause,year,1
be,bartender,1
practice,i,1
be,bar,1
have,today,1
apologize,bunch,1
forget,plan,1
ask,they,1
make,plan,1
speak,tone,1
realize,,1
forget,today,1
call,hour,1
door,door,1
know,kitchen,1
away,episode,1
know,key,1
become,person,1
know,moment,1
away,medication,1
say,department,1
call,department,1
away,middle,1
door,i,1
assume,,1
share,pic,1
trust,he,1
get,bdsm,1
get,sexy,1
push,ground,1
ve,,1
bend,rock,1
say,bdsm,1
be,perfect,1
advance,sexy,1
give,psychotic,1
bruise,i,1
roofie,i,1
convince,myself,1
belittle,belief,1
keep,drugged,1
say,ourselves,1
move,ex,1
much,genuine,1
buy,stuff,1
impact,i,1
convince,crazy,1
write,symptom,1
conclude,autism,1
write,that,1
write,they,1
make,mess,1
home,door,1
deliver,,1
go,trial,1
justify,action,1
follow,work,1
be,aspect,1
be,free,1
answer,door,1
say,house,1
represent,himself,1
go,date,1
have,session,1
say,emdr,1
remind,something,1
do,emdr,1
hear,i,1
thank,mail,1
thank,for,1
thank,e,1
apologize,shooting,1
see,progress,1
become,afraid,1
kidnap,rape,1
speak,willingness,1
kidnap,outspoken,1
move,country,1
speak,mo,1
kill,boy,1
go,custody,1
have,protection,1
go,admission,1
file,divorce,1
stalk,home,1
stalk,work,1
do,attack,1
laugh,attack,1
work,meantime,1
reach,neck,1
wrap,throat,1
away,neck,1
squeeze,i,1
wrap,neck,1
go,second,1
work,monday,1
away,hand,1
wrap,hand,1
wrap,finger,1
now,jail,1
wait,trial,1
agree,daughter,1
confess,it,1
ask,shirt,1
once,arm,1
gain,i,1
ask,tomorrow,1
use,phrase,1
once,garage,1
single,he,1
help,errand,1
start,car,1
say,take,1
respond,word,1
once,work,1
work,home,1
tell,item,1
day,contractor,1
tell,food,1
respond,way,1
single,lunch,1
home,ymca,1
first,care,1
help,ride,1
first,myself,1
help,grocery,1
single,i,1
fix,relationship,1
abandon,we,1
chop,limb,1
swing,it,1
swing,body,1
pick,force,1
know,fuck,1
not,depressed,1
always,upbeat,1
always,sweet,1
know,inside,1
register,upset,1
forget,content,1
look,myself,1
look,attack,1
time,who,1
calm,min,1
remind,who,1
get,fact,1
forget,short,1
remember,video,1
remind,time,1
remind,year,1
also,way,1
be,ect,1
also,video,1
calm,point,1
also,advice,1
also,guilty,1
remind,bad,1
ect,ect,1
tell,flashback,1
once,mom,1
later,they,1
live,gpa,1
go,they,1
now,she,1
take,wrapper,1
do,taste,1
relive,smell,1
live,gma,1
go,something,1
get,second,1
brandish,i,1
be,recognizance,1
brandish,gun,1
be,last,1
make,week,1
send,line,1
blow,issue,1
send,something,1
bogge,i,1
seem,listen-,1
seem,sense,1
find,sense,1
fill,i,1
break,year,1
be,coworker,1
understand,where,1
break,change,1
cite,he,1
fill,,1
treat,person,1
tell,jump,1
treat,return,1
in,effort,1
fill,void,1
act,way,1
time,example,1
feel,safe,1
feel,regard,1
much,enough,1
feel,word,1
deserve,this,1
night,it,1
else,happiness,1
zone,,1
deserve,point,1
consider,example,1
ask,trauma,1
online,people,1
insist,drug,1
laugh,which,1
insist,ecstasy,1
tell,drink,1
call,ugly,1
abuse,woman,1
get,cruel,1
groom,ex,1
have,perspective,1
suggest,ex,1
abuse,conquest,1
rap,people,1
have,accuser,1
laugh,expense,1
enjoy,movie,1
enjoy,bad,1
back,apartment,1
tell,right,1
confuse,,1
drive,something,1
time,what,1
drive,ton,1
drive,repair,1
make,repair,1
overnight,person,1
make,car,1
either,who,1
weep,moment,1
engage,other,1
spend,something,1
spend,ton,1
confess,who,1
spend,repair,1
drive,slow,1
spend,car,1
phrase,it,1
phrase,year,1
backtrack,what,1
go,from,1
go,to,1
scream,what,1
beg,whisper,1
hit,attack,1
believe,difference,1
cover,face,1
shout,people,1
get,right,1
get,posture,1
deny,care,1
live,shenanigan,1
tell,pmt,1
deny,autism,1
live,detail,1
deny,treatment,1
say,chicken,1
again,hand,1
play,chicken,1
think,carrey,1
say,dyke,1
have,permission,1
inappropriately,age,1
hear,call,1
look,number,1
hear,husband,1
hear,phone,1
sleep,call,1
well,issue,1
take,lot,1
remember,meltdown,1
love,lot,1
admit,himself,1
message,who,1
talk,year,1
,scared,1
struggle,cry,1
message,girlfriend,1
be,future,1
have,meltdown,1
say,bit,1
admit,hospital,1
message,year,1
struggle,ness,1
make,girlfriend,1
make,embarassment,1
thorazine,thorazine,1
easily,as,1
mistake,invitation,1
easily,pound,1
be,leave,1
easily,tall,1
drink,pool,1
visit,friend,1
smell,cologne,1
mistake,friendship,1
mistake,grace,1
make,emphasis,1
make,suit,1
let,titty,1
think,sort,1
disappear,myself,1
disappear,life,1
disappear,health,1
communicate,family,1
be,engaging,1
tell,book,1
be,lunatic,1
twice,she,1
be,mission,1
tell,slut,1
once,stone,1
treat,piece,1
love,heart,1
inappropriately,,1
talk,sink,1
talk,tree,1
get,confused,1
attack,moment,1
tell,music,1
cry,day,1
drop,grandparent,1
same,,1
be,those,1
try,si,1
well,war,1
walk,naked,1
day,mother,1
abuse,weight,1
treat,reason,1
have,go,1
well,game,1
claim,able,1
keep,part,1
be,hungovered,1
lock,mother,1
physically,we,1
decide,reason,1
wear,hat,1
wear,watermalon,1
confuse,mother,1
cry,eye,1
tell,compassion,1
act,violent,1
love,someone,1
be,manic,1
try,other,1
well,part,1
act,crazy,1
claim,order,1
turn,stomach,1
make,girl,1
make,porn,1
tell,tw,1
just,ill,1
threaten,poker,1
get,e,1
throw,tv,1
prevent,this,1
threaten,mum,1
just,angry,1
negotiate,,1
home,nye,1
repeat,,1
get,unit,1
smash,it,1
take,hour,1
s,type,1
smash,piece,1
accept,gift,1
take,yesterday,1
smash,front,1
suggest,rehab,1
be,thankful,1
receive,ban,1
objectify,rant,1
use,slur,1
say,series,1
reveal,she,1
call,pedophile,1
brag,,1
already,harassment,1
party,,1
use,rant,1
have,broadcast,1
trash,,1
casually,slur,1
let,effect,1
use,daughter,1
attend,event,1
review,series,1
expose,call,1
review,they,1
start,point,1
use,donation,1
force,woman,1
want,middle,1
use,iv,1
neglect,she,1
force,kiss,1
have,pointing,1
use,woman,1
challenge,rule,1
grow,popularity,1
pressure,girl,1
make,legal,1
expose,breast,1
start,relationship,1
already,adult,1
next,it,1
use,money,1
attend,league,1
reveal,camera,1
attend,year,1
do,most,1
call,accusation,1
speak,defense,1
frequently,october,1
let,thank,1
make,woman,1
sleep,girl,1
also,investigation,1
make,kiss,1
use,aftermath,1
harass,woman,1
here,rant,1
frequently,party,1
call,caster,1
use,cherry,1
post,something,1
repeat,i,1
post,trip,1
know,fragile,1
say,enraged,1
be,enraged,1
pick,therapist,1
say,fragile,1
post,instragam,1
go,twin,1
repeat,that,1
believe,she,1
quit,any,1
quit,gambling,1
still,she,1
quit,smoking,1
quit,drinking,1
still,love,1
too,game,1
back,a,1
too,time,1
back,pre,1
back,teen,1
too,sibling,1
buy,affection,1
attack,sibling,1
tell,hospital,1
write,message,1
have,fun,1
together,fun,1
tell,boundary,1
anymore,comfortable,1
immediately,friendship,1
realize,thunder,1
write,thunder,1
immediately,effective,1
switch,class,1
do,ability,1
try,play,1
decide,whim,1
use,fear,1
keep,secret,1
sweet,secret,1
corner,bathroom,1
fake,illness,1
kill,thing,1
fake,inexplicable,1
keep,relationship,1
corner,end,1
keep,until,1
sweet,i,1
sweet,relationship,1
fake,seizure,1
fake,cancer,1
say,key,1
mistreat,,1
hold,strength,1
go,crisis,1
get,rejection,1
squeeze,lock,1
go,car,1
cope,situation,1
help,situation,1
dramatically,house,1
shut,face,1
have,crisis,1
say,door,1
go,discussion,1
shut,door,1
have,doubt,1
see,demon,1
think,demon,1
s,it,1
say,healthy,1
hop,healthy,1
wish,life,1
away,other,1
understand,normal,1
too,safe,1
feel,regret,1
understand,life,1
regret,what,1
leave,therapy,1
say,safe,1
too,healthy,1
hop,safe,1
think,weak,1
so,sorry,1
after,hour,1
lose,hour,1
admit,that,1
find,sake,1
know,lot,1
have,lifestyle,1
not,which,1
not,house,1
be,target,1
have,abuse,1
torture,basement,1
be,idiot,1
lock,basement,1
crack,boy,1
torture,we,1
hard,front,1
back,they,1
crack,trouble,1
torture,brother,1
lock,we,1
laugh,boy,1
stare,corner,1
laugh,trouble,1
curse,i,1
smack,railing,1
crack,window,1
crack,night,1
back,corner,1
smack,rod,1
torture,room,1
stare,we,1
laugh,night,1
laugh,window,1
call,phone,1
add,layer,1
talk,what,1
suffer,point,1
not,way,1
find,platform,1
tell,gary,1
now,part,1
recently,reason,1
bring,front,1
bring,ex,1
work,company,1
year,who,1
make,trouble,1
search,he,1
still,mean,1
break,jaw,1
hurt,occasion,1
still,i,1
always,mean,1
beat,jumprope,1
be,rest,1
change,career,1
change,friend,1
budge,idea,1
go,medication,1
somewhere,he,1
move,they,1
have,flashback,1
begin,relationship,1
night,relationship,1
swear,medication,1
stay,isolate,1
swear,therapy,1
have,bunch,1
move,vehicle,1
respect,bf,1
do,afraid,1
isolate,month,1
be,stimulated,1
become,violent,1
say,timing,1
be,timing,1
buy,item,1
assure,embarrassed,1
regress,i,1
give,connotation,1
say,version,1
make,this,1
get,piss,1
call,version,1
say,insecure,1
ask,non,1
prefer,version,1
sexualize,version,1
buy,time,1
talk,version,1
set,rule,1
talk,overtime,1
love,time,1
far,fuck,1
scream,fuck,1
call,asking,1
be,pale,1
drink,friend,1
say,reply,1
be,m,1
badly,sex,1
badly,day,1
encourage,i,1
aside,doll,1
hold,body,1
not,guy,1
afterwards,i,1
forcefully,penis,1
use,pleasure,1
treat,girl,1
finish,himself,1
loom,i,1
loom,childhood,1
then,more,1
strike,mother,1
slowly,weight,1
slowly,chest,1
dictate,who,1
slowly,hand,1
know,experience,1
owe,someone,1
consider,poor,1
realize,myself,1
be,crippled,1
make,well,1
blame,myself,1
get,stressed,1
overall,event,1
take,chance,1
reassure,one,1
matter,one,1
january,instance,1
january,january,1
have,memory,1
late,wife,1
explain,weight,1
not,medicine,1
say,medicine,1
give,nightmare,1
slam,table,1
follow,doggo,1
swim,i,1
away,dick,1
now,person,1
cause,flashback,1
look,right,1
lay,all,1
be,world,1
poope,i,1
arrive,,1
deal,anxiety,1
off,well,1
off,i,1
make,doctor,1
want,drive,1
call,fag,1
make,weak,1
sometimes,mean,1
away,person,1
take,feeling,1
be,ride,1
agree,which,1
designate,i,1
mostly,delusional,1
be,malicious,1
be,whatever,1
require,apology,1
often,convince,1
mostly,psychosis,1
convince,,1
lose,we,1
though,cool,1
crouch,i,1
lie,bed,1
smile,he,1
say,prostate,1
weaze,he,1
make,tube,1
make,so,1
be,donor,1
need,his,1
wait,plan,1
wait,people,1
tell,latee,1
need,tube,1
make,his,1
slap,bag,1
snort,,1
be,piece,1
have,aid,1
wait,goodbye,1
be,skeletal,1
come,decision,1
use,tool,1
bath,day,1
spy,i,1
spy,shower,1
move,assault,1
in,bath,1
steal,underwear,1
steal,ect,1
address,work,1
stay,bedroom,1
again,car,1
pray,you,1
invite,himself,1
make,posture,1
wash,clothe,1
get,clingy,1
again,morning,1
address,issue,1
tell,valid,1
go,coworker,1
try,sure,1
make,helpful,1
again,work,1
lock,key,1
tell,bos,1
lock,car,1
approach,car,1
lock,morning,1
approach,morning,1
tell,coworker,1
go,biking,1
wash,day,1
lock,work,1
be,ref,1
invite,house,1
grow,five,1
look,numb,1
,veteran,1
grow,i,1
yell,happy,1
suppress,emotion,1
grow,hood,1
need,hug,1
before,man,1
not,mental,1
realize,what,1
ask,distance,1
know,plenty,1
suggest,damage,1
ask,plenty,1
be,plenty,1
ask,card,1
know,distance,1
need,work,1
need,car,1
too,tired,1
do,hurting,1
have,pool,1
send,visa,1
have,card,1
think,help,1
send,money,1
immensely,,1
have,meal,1
have,bill,1
much,bad,1
save,period,1
flush,semen,1
day,porn,1
jerk,,1
realize,trouble,1
day,reason,1
irresponsibly,,1
leave,outburst,1
week,appointment,1
be,employee,1
along,guy,1
along,night,1
along,i,1
say,strong,1
say,nightmare,1
back,attempt,1
judge,it,1
tell,everybody,1
s,old,1
get,fever,1
struggle,case,1
struggle,breathing,1
swallow,some,1
teethe,today,1
wake,hard,1
get,desperate,1
chock,spit,1
make,one,1
breathe,snot,1
assault,minor,1
hit,with,1
kick,room,1
give,beating,1
give,birthday,1
not,scared,1
tell,son,1
be,james,1
do,dance,1
have,anything,1
do,face,1
get,lunch,1
get,break,1
pay,what,1
order,we,1
spot,cash,1
spot,i,1
day,favor,1
order,beer,1
have,pattern,1
give,thought,1
talk,area,1
let,all,1
want,phone,1
scar,hell,1
think,multiple,1
find,stuff,1
be,multiple,1
be,panicked,1
look,terrified,1
high,i,1
close,wave,1
pull,ladder,1
get,situation,1
hospitalise,i,1
make,trauma,1
tell,order,1
hurt,it,1
later,sorry,1
start,calling,1
stress,,1
grow,idea,1
come,drunk,1
out,age,1
type,this,1
make,document,1
notice,that,1
break,something,1
heat,light,1
,breakdown,1
do,knife,1
have,breakdown,1
say,hour,1
bad,,1
need,tw,1
reveal,lot,1
be,hunt,1
long,sex,1
refuse,parent,1
be,disappointment,1
go,sex,1
see,aunt,1
,afraid,1
so,reason,1
cut,,1
reveal,i,1
say,sort,1
tell,secret,1
,depressed,1
bad,arm,1
go,closet,1
so,sex,1
wake,cousin,1
heat,it,1
try,she,1
die,night,1
spend,cousin,1
unravel,hanger,1
wake,nap,1
eat,time,1
sleep,nightmare,1
,alright,1
over,boy,1
do,quarantine,1
shove,it,1
,nightmare,1
think,penis,1
cause,extreme,1
do,example,1
away,company,1
away,k,1
groom,cigarette,1
together,year,1
cheat,week,1
night,apartment,1
start,company,1
groom,alcohol,1
first,jan,1
start,k,1
first,other,1
operate,,1
pay,dinner,1
make,tutoring,1
hide,worker,1
make,bit,1
go,top,1
purchase,i,1
bring,clothe,1
think,point,1
wash,,1
take,table,1
use,lubrication,1
do,bit,1
make,reservation,1
open,leg,1
act,tutoring,1
be,app,1
act,bit,1
purchase,meeting,1
purchase,it,1
before,breakup,1
before,stress,1
holiday,holiday,1
break,stress,1
break,point,1
anymore,what,1
go,one,1
get,redit,1
complement,i,1
let,embrace,1
hug,kiss,1
ask,room,1
stroke,cheek,1
have,this,1
outside,much,1
ok,it,1
not,danger,1
know,valid,1
texte,friend,1
go,limit,1
brake,limit,1
take,answer,1
take,no,1
pressure,activity,1
hide,corner,1
over,room,1
want,contract,1
,right,1
tell,which,1
leave,one,1
think,shit,1
talk,right,1
let,bad,1
announce,front,1
tell,true,1
tell,some,1
let,shit,1
think,bad,1
back,asshole,1
leave,trauma,1
announce,trauma,1
love,football,1
be,coach,1
bring,school,1
still,people,1
support,school,1
there,friend,1
there,weekend,1
there,memory,1
bring,university,1
meet,year,1
know,r,1
support,football,1
support,team,1
today,town,1
do,sort,1
affect,i,1
chase,,1
tell,health,1
tell,excuse,1
think,health,1
think,excuse,1
change,mood,1
happen,i,1
message,th,1
seem,sweet,1
seem,funny,1
create,profile,1
message,time,1
celebrate,i,1
celebrate,anniversary,1
kill,daughter,1
say,paranoid,1
after,b,1
threaten,it,1
see,fine,1
threaten,program,1
threaten,b,1
just,pain,1
run,brother,1
have,fracture,1
be,eye,1
everywhere,,1
live,hill,1
come,ppl,1
come,nd,1
inflict,month,1
respond,voice,1
again,ditch,1
respond,which,1
now,different,1
reappear,thing,1
leave,comfortable,1
wait,she,1
not,visit,1
worry,he,1
tell,blank,1
drag,bag,1
not,unable,1
drag,floor,1
drag,someone,1
anyway,visit,1
come,that,1
straighten,it,1
enjoy,sensation,1
enjoy,something,1
inherit,i,1
look,dejected,1
come,point,1
fire,god,1
,dangerous,1
come,gunshot,1
get,key,1
start,argument,1
be,scary,1
hit,tree,1
do,attention,1
stumble,drunk,1
come,rifle,1
be,stressful,1
own,number,1
pick,god,1
away,hair,1
deny,gunshot,1
stumble,home,1
pull,neighbor,1
eat,anxiety,1
eat,all,1
steal,card,1
run,carolina,1
forever,life,1
flirt,,1
,chunk,1
have,history,1
december,incident,1
december,december,1
steal,day,1
,a,1
threaten,time,1
i,i,1
alot,you,1
i,old,1
,dad,1
,doubt,1
watch,anything,1
decide,that,1
have,mirror,1
so,night,1
repeatedly,neck,1
all,empathy,1
alter,it,1
sit,mirror,1
cut,part,1
cut,hair,1
do,nrotc,1
have,people,1
have,connection,1
week,haircut,1
be,mirror,1
be,trooper,1
diagnose,himself,1
wear,shirt,1
forget,b,1
reply,all,1
work,lot,1
beg,money,1
sit,hour,1
think,fact,1
immediately,it,1
immediately,money,1
immediately,wage,1
want,divorce,1
hour,kid,1
handle,money,1
have,hour,1
see,behavior,1
do,baby,1
see,wrong,1
mentally,abuse,1
watch,she,1
show,beginning,1
immediately,bos,1
rob,way,1
labor,hour,1
think,ridiculous,1
manage,it,1
be,abuse,1
have,routine,1
mentally,narcissist,1
cheat,occasion,1
see,issue,1
say,narcissism,1
shoot,front,1
worry,you,1
take,breath,1
struggle,thought,1
be,unresponsive,1
occasionally,i,1
away,nothing,1
insist,day,1
be,shape,1
worry,phone,1
directly,life,1
do,phone,1
insist,lot,1
insist,he,1
worry,point,1
much,call,1
fumble,,1
think,everything,1
cross,boundary,1
fix,decision,1
respond,yeah,1
day,shape,1
respond,time,1
apologize,sorry,1
chill,we,1
growl,,1
become,goat,1
talk,face,1
sound,excited,1
discuss,health,1
say,intervention,1
be,vague,1
discuss,colleague,1
say,concern,1
grab,room,1
already,house,1
already,inside,1
grab,axe,1
anymore,power,1
pose,beach,1
resent,they,1
distance,they,1
have,bottle,1
dump,they,1
put,start,1
have,photo,1
cheat,they,1
see,material,1
sense,vulnerability,1
be,image,1
try,hoover,1
prey,it,1
drive,leg,1
ask,serious,1
tell,room,1
beat,barley,1
ask,hypervigilant,1
diagnose,meeting,1
say,guard,1
scream,murder,1
again,minute,1
hit,ground,1
tell,leg,1
inform,stop,1
feel,leg,1
realize,situation,1
regain,consciousness,1
take,climb,1
have,reaction,1
get,quick,1
choose,position,1
see,pleasure,1
use,most,1
prepare,it,1
look,spunk,1
know,difference,1
be,sadist,1
subdue,i,1
,cool,1
have,intercourse,1
push,shallow,1
now,past,1
really,nothing,1
orally,i,1
quickly,i,1
engage,i,1
immediately,position,1
get,enraged,1
apologize,morning,1
make,guy,1
observe,reaction,1
quickly,smile,1
know,mind,1
look,pleasure,1
hang,door,1
subdue,end,1
quickly,polite,1
reenact,it,1
rant,ride,1
ask,guy,1
flee,house,1
show,daughter,1
abandon,they,1
live,girlfriend,1
show,photo,1
sell,woman,1
want,secret,1
become,pastor,1
be,myself,1
support,family,1
gain,which,1
gain,service,1
work,hour,1
kill,wife,1
rap,someone,1
kill,grade,1
trigger,feeling,1
pee,bed,1
be,iraq,1
turn,alcoholic,1
dose,,1
call,drinking,1
never,hit,1
have,tour,1
torment,drinking,1
step,plane,1
never,anything,1
too,alcoholic,1
call,time,1
call,year,1
leave,iraq,1
torment,year,1
tell,ride,1
force,throat,1
be,ahahahaha,1
not,strangulation,1
constrict,flow,1
get,sex,1
prepare,car,1
slam,bin,1
dip,tobacco,1
dip,portion,1
ahead,face,1
dip,tooth,1
grind,portion,1
come,knife,1
slam,front,1
grind,tooth,1
choke,,1
close,word,1
kill,myself,1
,fucking,1
,charismatic,1
fuck,obnoxious,1
,tall,1
,muscular,1
long,therapy,1
town,sunday,1
drink,buddy,1
close,myself,1
back,lack,1
say,honest,1
town,town,1
feel,city,1
inform,i,1
drink,family,1
elope,,1
drink,house,1
town,day,1
hang,buddy,1
talk,therapist,1
connect,,1
town,he,1
know,one,1
move,week,1
force,it,1
personally,i,1
tell,client,1
be,shocked,1
call,deal,1
say,wife,1
just,short,1
walk,nothing,1
smile,that,1
have,heart,1
kick,windshield,1
break,neck,1
bleed,mouth,1
laugh,car,1
say,love,1
again,drunk,1
ruin,vacation,1
apologize,stern,1
,stern,1
follow,knowledge,1
say,aspect,1
bend,sink,1
prior,interest,1
turn,go,1
explain,dad,1
have,blackout,1
not,affective,1
stay,quiet,1
shout,discussion,1
further,discussion,1
be,toddler,1
hit,puberty,1
aggressively,gear,1
s,mind,1
drive,highway,1
be,more,1
find,she,1
fend,himself,1
make,favourite,1
turn,head,1
always,nice,1
be,independent,1
be,grandad,1
vibrate,,1
protect,child,1
wrap,leg,1
apparently,week,1
know,k,1
break,head,1
away,resource,1
scapegoate,,1
spoil,,1
say,girlfriend,1
have,bathroom,1
very,distinct,1
m,sorry,1
have,sister,1
out,at,1
have,in,1
fend,she,1
do,cpr,1
be,ready,1
be,rigor,1
cut,he,1
have,earpiece,1
do,arrival,1
coerce,i,1
know,comfortable,1
time,nude,1
tell,chance,1
year,i,1
want,object,1
tell,object,1
then,good,1
slut,,1
need,ready,1
start,therapy,1
be,likely,1
overnight,i,1
say,ready,1
struggle,relationship,1
experience,month,1
reward,he,1
struggle,anxiety,1
have,space,1
slam,force,1
strike,hand,1
be,bully,1
regularly,info,1
open,bottle,1
leave,product,1
first,hand,1
remind,people,1
make,escape,1
splash,entirety,1
get,slap,1
cut,horn,1
sell,it,1
take,rack,1
continue,car,1
splash,back,1
leave,tub,1
drown,in,1
kill,u,1
shoot,window,1
burn,it,1
throw,windshield,1
harm,member,1
harass,same,1
show,burn,1
burn,house,1
state,he,1
launch,moment,1
show,week,1
nicely,i,1
find,medium,1
burn,we,1
go,police,1
stay,room,1
chase,we,1
threaten,violence,1
beg,i,1
burn,hospital,1
launch,jack,1
date,he,1
lay,he,1
ridicule,i,1
bait,,1
love,you,1
restrain,i,1
day,alone,1
show,court,1
,pedophile,1
throw,beer,1
cut,arm,1
acquire,number,1
carve,name,1
threaten,pe,1
mark,i,1
paint,,1
spray,,1
message,mother,1
make,sexual,1
take,childhood,1
ruin,connection,1
notice,spook,1
protect,woman,1
embroider,apartment,1
on,i,1
embroider,couch,1
on,time,1
on,which,1
embroider,himself,1
choose,craft,1
embroider,flower,1
talk,culture,1
force,hug,1
be,while,1
be,frustrated,1
violently,door,1
handedly,i,1
yell,door,1
talk,sexism,1
put,shock,1
really,guy,1
go,meeting,1
to,meeting,1
decide,himself,1
let,himself,1
get,intimate,1
say,cervix,1
go,finger,1
deal,illness,1
see,cervix,1
scream,hour,1
not,assailant,1
say,same,1
forget,all,1
receive,letter,1
take,speculum,1
forget,night,1
leave,number,1
push,everything,1
live,heart,1
use,lube,1
push,finger,1
be,god,1
let,bear,1
let,something,1
stop,clenching,1
push,ovary,1
see,time,1
currently,arm,1
know,myself,1
say,clenching,1
forget,search,1
live,letter,1
say,walk,1
take,door,1
close,way,1
sit,stump,1
back,she,1
use,force,1
sit,with,1
take,gun,1
maybe,late,1
change,it,1
cop,trauma,1
tenderly,i,1
think,worthless,1
think,control,1
lie,occasion,1
put,clothe,1
drop,front,1
shove,floor,1
grab,pillow,1
on,pant,1
touch,area,1
stop,pant,1
take,underwear,1
shove,corner,1
stick,head,1
penetrate,anus,1
initially,car,1
initially,path,1
convince,nothing,1
time,abusive,1
have,assault,1
blast,all,1
kiss,it,1
convince,mother,1
,drunk,1
clear,mind,1
back,alone,1
work,something,1
tell,drunk,1
look,wtf,1
leave,pentagon,1
hear,scream,1
down,door,1
mean,reason,1
physically,,1
wad,water,1
care,medal,1
find,job,1
search,i,1
say,fire,1
be,distraught,1
work,wedge,1
turn,power,1
blast,i,1
ignore,reason,1
find,state,1
have,bond,1
save,both,1
push,ear,1
push,hair,1
cry,bit,1
find,bottle,1
find,card,1
release,,1
leave,prison,1
protect,he,1
be,bastard,1
protect,father,1
protect,police,1
go,courthouse,1
apply,,1
realize,flimsy,1
find,religion,1
antagonize,i,1
not,prison,1
not,rest,1
assault,,1
beat,blue,1
again,eyewitness,1
beat,black,1
drag,time,1
again,other,1
drag,girlfriend,1
be,brat,1
threaten,he,1
admit,people,1
get,tv,1
fly,,1
buy,dinner,1
,predator,1
expect,sex,1
kick,occasion,1
,polish,1
lube,i,1
hang,lot,1
make,dirty,1
sigh,i,1
not,polish,1
lube,he,1
say,schizophrenia,1
say,disorder,1
say,top,1
in,issue,1
extend,support,1
most,friendly,1
begin,treatment,1
tomorrow,cancer,1
tomorrow,tomorrow,1
die,year,1
extend,lot,1
talk,funeral,1
enjoy,fear,1
eat,launch,1
away,fear,1
kick,warning,1
break,life,1
stack,body,1
have,prednisone,1
,human,1
help,skill,1
feel,comfortable,1
grow,resentful,1
feel,happy,1
have,burden,1
be,area,1
pawn,something,1
shoot,kitchen,1
shoot,heroin,1
accept,she,1
abuse,well,1
see,himself,1
exploit,boy,1
exploit,child,1
abuse,accusation,1
often,swing,1
leave,terrified,1
fixate,everything,1
have,bout,1
claim,bored,1
know,nothing,1
cite,concern,1
handle,,1
like,way,1
take,month,1
try,form,1
do,jitsu,1
claim,thing,1
feel,med,1
let,judgment,1
see,perspective,1
around,shell,1
get,counseling,1
elbow,family,1
badly,jacket,1
be,callous,1
point,point,1
badly,neck,1
make,unsafe,1
far,point,1
call,number,1
say,information,1
much,shit,1
elbow,throat,1
mock,it,1
far,distress,1
say,counseling,1
push,zone,1
drink,counseling,1
point,helpless,1
see,any,1
sell,people,1
by,,1
illegally,,1
make,turn,1
knock,uppercut,1
be,anxious,1
awkwardness,awkwardness,1
awkwardness,tension,1
blow,horn,1
wait,car,1
again,house,1
sell,stuff,1
sneak,theater,1
believe,something,1
stalk,truck,1
be,thug,1
awkwardness,aware,1
slap,family,1
believe,thug,1
later,maker,1
hug,purpose,1
straight,i,1
give,impression,1
give,hour,1
slap,throat,1
look,voice,1
impress,friend,1
touch,which,1
start,rumor,1
disrespect,father,1
think,form,1
sneak,bathroom,1
put,dashboard,1
undress,i,1
badly,friend,1
think,fault,1
hear,dead,1
cause,gun,1
be,pound,1
molest,minute,1
have,hope,1
next,,1
ahead,life,1
die,way,1
demand,sex,1
fire,shot,1
kick,stomach,1
graduate,school,1
enter,car,1
have,arm,1
bruise,back,1
resemble,shape,1
resemble,wise,1
then,young,1
go,rigid,1
say,minute,1
seem,shocked,1
lock,,1
do,girlfriend,1
say,family,1
instigate,it,1
say,cigarette,1
ignore,day,1
nod,,1
away,eye,1
ask,cigarette,1
elbow,friend,1
time,himself,1
all,that,1
ask,health,1
take,seat,1
again,someone,1
be,believer,1
back,shelter,1
tell,sister,1
do,way,1
again,mom,1
threaten,we,1
hit,we,1
wrestle,mom,1
unlock,safe,1
abuse,intensity,1
scare,half,1
slap,friend,1
unlock,walkway,1
scare,we,1
away,gun,1
day,arizona,1
take,shotgun,1
see,gun,1
wrestle,gun,1
scare,death,1
give,it,1
burn,cigarette,1
enough,act,1
put,effort,1
finish,foreplay,1
day,time,1
lie,something,1
,hunting,1
badly,family,1
not,what,1
stop,himself,1
hear,what,1
impress,tolerance,1
elbow,i,1
find,house,1
badly,throat,1
groom,month,1
develop,assault,1
come,infection,1
s,person,1
have,flaw,1
not,perfect,1
do,return,1
fee,food,1
probably,understanding,1
lower,himself,1
suffer,bullshit,1
probably,person,1
have,swelling,1
succumb,abuse,1
rest,shoulder,1
rest,head,1
be,floor,1
do,rape,1
use,hand,1
notice,,1
say,bug,1
say,room,1
say,treatment,1
do,inspection,1
advise,sure,1
be,indication,1
find,room,1
advise,indication,1
find,bug,1
disappear,month,1
adjust,medication,1
cause,we,1
cause,life,1
cause,today,1
cause,this,1
cause,pain,1
think,much,1
mind,it,1
breathe,breath,1
break,rib,1
assault,woman,1
destroy,next,1
tower,i,1
bully,she,1
terrorise,i,1
terrorise,year,1
stumble,girl,1
use,day,1
sit,back,1
want,they,1
use,car,1
marry,mom,1
hat,it,1
already,freaked,1
ask,space,1
pry,,1
plow,door,1
watch,interview,1
be,va,1
come,disease,1
never,that,1
wrap,arm,1
later,failure,1
notice,happy,1
care,himself,1
live,husband,1
come,himself,1
come,in,1
never,same,1
go,coma,1
be,vet,1
hide,everyone,1
work,relationship,1
objectify,i,1
burst,fast,1
texte,today,1
say,nice,1
sell,gun,1
tell,gun,1
survive,strong,1
survive,war,1
pull,skirt,1
visit,we,1
catch,last,1
kiss,she,1
cover,hand,1
call,desk,1
design,,1
pull,floor,1
not,focus,1
focus,i,1
know,year,1
give,front,1
radiate,occasion,1
radiate,amusement,1
explode,door,1
snap,neck,1
kick,open,1
kick,minute,1
be,satisfied,1
anymore,key,1
get,bathtub,1
before,what,1
sometimes,menacing,1
carry,i,1
sometimes,violent,1
tell,key,1
get,fight,1
know,sex,1
snap,heartbeat,1
kick,door,1
sometimes,month,1
carry,bed,1
initiate,sex,1
worth,,1
stone,pity,1
stone,self,1
then,day,1
drug,he,1
then,medication,1
stone,point,1
stone,part,1
drug,med,1
try,it,1
drill,bone,1
have,fever,1
hack,lung,1
cod,,1
say,boy,1
die,care,1
drown,,1
kill,,1
feel,hot,1
plow,i,1
push,drug,1
instead,,1
get,tube,1
try,laryngoscope,1
switch,app,1
wake,morning,1
switch,facebook,1
wake,hour,1
be,twitter,1
help,asleep,1
be,fast,1
meet,one,1
come,morning,1
think,she,1
play,phone,1
again,way,1
cheat,result,1
meet,who,1
switch,twitter,1
happily,i,1
wake,bit,1
loom,body,1
look,photo,1
know,asleep,1
be,stingy,1
demand,,1
still,entity,1
park,road,1
sleep,she,1
park,car,1
be,forceful,1
take,being,1
call,daughter,1
talk,boy,1
abuse,several,1
lead,room,1
act,which,1
hat,thing,1
cry,he,1
cry,mom,1
not,bar,1
hurt,heartbeat,1
say,breakdown,1
hurt,he,1
see,sibling,1
say,detail,1
get,jail,1
hurt,kid,1
lower,level,1
criticize,way,1
exhale,,1
criticize,i,1
be,horrible,1
hear,kitchen,1
enter,,1
stab,leg,1
carve,forearm,1
before,thing,1
hold,hour,1
fast,i,1
carve,word,1
hold,captive,1
give,heck,1
beat,hell,1
send,time,1
break,month,1
send,photo,1
dump,road,1
look,she,1
drive,she,1
be,freak,1
hat,fact,1
be,with,1
create,account,1
owe,i,1
time,hand,1
look,happy,1
loom,hour,1
owe,comfort,1
be,sweetheart,1
hit,gut,1
time,umbrella,1
burst,doorway,1
throw,money,1
have,word,1
talk,level,1
spank,i,1
call,honey,1
abuse,alcohol,1
make,lip,1
now,medication,1
get,med,1
sleep,month,1
heave,hour,1
safely,it,1
safely,flight,1
say,self,1
sit,car,1
report,police,1
talk,matter,1
call,slave,1
believe,thing,1
strike,time,1
look,sister,1
believe,matter,1
say,thank,1
associate,entirety,1
leave,attack,1
tell,rape,1
lie,rape,1
infer,what,1
make,any,1
move,leg,1
move,tight,1
excuse,i,1
distance,time,1
leave,pressured,1
date,someone,1
get,healing,1
help,emotion,1
start,mad,1
trigger,harm,1
threaten,breakup,1
take,issue,1
on,someone,1
well,harm,1
starve,myself,1
drag,he,1
mention,something,1
expect,outburst,1
say,heartbreaking,1
believe,they,1
s,well,1
think,since,1
tell,head,1
drag,since,1
compare,issue,1
compare,it,1
reassure,family,1
think,we,1
believe,well,1
drag,we,1
s,gay,1
vent,family,1
reassure,he,1
know,friend,1
experience,attack,1
talk,doctor,1
vent,he,1
say,stressful,1
lose,everyone,1
lose,himself,1
compare,someone,1
lose,friend,1
s,they,1
know,alot,1
tell,stress,1
help,reason,1
the,,1
descend,hole,1
need,i,1
commit,rape,1
need,something,1
get,access,1
punch,door,1
uni,bc,1
tell,piece,1
cover,i,1
suggest,way,1
say,much,1
cover,pansy,1
personally,reflection,1
lash,,1
personally,it,1
say,sad,1
,sober,1
want,peace,1
lose,bad,1
lose,tooth,1
have,npd,1
lose,way,1
make,end,1
not,family,1
time,breast,1
believe,job,1
anyways,sex,1
buy,which,1
suffer,jail,1
act,sorry,1
protect,himself,1
not,bright,1
anyways,he,1
be,horrified,1
be,dealer,1
protect,thug,1
come,end,1
get,married,1
blame,other,1
manipulate,mother,1
tell,ashamed,1
say,trouble,1
restrain,she,1
tell,guilty,1
tell,,1
tell,self,1
tell,weekend,1
get,aggressive,1
close,mouth,1
surivive,gun,1
stay,calm,1
die,gun,1
surivive,margin,1
put,wasp,1
hold,tub,1
put,bed,1
see,mouth,1
do,number,1
force,middle,1
make,brother,1
assault,brother,1
leach,accommodation,1
cause,trauma,1
torture,,1
away,province,1
feel,term,1
later,house,1
stop,emdr,1
rush,i,1
buy,she,1
point,trauma,1
point,anyone,1
again,appointment,1
be,fuckwit,1
set,garage,1
strange,,1
know,right,1
steal,store,1
apply,force,1
contact,that,1
pack,vehicle,1
move,he,1
even,evening,1
steal,bottle,1
sleep,house,1
become,partner,1
get,assistance,1
complete,tour,1
heavily,night,1
contact,she,1
night,duo,1
heavily,duo,1
complete,most,1
remove,time,1
tell,brother,1
warm,,1
go,homeless,1
grovel,foot,1
forget,information,1
buy,one,1
not,care,1
be,tough,1
load,he,1
load,house,1
hang,that,1
agree,she,1
leave,information,1
begin,training,1
be,bus,1
limit,,1
again,sarah,1
fight,mma,1
headline,event,1
be,determined,1
share,story,1
have,jaw,1
be,glamorous,1
train,he,1
even,leave,1
anymore,jail,1
leave,iou,1
find,group,1
feel,worthy,1
live,parent,1
lock,jail,1
tell,hallucination,1
back,something,1
police,town,1
stick,finger,1
wipe,it,1
wipe,towel,1
turn,fan,1
make,hug,1
wipe,body,1
stick,mouth,1
wipe,face,1
infiltrate,group,1
physically,life,1
follow,context,1
,fucker,1
share,idea,1
,pussy,1
say,board,1
leach,friend,1
not,kid,1
back,child,1
abuse,age,1
pip,thing,1
clearly,,1
get,counselor,1
grow,adult,1
together,future,1
confess,age,1
be,difference,1
realise,action,1
confide,i,1
not,time,1
be,perpetrator,1
read,article,1
confess,sister,1
own,house,1
confess,month,1
realise,what,1
give,iphone,1
own,time,1
become,unkind,1
videoe,iphone,1
be,self,1
address,source,1
hard,temper,1
learn,someone,1
scream,preoccupied,1
become,annoyed,1
be,unkind,1
give,attention,1
videoe,i,1
all,trauma,1
become,nothing,1
have,temper,1
bash,class,1
bash,i,1
well,gay,1
control,b,1
,shit,1
control,himself,1
find,someone,1
show,door,1
express,someone,1
let,home,1
instead,bar,1
let,way,1
,door,1
walk,minute,1
mitigate,stress,1
hold,fort,1
be,occasion,1
clearly,hurt,1
catch,act,1
support,month,1
time,am,1
late,time,1
late,am,1
creep,in,1
deal,bit,1
drive,we,1
express,normal,1
be,hurt,1
throw,fit,1
be,refugee,1
get,shirt,1
say,pleasant,1
punch,age,1
beat,belt,1
threaten,foot,1
get,age,1
drop,whip,1
threaten,a,1
punch,chest,1
treat,sweet,1
tie,time,1
threaten,my,1
beat,front,1
attack,corner,1
aggressively,i,1
walk,belt,1
smash,i,1
treat,food,1
take,half,1
get,chest,1
drink,drink,1
take,house,1
way,they,1
ask,blowjob,1
time,jail,1
drop,one,1
way,a,1
smash,ground,1
beat,bed,1
pick,one,1
strip,i,1
treat,assault,1
talk,such,1
put,foot,1
beat,reason,1
put,a,1
think,grow,1
fight,he,1
way,foot,1
put,my,1
say,jail,1
tell,fit,1
come,school,1
time,drink,1
threaten,police,1
lock,closet,1
treat,such,1
cut,bald,1
expect,it,1
punch,shirt,1
be,priority,1
wheeze,,1
suggest,variety,1
not,home,1
talk,fit,1
not,piece,1
not,drunk,1
bite,sister,1
beat,inch,1
throw,screwdriver,1
see,knife,1
home,mom,1
move,addiction,1
bite,she,1
outside,yard,1
have,resentment,1
want,prison,1
piss,leg,1
beg,forgiveness,1
give,end,1
pass,yard,1
back,revenge,1
,perfect,1
find,love,1
remind,ex,1
not,god,1
take,eye,1
obey,i,1
trough,person,1
know,word,1
,dude,1
do,thank,1
control,it,1
get,black,1
trough,what,1
tell,logical,1
identify,feeling,1
not,responsive,1
abuse,one,1
endanger,himself,1
harass,girl,1
make,bitch,1
humiliate,day,1
pinch,cheek,1
rub,this,1
cut,year,1
endanger,other,1
sit,lap,1
climb,i,1
rub,sick,1
call,cute,1
get,lap,1
put,bro,1
think,relationship,1
bring,state,1
do,myself,1
beforehand,what,1
walk,bus,1
tell,torture,1
move,at,1
say,dangerous,1
be,intentione,1
write,affirmation,1
make,dish,1
save,pain,1
commit,crime,1
get,fruit,1
anymore,worth,1
intentione,,1
strangle,victim,1
again,leader,1
leave,bit,1
be,open,1
get,overwhelmed,1
get,prescription,1
keep,roommate,1
lot,true,1
keep,hurassment,1
demonize,those,1
live,fear,1
cancel,stream,1
show,school,1
good,,1
have,channel,1
release,twitch,1
end,job,1
release,reason,1
stream,twitch,1
still,afraid,1
grab,bag,1
grab,point,1
look,he,1
die,at,1
be,tv,1
stay,cop,1
pop,example,1
decide,what,1
retire,cop,1
be,respect,1
time,school,1
bring,dad,1
pop,news,1
be,contributor,1
respond,fuck,1
respect,,1
get,foot,1
start,i,1
fall,line,1
be,line,1
decide,talk,1
be,confused,1
pop,friend,1
fuck,you,1
away,place,1
put,name,1
die,attack,1
brag,school,1
fall,lot,1
time,creep,1
help,outburst,1
push,truck,1
pull,we,1
become,furious,1
swap,dad,1
come,uncle,1
throw,window,1
blast,music,1
push,bush,1
insist,truck,1
kill,past,1
see,dad,1
swap,spot,1
s,alcoholic,1
manage,,1
have,outside,1
walk,it,1
blow,someone,1
use,gay,1
beat,gay,1
punch,nose,1
enough,head,1
break,nose,1
blow,we,1
ago,he,1
know,behavior,1
too,anything,1
be,careful,1
away,behavior,1
yell,what,1
yell,place,1
meet,other,1
there,time,1
spend,father,1
find,girl,1
do,someone,1
do,good,1
find,issue,1
find,illness,1
do,boyfriend,1
need,medication,1
there,father,1
be,innocent,1
ever,i,1
ever,massage,1
talk,bad,1
drive,life,1
think,woman,1
act,it,1
grip,arm,1
treat,we,1
make,act,1
get,apartment,1
back,dog,1
bring,desk,1
ago,house,1
bring,some,1
get,brother,1
chaotically,,1
not,rn,1
like,trump,1
in,she,1
ghost,week,1
too,that,1
sweep,muzzle,1
go,ready,1
sweep,crowd,1
correspond,email,1
have,income,1
paint,person,1
have,career,1
have,mortage,1
be,breast,1
bump,shoulder,1
do,building,1
do,smirk,1
scream,insult,1
paint,i,1
be,hand,1
be,upsetting,1
tell,part,1
drop,history,1
say,morning,1
shoot,steroid,1
think,surgery,1
drop,hour,1
say,discussion,1
tell,cell,1
tell,upsetting,1
do,sense,1
hold,he,1
shoot,inflammatory,1
correspond,all,1
hold,ground,1
weaponize,issue,1
get,some,1
turn,baby,1
now,dad,1
take,custody,1
be,building,1
raise,child,1
now,threat,1
tell,needy,1
help,kid,1
realise,anything,1
mean,problem,1
seem,this,1
injure,saw,1
save,kid,1
diminish,,1
injure,himself,1
in,all,1
seem,fine,1
ghost,time,1
feel,crazy,1
abuse,ambien,1
need,ambien,1
correspond,evidence,1
save,he,1
suffer,issue,1
break,yesterday,1
be,sex,1
abuse,klonopin,1
injure,day,1
owe,he,1
have,combat,1
ago,vasectomy,1
need,klonopin,1
cuddle,i,1
again,stuff,1
describe,everything,1
matter,,1
compare,while,1
impregnate,will,1
limp,child,1
impregnate,ex,1
limp,expression,1
hear,it,1
be,alright,1
steal,playboy,1
tell,gay,1
decide,hike,1
walk,base,1
pull,mine,1
compare,side,1
live,edge,1
steal,year,1
steal,friend,1
tell,choice,1
live,mountain,1
tell,grade,1
give,self,1
watch,he,1
ask,tonight,1
make,fort,1
year,semester,1
pull,dick,1
regret,it,1
masturbate,it,1
move,town,1
year,school,1
put,kid,1
insert,finger,1
insert,anus,1
take,look,1
sarcastically,which,1
know,as,1
play,card,1
have,sort,1
now,power,1
say,birth,1
tell,fighter,1
return,nurse,1
ask,home,1
play,people,1
kill,revelation,1
read,front,1
,possessive,1
say,worker,1
return,pad,1
become,aggressive,1
bring,care,1
make,penis,1
,favorite,1
much,tooth,1
stop,dad,1
wait,bit,1
always,handsome,1
slide,sweatpant,1
always,cool,1
little,head,1
suck,it,1
play,aqua,1
stop,mom,1
say,talk,1
disappoint,i,1
stop,anyone,1
always,stoic,1
,model,1
suck,i,1
take,bathroom,1
heavily,alcohol,1
mean,harm,1
be,himself,1
tumble,balcony,1
behave,himself,1
tumble,body,1
kill,kid,1
ask,person,1
ask,kiss,1
ruin,event,1
cuddle,he,1
take,love,1
throw,that,1
lure,i,1
help,bill,1
use,sir,1
day,weed,1
care,different,1
here,money,1
borrow,i,1
pay,they,1
stand,stall,1
spend,it,1
use,minimum,1
tell,waste,1
shove,mouth,1
shove,throat,1
be,disappoint,1
time,restaurant,1
spend,weed,1
have,uber,1
care,other,1
touch,he,1
here,parent,1
should,,1
discuss,person,1
stress,inconvenience,1
say,deduction,1
schedule,account,1
schedule,hour,1
suggest,opportunity,1
allow,grade,1
conclude,,1
lure,room,1
back,surprise,1
talk,talk,1
have,surgery,1
bring,point,1
fee,promise,1
treat,garbage,1
disguard,i,1
shove,tongue,1
say,situation,1
blame,all,1
destroy,everything,1
threaten,retaliation,1
break,soul,1
ask,therapy,1
accuse,he,1
around,everything,1
claim,deterrent,1
urge,part,1
acknowledge,part,1
around,thing,1
die,direction,1
become,obsessed,1
die,service,1
acknowledge,this,1
do,blaming,1
traumatize,he,1
not,real,1
think,enough,1
again,proud,1
now,loser,1
bless,heart,1
less,,1
know,attached,1
message,hour,1
know,understanding,1
tell,proud,1
not,enough,1
headbange,,1
know,complex,1
realize,age,1
realize,old,1
live,day,1
definitely,old,1
have,much,1
be,senior,1
admit,cousin,1
forget,what,1
do,age,1
be,navy,1
profusely,i,1
hold,kindergarten,1
handle,health,1
molest,cousin,1
answer,text,1
keep,everything,1
say,damage,1
say,health,1
profusely,everything,1
back,way,1
fast,most,1
die,i,1
break,promise,1
switch,gear,1
again,face,1
admit,we,1
learn,health,1
time,something,1
quickly,staple,1
time,emotional,1
help,comfortable,1
pinch,inside,1
quickly,life,1
grab,she,1
play,emotion,1
minute,city,1
always,,1
cancel,plan,1
again,week,1
,wonderful,1
have,rehearsal,1
hit,thing,1
hit,child,1
sleep,sofa,1
want,shit,1
love,person,1
have,sadness,1
shout,thing,1
be,pressure,1
shout,child,1
admit,what,1
get,service,1
preserve,health,1
have,energy,1
be,responsibility,1
be,verge,1
much,sofa,1
give,card,1
hurt,death,1
wear,it,1
far,it,1
glimmeringly,son,1
wear,time,1
keep,abuse,1
keep,all,1
show,drunk,1
abuse,abusive,1
tell,willing,1
turn,villain,1
die,real,1
kill,knife,1
happen,,1
have,flyer,1
home,night,1
have,mask,1
have,mailbox,1
listen,bit,1
reassure,bit,1
move,level,1
cover,shift,1
dehumanize,i,1
yet,,1
time,driveway,1
monitor,slut,1
acquire,they,1
run,dorm,1
turn,dorm,1
monitor,clothe,1
agree,referral,1
disallow,,1
now,company,1
want,great,1
waste,gas,1
talk,back,1
have,internship,1
ask,anyone,1
acquire,follower,1
be,great,1
talk,crap,1
threaten,college,1
apologize,eavesdropping,1
turn,town,1
be,up,1
dump,,1
proposition,some,1
put,abuse,1
cheat,girl,1
have,gpa,1
ask,opinion,1
overhear,bit,1
make,lease,1
be,fight,1
keep,tab,1
ago,what,1
track,college,1
terrorize,i,1
diminish,hard,1
along,right,1
have,breakfast,1
have,follower,1
start,year,1
turn,parent,1
want,pleasure,1
proposition,woman,1
think,slt,1
run,board,1
complete,homework,1
say,contact,1
already,something,1
already,time,1
apparently,someone,1
yell,teacher,1
fill,paperwork,1
yell,math,1
seem,irritated,1
agree,important,1
think,important,1
hold,top,1
ignore,,1
breath,breath,1
have,what,1
sideways,addict,1
take,alert,1
snort,one,1
back,high,1
s,,1
breath,movement,1
be,prideful,1
sideways,bed,1
use,bathroom,1
sideways,room,1
sideways,heart,1
depress,,1
revive,narcan,1
hold,himself,1
forget,it,1
not,considerate,1
now,old,1
be,preteen,1
wrong,it,1
deal,own,1
anymore,house,1
now,csa,1
disclose,information,1
time,visit,1
think,weird,1
time,chest,1
say,homeless,1
seem,innocent,1
get,boner,1
assume,he,1
star,butt,1
seem,friendly,1
get,meeting,1
seem,fact,1
there,hour,1
say,accident,1
call,accident,1
be,history,1
amplify,rage,1
soon,artistic,1
lot,floor,1
let,artistic,1
take,cut,1
take,october,1
tell,floor,1
soon,charming,1
harm,people,1
show,who,1
let,charming,1
amplify,behavior,1
tell,drug,1
walk,neck,1
take,three,1
mentally,it,1
consent,,1
ask,rape,1
choose,willing,1
say,yesterday,1
agree,it,1
evict,tenant,1
sort,tenant,1
choose,she,1
put,mouth,1
take,top,1
be,priest,1
take,acolyte,1
remember,night,1
violate,point,1
open,investigation,1
not,hard,1
be,bos,1
violate,autonomy,1
cross,we,1
keep,drive,1
be,mistake,1
get,death,1
get,lose,1
manipulate,,1
wake,slap,1
morning,suicide,1
be,cunt,1
attack,morning,1
talk,suicide,1
see,life,1
say,nut,1
not,bad,1
do,heroin,1
,good,1
understand,okay,1
s,psycho,1
ignore,it,1
say,kiss,1
comment,loss,1
come,office,1
kiss,mouth,1
kiss,bc,1
anywhere,moment,1
get,thanksgiving,1
get,midst,1
anywhere,alone,1
again,she,1
plead,,1
follow,promise,1
come,corner,1
knock,door,1
aside,it,1
kiss,sister,1
well,everything,1
well,role,1
follow,own,1
follow,appointment,1
enough,he,1
do,himself,1
admit,someone,1
hang,we,1
resolve,shit,1
follow,himself,1
do,own,1
lie,relationship,1
join,family,1
be,course,1
lie,that,1
spend,thing,1
realise,he,1
never,alone,1
much,honesty,1
up,much,1
take,knife,1
hop,prison,1
do,another,1
worship,dad,1
cheat,he,1
forget,dream,1
rap,end,1
cheat,time,1
much,cause,1
keep,gun,1
rot,prison,1
father,one,1
keep,time,1
go,seeing,1
spout,,1
yell,way,1
mentally,you,1
go,counter,1
not,special,1
relax,he,1
strangle,you,1
spout,wait,1
spout,obscenity,1
yell,more,1
swerve,you,1
see,highway,1
swerve,accident,1
watch,highway,1
avoid,something,1
lie,officer,1
jerk,it,1
back,door,1
pull,pair,1
wear,chonie,1
think,favor,1
say,towel,1
jerk,they,1
do,favor,1
move,clothe,1
move,dryer,1
ask,nde,1
fly,california,1
push,sx,1
bring,time,1
say,second,1
meet,demand,1
be,demand,1
think,pain,1
move,lure,1
first,sister,1
tempt,i,1
be,lazy,1
tell,heap,1
hold,rest,1
start,chore,1
put,we,1
add,chore,1
insist,most,1
back,angry,1
vanish,hour,1
instigate,fight,1
vanish,day,1
come,mine,1
use,bottom,1
tell,sweet,1
abuse,sibling,1
first,sweet,1
scream,angry,1
yell,angry,1
bad,way,1
miss,one,1
describe,,1
re,he,1
use,pawn,1
not,lie,1
make,name,1
marry,he,1
think,son,1
re,grandmother,1
seek,therapy,1
somewhere,knowledge,1
seek,i,1
delete,message,1
cheat,friend,1
twice,house,1
assault,sleep,1
drug,sure,1
notice,it,1
be,flirty,1
everyday,everyday,1
everyday,this,1
sadly,nude,1
otherwise,i,1
sadly,i,1
scream,plenty,1
be,compliant,1
prove,point,1
exhibit,aggression,1
pee,student,1
kick,cart,1
choke,kick,1
stab,pencil,1
stab,punch,1
do,behavior,1
throw,elope,1
escalate,,1
stab,staff,1
choke,peer,1
throw,visual,1
make,sanitizer,1
be,pissed,1
think,mom,1
go,restroom,1
yell,stupid,1
pin,ground,1
say,atrophy,1
come,home,1
finish,school,1
here,year,1
now,his,1
judge,mother,1
wrestle,it,1
see,light,1
judge,profession,1
speak,much,1
get,old,1
already,,1
think,baggage,1
understand,who,1
ahead,sex,1
touch,sleep,1
ahead,i,1
expect,client,1
far,someone,1
expect,field,1
thank,honesty,1
see,pain,1
decide,day,1
say,gunshot,1
help,myself,1
have,couple,1
realize,he,1
affect,it,1
still,affect,1
propose,day,1
do,compression,1
hear,gunshot,1
help,fence,1
see,fucked,1
then,as,1
go,kitchen,1
then,chance,1
know,antidepressant,1
then,it,1
again,cold,1
express,mood,1
tell,news,1
be,responsive,1
display,beginning,1
himself,this,1
be,introspective,1
open,interest,1
open,issue,1
immediately,news,1
express,himself,1
flake,plan,1
be,soft,1
open,value,1
catch,time,1
tense,time,1
catch,himself,1
send,letter,1
lay,she,1
serve,month,1
manipulate,she,1
get,address,1
find,god,1
not,pregnant,1
find,prison,1
late,night,1
get,advantage,1
be,loving,1
stop,part,1
have,skull,1
prove,kind,1
not,while,1
cross,result,1
think,gay,1
convince,sort,1
rap,year,1
moon,i,1
slap,butt,1
come,bedroom,1
put,pant,1
be,supporter,1
cross,eye,1
tell,bed,1
push,bed,1
unwittingly,memory,1
day,himself,1
mention,stint,1
grow,tired,1
share,trip,1
smother,she,1
share,some,1
push,mother,1
day,facility,1
believe,it,1
do,stint,1
put,pillow,1
have,home,1
always,asleep,1
,concerned,1
make,eye,1
answer,minute,1
agree,car,1
find,car,1
mind,car,1
go,show,1
answer,phone,1
deal,shit,1
come,you,1
once,quaalude,1
totoally,okay,1
be,heavy,1
be,four,1
totoally,it,1
hear,old,1
fulfil,stereotype,1
show,doberman,1
light,blue,1
wear,flame,1
get,freaky,1
get,big,1
show,dane,1
get,mean,1
be,hot,1
know,happy,1
think,loser,1
force,opinion,1
perfect,one,1
believe,lot,1
now,this,1
be,badass,1
force,somebody,1
believe,badass,1
be,unpredictable,1
expect,nothing,1
talk,answer,1
realize,lot,1
buy,everything,1
get,himself,1
sound,monster,1
hill,himself,1
then,stable,1
approach,,1
leave,city,1
ignore,request,1
see,rehab,1
take,second,1
leave,that,1
again,month,1
respond,you,1
ditch,idea,1
calmly,it,1
sound,anything,1
say,well,1
become,guy,1
become,abuser,1
lot,episode,1
tell,abuse,1
yell,bad,1
storm,room,1
sense,upset,1
recently,well,1
agree,he,1
consistently,verge,1
spiral,,1
curl,lap,1
apologize,lap,1
be,erratic,1
be,action,1
hard,episode,1
begin,therapy,1
thank,goodness,1
cry,lap,1
,point,1
point,mistake,1
want,hug,1
shout,book,1
convince,wrong,1
make,wrong,1
week,counseling,1
minute,graduate,1
make,closed,1
again,hospital,1
occasionally,school,1
put,time,1
turn,lifestyle,1
day,point,1
matter,anything,1
study,test,1
leave,himself,1
often,brother,1
prior,year,1
resist,himself,1
have,form,1
go,bed,1
consistently,medicine,1
night,awake,1
day,school,1
already,slim,1
struggle,while,1
put,lb,1
already,bad,1
day,bed,1
call,doctor,1
keep,school,1
kill,brother,1
open,computer,1
take,medicine,1
oversleep,,1
mention,depressed,1
graduate,,1
minute,grade,1
make,spot,1
keep,,1
ride,bus,1
take,med,1
x,spot,1
avoid,setting,1
back,cycle,1
go,hour,1
leave,place,1
consistently,point,1
shower,,1
technically,adult,1
get,a,1
shower,ton,1
fix,this,1
think,action,1
day,one,1
aside,school,1
play,computer,1
say,control,1
eat,group,1
see,medication,1
financially,,1
ask,himself,1
go,plane,1
seem,alive,1
now,father,1
eat,schedule,1
be,impatient,1
switch,lot,1
make,future,1
often,himself,1
go,trip,1
x,thing,1
have,group,1
feel,funny,1
wake,time,1
study,a,1
blow,himself,1
fail,few,1
hold,conversation,1
aside,bedroom,1
get,license,1
have,schedule,1
fe,i,1
use,condom,1
do,life,1
be,body,1
worry,day,1
well,alcoholism,1
switch,medication,1
too,tendency,1
start,college,1
avoid,responsibility,1
struggle,issue,1
anymore,anyone,1
often,scared,1
there,week,1
miss,class,1
say,friendship,1
have,tremor,1
play,night,1
play,boyfriend,1
lose,ton,1
decide,funny,1
do,homework,1
prior,that,1
easily,mad,1
around,november,1
be,control,1
tell,well,1
start,august,1
shake,,1
need,counseling,1
well,overwhelming,1
squeeze,,1
be,goodness,1
squeeze,lump,1
give,break,1
get,all,1
spray,i,1
say,numb,1
slice,open,1
point,dentist,1
say,because,1
slice,i,1
nice,comfortable,1
point,minute,1
think,amount,1
spray,spray,1
inject,lidocaine,1
wait,amount,1
stab,lidocane,1
bribe,she,1
take,sister,1
take,place,1
slip,something,1
slip,drink,1
be,possession,1
be,today,1
talk,business,1
love,band,1
like,you,1
use,safety,1
back,end,1
go,end,1
preppe,fire,1
unload,it,1
back,thingy,1
load,it,1
have,illness,1
get,part,1
freak,nonsense,1
send,today,1
strangle,wife,1
pe,she,1
strangle,day,1
jokingly,,1
be,comment,1
drive,himself,1
now,daughter,1
now,wife,1
allow,safety,1
punch,husband,1
really,machine,1
push,activity,1
become,bad,1
back,thing,1
push,class,1
hide,that,1
help,relationship,1
suddenly,person,1
still,nice,1
be,single,1
help,closure,1
be,dysphoric,1
use,esteem,1
fake,feeling,1
carry,,1
day,surprise,1
wear,clothing,1
carry,soul,1
push,session,1
carry,malice,1
be,wound,1
be,reminder,1
know,electricity,1
offer,type,1
pay,own,1
pay,street,1
punish,we,1
be,psychosis,1
leave,opinion,1
time,opinion,1
hold,time,1
give,minute,1
have,discussion,1
light,fire,1
limit,conversation,1
take,stability,1
light,hair,1
assign,people,1
make,beginning,1
take,goal,1
take,security,1
form,u,1
wait,break,1
back,event,1
assign,week,1
be,beginning,1
help,treatment,1
hit,girl,1
give,lecture,1
give,adress,1
reply,k,1
assign,desk,1
on,letter,1
get,k,1
spell,it,1
also,abuser,1
kick,friend,1
also,addicted,1
beat,girlfriend,1
back,hand,1
do,hand,1
skate,,1
,trigger,1
flash,i,1
home,kiddo,1
say,cove,1
send,rp,1
say,club,1
promise,nothing,1
night,club,1
s,terrible,1
masturbate,roleplay,1
play,club,1
s,abusive,1
masturbate,nude,1
say,boob,1
night,friend,1
call,spic,1
choke,throat,1
fire,job,1
work,impact,1
seem,remorseful,1
work,we,1
come,contact,1
work,woman,1
fuck,piece,1
fuck,life,1
pay,reparation,1
well,fantastic,1
lie,information,1
withhold,information,1
constantly,time,1
honestly,guy,1
molest,,1
say,car,1
float,river,1
not,car,1
too,lot,1
say,asleep,1
hour,river,1
take,august,1
live,place,1
have,algae,1
say,reindeer,1
have,deathcramp,1
take,norway,1
need,reindeer,1
outside,ditch,1
take,scenery,1
explain,time,1
time,sense,1
much,it,1
explain,sense,1
cross,it,1
say,landing,1
put,hell,1
print,,1
return,store,1
seem,creepy,1
lot,it,1
now,noise,1
now,grunt,1
seem,start,1
find,everything,1
select,photo,1
not,talker,1
know,stretch,1
make,h,1
want,boy,1
help,obstacle,1
seemingly,sweet,1
want,it,1
get,behavior,1
brush,topic,1
seemingly,i,1
help,well,1
tell,toxic,1
now,place,1
grope,,1
play,victim,1
make,interested,1
help,pain,1
also,old,1
become,control,1
do,x,1
claim,boy,1
respect,fact,1
abuse,,1
have,fill,1
respect,camp,1
want,makeup,1
be,driver,1
have,purse,1
be,black,1
be,heartbroken,1
heartbroken,,1
jump,stuff,1
much,feeling,1
everytime,day,1
everytime,everytime,1
kill,stepdad,1
have,activity,1
everytime,weed,1
find,reason,1
jump,roof,1
know,abuse,1
argue,lot,1
devoice,mom,1
respect,people,1
not,supportive,1
open,more,1
say,hard,1
claim,plenty,1
argue,i,1
use,pill,1
give,at,1
often,which,1
rub,neck,1
touch,something,1
hold,lip,1
rub,back,1
upstairs,while,1
need,himself,1
too,place,1
make,etymology,1
ruin,part,1
hold,skin,1
day,bad,1
rub,area,1
kneel,i,1
kiss,back,1
watch,shoulder,1
well,neck,1
like,go,1
ask,end,1
beleive,terrible,1
joke,thing,1
mention,this,1
mention,that,1
think,this,1
say,home,1
do,research,1
think,power,1
once,hospital,1
help,video,1
take,video,1
be,video,1
see,much,1
want,animal,1
put,critter,1
louder,name,1
think,sad,1
decide,time,1
know,support,1
read,people,1
think,assault,1
wake,episode,1
soon,that,1
help,episode,1
acknowledge,,1
let,end,1
wrap,conversation,1
want,home,1
appreciate,he,1
say,plan,1
be,plan,1
ruin,some,1
be,supervisor,1
say,animal,1
say,power,1
put,lap,1
comfort,time,1
say,regret,1
be,seizure,1
comfort,she,1
say,scary,1
fight,family,1
understand,need,1
overstep,,1
learn,i,1
document,century,1
document,language,1
also,abuse,1
know,bit,1
relaspe,,1
still,that,1
be,struggle,1
live,home,1
recover,life,1
still,we,1
live,family,1
be,clean,1
least,ounce,1
see,altercation,1
shoot,boyfriend,1
create,language,1
again,boyfriend,1
make,scene,1
hard,close,1
go,kiss,1
be,apologetic,1
state,couch,1
state,room,1
love,mother,1
go,counselor,1
keep,dorm,1
molest,year,1
be,roof,1
ask,color,1
state,gentle,1
drop,way,1
be,couch,1
buy,alcohol,1
peep,window,1
buy,dad,1
peep,i,1
impregnate,type,1
touch,bag,1
go,month,1
state,roof,1
become,manipulative,1
comfort,they,1
become,month,1
pe,i,1
break,front,1
provoke,example,1
make,mom,1
break,school,1
become,smoker,1
apply,neck,1
have,star,1
be,complication,1
say,surgery,1
tell,chain,1
diagnose,issue,1
tell,malinger,1
say,impossible,1
tell,manager,1
tell,shift,1
seem,surprised,1
get,something,1
send,in,1
again,himself,1
send,drunk,1
send,we,1
send,day,1
find,twitter,1
message,page,1
find,contact,1
again,twitter,1
whip,it,1
be,intimidating,1
tell,small,1
lay,you,1
makeup,mistake,1
say,complaint,1
deliver,night,1
put,food,1
put,table,1
say,bag,1
work,sale,1
deliver,pizza,1
not,present,1
here,visa,1
be,doa,1
rap,girl,1
time,rape,1
give,molly,1
use,example,1
laugh,bit,1
disturb,rape,1
manipulate,body,1
touch,as,1
offer,five,1
rap,relationship,1
call,sexy,1
not,citizen,1
keep,job,1
defend,celebrity,1
keep,deal,1
lose,citizenship,1
fire,this,1
here,something,1
use,girlfriend,1
put,molly,1
say,shirt,1
manipulate,hug,1
ask,date,1
also,married,1
say,body,1
be,cat,1
be,woman,1
be,marry,1
touch,coworker,1
post,medium,1
lie,woman,1
allow,heatwave,1
abuse,other,1
have,consequence,1
say,chase,1
tell,child,1
think,hilarious,1
pursue,she,1
be,charming,1
allow,fine,1
over,date,1
act,thing,1
say,mom,1
have,dream,1
get,diagnosis,1
threaten,crazy,1
be,computer,1
threaten,him,1
explain,what,1
be,early,1
make,exorcism,1
tho,dildo,1
dismiss,big,1
hold,night,1
call,psycho,1
be,shelter,1
instite,meltdown,1
dismiss,bc,1
dismiss,gross,1
tho,i,1
call,master,1
make,weight,1
show,judge,1
have,knowledge,1
think,crazy,1
loud,something,1
not,morning,1
send,script,1
nonstop,,1
ago,episode,1
get,paycheck,1
prior,,1
buy,thing,1
be,cheerful,1
drive,he,1
feel,tug,1
swerve,lane,1
drive,second,1
night,cute,1
seem,mannerism,1
think,guy,1
be,bold,1
be,solid,1
maintain,company,1
once,towel,1
list,few,1
pick,shift,1
pause,search,1
believe,truth,1
speak,workplace,1
feel,smart,1
maintain,employment,1
give,therapy,1
be,discrepancy,1
manipulate,you,1
speak,all,1
confront,he,1
pause,help,1
set,place,1
keep,image,1
lose,position,1
set,something,1
leave,voicemail,1
convince,smart,1
be,secretive,1
convince,head,1
cover,track,1
assure,his,1
overnight,security,1
overnight,school,1
come,something,1
convince,friend,1
maintain,location,1
back,head,1
yell,partner,1
yell,minute,1
yell,stair,1
be,important,1
apologize,hug,1
yell,afternoon,1
ask,worker,1
outside,question,1
ask,mom,1
solve,problem,1
say,job,1
outside,semester,1
bc,the,1
ask,program,1
outside,stake,1
have,look,1
hug,goodbye,1
bleach,skin,1
visit,she,1
call,jail,1
listen,warning,1
call,brain,1
burst,door,1
make,anyone,1
shoot,guy,1
let,friend,1
shoot,friend,1
change,clothe,1
turn,himself,1
buy,weed,1
turn,that,1
manipulate,hour,1
tell,life,1
tell,career,1
repeatedly,,1
serve,sentence,1
be,director,1
meet,ex,1
destroy,career,1
go,court,1
violently,whom,1
use,form,1
pick,house,1
abroad,,1
say,mind,1
find,one,1
decide,swing,1
grab,bike,1
help,attack,1
see,message,1
read,she,1
meet,mcdonald,1
first,she,1
decide,she,1
stop,she,1
simp,,1
be,dick,1
read,message,1
keep,circle,1
much,she,1
share,side,1
help,blackout,1
go,stuff,1
want,girlfriend,1
have,diagnosis,1
do,state,1
cut,she,1
be,elderly,1
down,she,1
use,walker,1
interrupt,voice,1
,lovely,1
be,pool,1
send,excited,1
sleep,cot,1
annoy,,1
seem,understanding,1
act,normal,1
get,annoy,1
get,fed,1
unclip,ski,1
use,any,1
be,impotent,1
on,loan,1
be,irritable,1
promise,care,1
live,father,1
trick,figure,1
treat,wife,1
irritate,i,1
trip,bill,1
trip,i,1
believe,father,1
treat,maid,1
trip,guilt,1
watch,couch,1
trick,mom,1
play,floor,1
trip,that,1
grow,that,1
pin,time,1
call,dumb,1
use,education,1
play,fighting,1
pay,support,1
promise,she,1
cause,distress,1
promise,mother,1
really,vegan,1
really,thing,1
respect,need,1
have,advice,1
say,intolerant,1
say,nanaana,1
want,hair,1
be,nanaana,1
say,meditation,1
be,meditation,1
be,soul,1
live,past,1
really,nanaana,1
really,meditation,1
say,manifestation,1
be,manifestation,1
repeat,hair,1
say,more,1
really,he,1
say,vegan,1
use,leg,1
be,vegan,1
repeat,week,1
really,manifestation,1
have,tho,1
deal,trauma,1
support,journey,1
say,journey,1
tell,turn,1
have,libido,1
mention,sex,1
recover,,1
really,bad,1
accept,that,1
relate,,1
really,what,1
be,frustrate,1
get,disappointed,1
frustrate,,1
call,trauma,1
induce,attack,1
make,attack,1
say,form,1
change,himself,1
tell,struggle,1
not,individual,1
sham,i,1
shift,i,1
be,persistent,1
think,ready,1
push,comfortable,1
say,woman,1
tell,predator,1
surrender,,1
stick,boundary,1
hear,trauma,1
tell,allergic,1
say,soul,1
say,work,1
tell,ready,1
shift,blame,1
know,good,1
fill,information,1
tell,energy,1
fill,time,1
change,woman,1
push,therapist,1
say,willing,1
push,they,1
ask,detail,1
figure,intention,1
be,logical,1
act,good,1
set,boundary,1
still,touch,1
die,gash,1
up,day,1
attack,cop,1
back,fuck,1
get,silent,1
be,convincing,1
much,sen,1
hard,we,1
look,face,1
stand,wall,1
around,bag,1
hold,cutter,1
have,attention,1
come,bathroom,1
choke,he,1
believe,himself,1
pack,,1
wait,day,1
live,mom,1
live,his,1
try,sleep,1
extend,,1
miss,artery,1
make,sense,1
jump,we,1
stay,fuck,1
cuff,he,1
be,text,1
be,sound,1
have,pocket,1
smoke,meth,1
lay,bed,1
go,gun,1
snap,girlfriend,1
happily,,1
overtake,i,1
tell,meth,1
listen,we,1
burst,might,1
agree,we,1
talk,we,1
read,i,1
though,what,1
burst,body,1
freeze,,1
snap,second,1
prescribe,fluoxetine,1
prescribe,gabepentin,1
prescribe,latuda,1
support,all,1
use,thing,1
ruin,two,1
give,feeling,1
still,victim,1
buy,food,1
work,business,1
see,course,1
come,tonight,1
pay,anything,1
give,grocery,1
pursue,dream,1
spit,i,1
now,utility,1
get,marry,1
say,beggar,1
pay,utility,1
night,dish,1
support,effort,1
use,studio,1
ask,laundry,1
have,business,1
ask,stress,1
night,utility,1
think,two,1
pay,,1
much,regard,1
now,rent,1
support,time,1
much,that,1
make,smoothy,1
sleep,bed,1
have,fact,1
say,bait,1
pay,grocery,1
use,pot,1
build,business,1
ask,everything,1
night,rent,1
be,painter,1
be,grocery,1
move,car,1
said-,,1
gaslit,i,1
distance,friends-,1
make,she,1
talk,guy,1
gather,control,1
gradually,possessive,1
gather,course,1
tell,unstable,1
drag,homework,1
assault,week,1
live,dorm,1
go,gym,1
be,unconnected,1
gather,life,1
way,crazy,1
trap,that,1
check,text,1
always,capable,1
gradually,that,1
be,stronger-,1
assume,night,1
check,mother,1
distance,myself,1
do,that-,1
drag,something,1
anyway,they,1
call,parent,1
announce,apartment,1
trap,i,1
have,capacity,1
make,everyday,1
live,hall,1
be,terrible,1
take,phone,1
make,hindsight,1
make,oblivious,1
break,news,1
talk,dumb,1
give,crap,1
leave,below,1
stop,contact,1
clean,i,1
sweep,,1
take,the,1
jerk,call,1
take,garbage,1
come,life,1
see,blanket,1
not,aware,1
enter,life,1
cover,screen,1
notice,blanket,1
be,remorseful,1
drop,dead,1
rule,,1
drive,jeep,1
call,faggot,1
away,indoor,1
be,neighbor,1
deserve,compassion,1
feel,nothing,1
change,he,1
work,dad,1
hardly,that,1
hardly,they,1
leer,leg,1
away,garbage,1
time,rp,1
kick,march,1
help,person,1
hold,most,1
home,week,1
live,safe,1
have,uni,1
help,call,1
hit,side,1
speed,it,1
have,damage,1
enough,street,1
run,red,1
not,irate,1
run,it,1
make,light,1
admit,appointment,1
have,headlight,1
there,min,1
speed,red,1
break,door,1
drag,bedroom,1
break,angry,1
borrow,year,1
show,year,1
still,mother,1
break,bath,1
drag,head,1
break,knob,1
hold,controller,1
show,gathering,1
wacke,wire,1
drag,she,1
show,such,1
borrow,your-,1
wacke,she,1
show,one,1
terrify,girl,1
think,boot,1
stop,fault,1
choke,boy,1
begin,,1
calm,fault,1
drive,girlfriend,1
abuse,we,1
lot,he,1
hat,that,1
choke,she,1
choke,boot,1
well,guy,1
say,heart,1
be,dream,1
talk,class,1
try,that,1
make,bet,1
follow,protocol,1
blame,she,1
focus,body,1
have,stomach,1
call,fog,1
see,combat,1
be,camp,1
cut,time,1
say,stomach,1
trust,doctor,1
not,right,1
blame,family,1
blame,situation,1
be,stubborn,1
have,contact,1
be,intact,1
admit,anything,1
harm,family,1
be,structure,1
burn,possession,1
tell,divorce,1
smash,possession,1
touch,leg,1
touch,hair,1
be,actualy,1
drop,practice,1
ask,school,1
ask,yesterday,1
feel,anything,1
ask,boy,1
touch,neck,1
ask,bf,1
blame,bf,1
say,course,1
make,shit,1
say,aunt,1
call,aunt,1
turn,fight,1
say,monster,1
say,dollar,1
reach,something,1
inappropriately,she,1
pin,chair,1
manipulate,start,1
together,month,1
dump,month,1
think,funny,1
dump,text,1
use,kid,1
tell,exaggerate,1
fuck,cunt,1
hit,arm,1
tell,sick,1
top,himself,1
talk,house,1
talk,attention,1
quick,i,1
split,everything,1
make,clothe,1
make,baseboard,1
make,meal,1
make,public,1
make,everything,1
make,permission,1
make,more,1
make,lock,1
make,backpack,1
make,expense,1
use,tone,1
make,love,1
make,homework,1
lean,he,1
make,backseat,1
help,thought,1
make,life,1
make,closet,1
pee,i,1
make,video,1
make,family,1
make,worthless,1
make,laundry,1
read,book,1
make,wound,1
,understanding,1
good,care,1
say,irrational,1
add,pressure,1
experience,everyone,1
cycle,front,1
cycle,i,1
slow,turn,1
choose,turn,1
tell,trauma,1
bring,thing,1
know,irrational,1
sadly,access,1
offer,water,1
lead,part,1
hold,open,1
patiently,door,1
act,gentleman,1
invite,movie,1
be,minute,1
turn,light,1
anyway,saying,1
go,light,1
think,lexapro,1
stay,top,1
take,belt,1
shove,pillow,1
finger,i,1
again,futon,1
shove,face,1
say,crazy,1
long,which,1
stay,while,1
pry,open,1
bring,sex,1
pry,they,1
buy,drink,1
hard,side,1
be,blood,1
grab,that,1
say,tip,1
close,it,1
prescribe,wellbutrin,1
take,hit,1
close,hand,1
bite,bottom,1
blow,way,1
texte,all,1
hang,he,1
flip,point,1
grab,breast,1
tightly,i,1
think,injection,1
put,guy,1
give,sex,1
tell,perfect,1
post,help,1
change,i,1
post,reddit,1
take,bedroom,1
allow,dress,1
leave,mark,1
blow,hair,1
flirt,all,1
grab,bruise,1
close,member,1
pull,he,1
blow,smoke,1
undress,rest,1
hang,day,1
pull,underwear,1
tell,beautiful,1
there,you,1
look,surprised,1
say,question,1
there,question,1
give,kind,1
invite,dinner,1
stay,day,1
want,police,1
stand,front,1
get,huffy,1
huddle,i,1
huddle,protection,1
come,front,1
be,lie,1
time,one,1
renounce,past,1
tell,month,1
word,,1
here,forceful,1
tell,intimate,1
retire,,1
have,interest,1
say,phobia,1
prescribe,tranquilizer,1
call,phobia,1
heavily,fear,1
renounce,they,1
focus,anything,1
tell,lie,1
say,date,1
deeply,why,1
tell,genetic,1
prescribe,ssri,1
tell,tranquilizer,1
tell,fear,1
talk,sleep,1
put,defense,1
texte,on,1
be,stress,1
today,stress,1
now,clean,1
scream,defense,1
stress,nightmare,1
scar,shit,1
today,he,1
use,sleep,1
truly,man,1
scream,hand,1
defensively,hand,1
take,everything,1
again,meth,1
stress,bit,1
be,parent,1
be,less,1
seem,asshole,1
start,age,1
appreciate,it,1
see,healthy,1
see,grateful,1
night,year,1
month,october,1
separately,i,1
smash,dream,1
smash,spot,1
abuse,sound,1
be,unit,1
be,mechanic,1
think,labor,1
be,patience,1
time,comment,1
call,voice,1
call,h,1
get,back,1
guilte,i,1
want,year,1
inpatient,,1
realize,damage,1
kill,self,1
cause,damage,1
move,position,1
continue,year,1
please,,1
guilte,time,1
cut,front,1
smear,blood,1
smear,style,1
already,sore,1
cut,day,1
gasp,,1
have,himself,1
have,father,1
do,day,1
hurt,we,1
have,autism,1
be,listener,1
do,any,1
long,her,1
monitor,i,1
monitor,symptom,1
meet,people,1
be,risk,1
get,record,1
commit,i,1
write,,1
commit,facility,1
know,lie,1
suggest,coaching,1
get,hawaii,1
tell,someone,1
express,judgement,1
remind,okay,1
be,tunnel,1
express,myself,1
get,tan,1
prefer,action,1
feel,disgrace,1
sort,thing,1
speak,daughter,1
make,what,1
prefer,word,1
prefer,i,1
prefer,cousin,1
stare,people,1
grin,i,1
follow,we,1
rape,thing,1
always,month,1
disturb,i,1
be,fair,1
call,evening,1
say,coin,1
later,coin,1
forward,man,1
be,insane,1
look,weird,1
say,pretty,1
home,evening,1
have,man,1
instead,they,1
look,start,1
later,drink,1
sit,side,1
sit,end,1
home,room,1
look,same,1
read,what,1
read,case,1
be,addicted,1
give,tool,1
understand,thing,1
know,story,1
give,person,1
understand,difficult,1
help,flashback,1
be,flashback,1
help,good,1
help,trigger,1
be,trigger,1
put,head,1
hold,she,1
die,al,1
be,hospice,1
suffer,al,1
seem,sorry,1
be,lovely,1
set,brother,1
touch,front,1
say,evening,1
influence,choice,1
touch,time,1
remove,towel,1
feel,alone,1
now,dead,1
hit,floor,1
touch,middle,1
ask,middle,1
ask,butt,1
listen,it,1
ask,breast,1
home,himself,1
lead,age,1
too,you,1
sigh,lot,1
say,unfair,1
get,anything,1
take,account,1
drink,time,1
see,anyone,1
,bastard,1
always,someone,1
,toxic,1
have,cirrhosis,1
time,they,1
always,excuse,1
live,middle,1
,manipulator,1
have,bar,1
have,window,1
take,neighbor,1
make,health,1
suggest,,1
sturbate,,1
feel,bit,1
want,that,1
want,some,1
manipulate,responsibility,1
continue,bit,1
wear,hoodie,1
be,horny,1
be,beam,1
have,pet,1
idolise,she,1
apart,i,1
join,commando,1
move,cottage,1
scoff,that,1
keep,fun,1
keep,christian,1
give,you,1
hand,thing,1
pull,fine,1
give,warning,1
stand,door,1
hand,ticket,1
walk,vehicle,1
ignore,greeting,1
pull,you,1
involve,cult,1
involve,visit,1
involve,i,1
look,baffled,1
day,it,1
have,scared,1
break,week,1
need,space,1
speak,week,1
speak,flashback,1
head,lot,1
away,upfront,1
know,age,1
catfishe,which,1
away,situation,1
catfishe,he,1
like,church,1
punish,reason,1
punish,another,1
be,righteousness,1
torture,everyone,1
maintain,violence,1
maintain,fear,1
punch,daughter,1
feel,guy,1
terrorize,everyone,1
fear,who,1
need,forgiveness,1
feel,mad,1
have,empathy,1
maintain,control,1
become,dead,1
care,we,1
bust,open,1
become,moment,1
after,unconscious,1
care,anyone,1
be,shitless,1
be,terror,1
go,break,1
injure,stuff,1
injure,people,1
try,something,1
pay,time,1
stand,archway,1
pay,himself,1
,harmless,1
indefinitely,this,1
be,bedroom,1
well,polite,1
,polite,1
hop,day,1
tell,intention,1
not,roommate,1
just,dude,1
make,advance,1
feel,unwelcome,1
move,basement,1
close,couch,1
say,condom,1
well,himself,1
be,thoughtless,1
wake,st,1
ask,day,1
have,condom,1
,ignorant,1
resemble,anyone,1
talk,stance,1
hop,we,1
honestly,work,1
upset,she,1
speak,we,1
stay,basement,1
pay,polite,1
ask,hour,1
comment,thing,1
change,stance,1
ask,eye,1
there,minute,1
apologize,inappropriate,1
,male,1
show,vulnerable,1
be,un,1
walk,sea,1
be,similar,1
show,similar,1
show,un,1
be,vulnerable,1
insist,this,1
accept,question,1
slow,,1
storm,,1
squeeze,they,1
check,neck,1
squeeze,second,1
rub,second,1
check,back,1
check,node,1
home,tour,1
experience,what,1
put,line,1
protect,damage,1
put,life,1
drink,angry,1
adjust,they,1
do,journey,1
once,sex,1
delete,it,1
push,blanket,1
take,photo,1
ask,you,1
stop,journey,1
seem,good,1
much,they,1
still,germany,1
lot,dog,1
get,germany,1
make,close,1
do,great,1
drink,death,1
much,what,1
say,great,1
smoke,,1
seem,month,1
drink,himself,1
call,holiday,1
not,close,1
write,note,1
be,disgusting,1
there,school,1
start,school,1
quit,school,1
alone,house,1
show,occasion,1
hard,what,1
hard,wrong,1
be,december,1
be,disability,1
be,due,1
isolate,one,1
brood,,1
follow,friend,1
show,emotion,1
hat,who,1
show,feeling,1
be,douchebag,1
follow,medium,1
compare,douchebag,1
still,virgin,1
compare,model,1
drop,they,1
treat,human,1
come,work,1
day,coworker,1
treat,kid,1
have,key,1
day,excuse,1
be,reclusive,1
sell,weed,1
have,boot,1
have,hunch,1
think,hunch,1
sometimes,thing,1
help,classroom,1
yell,classroom,1
suspect,something,1
come,classroom,1
tell,nice,1
scream,something,1
want,other,1
be,principle,1
help,wall,1
gaslighte,control,1
help,scared,1
appear,television,1
claim,it,1
take,idea,1
turn,idea,1
be,everyone,1
open,story,1
cut,letter,1
feel,shame,1
moment,it,1
claim,own,1
nearby,partner,1
not,we,1
go,friend,1
have,brain,1
back,buddy,1
separately,both,1
be,bulky,1
be,emotion,1
else,i,1
else,alone,1
tell,stitch,1
need,he,1
say,gun,1
be,enhancer,1
tell,l,1
out,true,1
talk,l,1
tell,whatever,1
need,that,1
go,st,1
get,gun,1
throw,key,1
attend,i,1
way,influence,1
berate,hour,1
hand,that,1
attend,he,1
dive,this,1
confirm,what,1
confirm,i,1
cry,appointment,1
suggest,time,1
home,angry,1
hear,movie,1
make,slow,1
make,move,1
discuss,strategy,1
threane,i,1
repeatedly,conversation,1
again,course,1
threane,way,1
home,that,1
push,crazy,1
cause,drama,1
delete,anyone,1
act,treatment,1
meet,mine,1
smirk,way,1
kill,sleep,1
prpbably,bombing,1
tell,psychotic,1
away,issue,1
get,number,1
hit,time,1
push,prospect,1
stab,cat,1
daw,house,1
go,insta,1
act,awful,1
leave,what,1
want,city,1
make,phone,1
reply,that,1
time,you,1
do,ride,1
meet,friend,1
enjoy,it,1
kill,balcony,1
judge,everyone,1
be,psychotic,1
tell,mate,1
repeatedly,stuff,1
approve,,1
isolate,they,1
force,relationship,1
fast,thing,1
change,way,1
act,weird,1
again,thing,1
put,max,1
call,people,1
get,livid,1
badly,time,1
tie,bar,1
stop,room,1
put,leash,1
go,tear,1
be,air,1
shed,tear,1
nearby,head,1
be,rottie,1
buy,something,1
nearby,wall,1
tie,leash,1
say,energy,1
ask,grateful,1
have,option,1
publicly,something,1
be,sock,1
be,shirt,1
go,dead,1
have,back,1
have,mole,1
pull,dm,1
look,they,1
talk,woman,1
hop,desperate,1
blame,sub,1
review,body,1
blame,victim,1
heal,guy,1
fetishize,gap,1
talk,cattle,1
target,woman,1
be,mode,1
expect,man,1
like,they,1
give,themselves,1
have,illusion,1
hop,insecure,1
blame,someone,1
get,reply,1
value,they,1
heal,they,1
acknowledge,imbalance,1
like,woman,1
prefer,woman,1
heal,violence,1
pull,what,1
beeline,topic,1
want,someone,1
out,,1
look,thing,1
ghost,conversation,1
like,cattle,1
fantasize,situation,1
date,survivor,1
hit,op,1
heal,he,1
target,people,1
expect,app,1
leave,as,1
give,psychiatrist,1
home,drug,1
give,diagnosis,1
up,lexapro,1
want,ck,1
tell,found,1
threaten,order,1
get,blackout,1
get,lesbian,1
seduce,i,1
ejaculate,time,1
hire,i,1
brag,lesbian,1
leave,bed,1
tell,bitter,1
tell,in,1
see,woman,1
,fraud,1
assault,someone,1
assault,relationship,1
keep,close,1
pm,house,1
do,half,1
tell,normal,1
keep,friend,1
tell,sad,1
also,relationship,1
,healthy,1
,misogynistic,1
still,girlfriend,1
see,ck,1
ridicule,goal,1
see,ssy,1
believe,trope,1
ejaculate,i,1
leave,drunk,1
hire,time,1
want,woman,1
ejaculate,face,1
hire,,1
,police,1
leave,pub,1
show,pill,1
stuff,myself,1
berate,week,1
stuff,face,1
seem,week,1
s,pervert,1
discipline,brother,1
treat,less,1
put,consideration,1
belittle,joke,1
berate,dishwasher,1
discipline,he,1
there,food,1
belittle,female,1
berate,waitress,1
treat,they,1
show,today,1
there,myself,1
belittle,day,1
there,face,1
stuff,food,1
minute,time,1
think,leak,1
again,trespassing,1
scream,face,1
in,week,1
scream,rug,1
renew,lease,1
renew,june,1
help,plumber,1
upstairs,he,1
minute,home,1
sue,we,1
get,camera,1
freak,june,1
fix,thing,1
again,lease,1
again,appt,1
sue,footage,1
let,patio,1
say,patio,1
well,something,1
change,end,1
well,song,1
leave,month,1
much,who,1
split,she,1
change,lyric,1
tell,experience,1
louder,mom,1
take,form,1
take,stress,1
close,business,1
exhaust,,1
make,worth,1
yesterday,yesterday,1
be,surprised,1
say,vote,1
in,stitch,1
bite,,1
not,free,1
be,glad,1
be,exhaust,1
see,line,1
want,dinner,1
,rough,1
pin,,1
deal,breakdown,1
yesterday,i,1
wait,home,1
be,behavior,1
not,thing,1
choose,what,1
have,change,1
kiss,this,1
dose,thing,1
add,insult,1
add,injury,1
discard,someone,1
give,whom,1
pull,idea,1
give,everything,1
anyway,,1
omg,lie,1
accept,,1
misgendere,patient,1
make,patient,1
misgendere,i,1
confront,she,1
misgendere,plan,1
complete,act,1
all,person,1
day,sleep,1
complete,occasion,1
all,round,1
enjoy,sex,1
drink,drunk,1
together,abuse,1
mature,,1
witness,it,1
split,night,1
be,grown,1
state,paranoia,1
do,ball,1
get,threat,1
describe,therapist,1
be,lookout,1
describe,people,1
be,masculine,1
be,insert,1
get,appeal,1
reimburse,he,1
be,etc,1
pull,impossible,1
kill,much,1
be,alve,1
be,functionary,1
time,book,1
spend,investigator,1
refuse,i,1
feel,control,1
major,psychology,1
dismiss,concern,1
read,they,1
refuse,k,1
spend,dollar,1
refer,a,1
live,usa,1
spend,,1
love,book,1
obsess,,1
have,report,1
refuse,he,1
look,therapy,1
reimburse,i,1
refer,edge,1
call,conference,1
everywhere,enemy,1
come,culture,1
go,past,1
kill,people,1
again,we,1
refer,it,1
reimburse,k,1
leave,scar,1
be,depressant,1
be,anti,1
be,on,1
tickle,i,1
back,pant,1
complain,it,1
tickle,year,1
masturbate,as,1
btw,i,1
tickle,point,1
be,porn,1
always,one,1
be,watchin,1
show,bunch,1
be,btw,1
lot,himself,1
join,i,1
around,shit,1
too,web,1
be,drinker,1
join,he,1
be,stupid,1
show,shit,1
switch,subject,1
be,obtrusive,1
be,direct,1
mention,obtrusive,1
demand,i,1
time,birth,1
acknowlege,time,1
pass,it,1
help,other,1
forgive,sake,1
go,transgression,1
forgive,i,1
acknowlege,transgression,1
pass,other,1
time,child,1
forgive,he,1
time,transgression,1
validate,other,1
give,letter,1
reply,court,1
reply,it,1
reply,you,1
treathene,court,1
treathene,i,1
there,he,1
say,anyone,1
intend,,1
call,brother,1
know,himself,1
know,weekend,1
know,bro,1
be,sarcasm,1
call,fat,1
home,drunk,1
prepare,i,1
tell,background,1
call,thing,1
sneak,bed,1
live,mate,1
show,people,1
surround,yr,1
surround,himself,1
show,city,1
hand,pad,1
come,where,1
throw,,1
conceal,,1
touch,day,1
talk,carry,1
want,myself,1
encourage,experience,1
go,table,1
travel,world,1
expose,form,1
travel,age,1
youth,collective,1
also,alienated,1
youth,deerhunter,1
youth,stereolab,1
youth,youth,1
stay,morning,1
be,concern,1
stay,bed,1
concern,,1
be,sort,1
serve,year,1
tonight,argument,1
put,father,1
talk,marine,1
go,awol,1
hit,experience,1
say,daughter,1
serve,corp,1
hit,bottom,1
go,wood,1
get,in,1
come,which,1
be,duty,1
suffer,this,1
take,we,1
brag,it,1
throw,dog,1
go,phase,1
repeat,one,1
find,amusement,1
take,delight,1
become,,1
take,greyhound,1
go,uncle,1
make,adjustment,1
have,humour,1
take,toronto,1
prescribe,month,1
watch,laughter,1
sometimes,day,1
throw,pig,1
physically,basis,1
do,business,1
find,this,1
throw,sister,1
repeat,session,1
home,he,1
do,company,1
internally,basis,1
experience,c,1
break,we,1
see,husband,1
see,way,1
internally,what,1
sit,event,1
be,sibling,1
say,pressure,1
there,person,1
recover,lot,1
be,morning,1
process,,1
call,facetime,1
say,end,1
take,reflex,1
smoke,bowl,1
doubt,relationship,1
see,baby,1
split,father,1
see,girl,1
know,fact,1
do,order,1
much,support,1
hurt,week,1
drop,everything,1
need,support,1
go,lot,1
see,myself,1
see,instagram,1
feel,support,1
drop,school,1
say,touch,1
take,pressure,1
be,adamant,1
recover,interaction,1
well,symptom,1
isolate,,1
say,grateful,1
suffer,break,1
behind,time,1
send,heart,1
be,super,1
consider,break,1
mask,trauma,1
see,house,1
feel,hear,1
ago,bike,1
hurt,arm,1
know,phobia,1
turn,eye,1
indeed,friendly,1
turn,direction,1
indeed,docile,1
know,response,1
ghost,this,1
will,,1
speak,fact,1
go,boba,1
get,boba,1
notice,anything,1
not,mad,1
say,scared,1
buy,card,1
take,peek,1
spot,friend,1
grab,tumbleweed,1
see,mind,1
day,fairytale,1
away,panic,1
lose,kind,1
back,arm,1
stuff,he,1
flinch,hand,1
next,he,1
take,sigh,1
cry,himself,1
relax,tumbleweed,1
notice,drawing,1
twist,noise,1
attack,kid,1
need,bit,1
reach,pocket,1
keep,key,1
eat,lunch,1
spot,good,1
clutch,hand,1
hit,shiro,1
focus,stitch,1
come,hiding,1
clutch,tumbleweed,1
have,poster,1
relax,,1
chase,shiro,1
talk,nervous,1
take,needle,1
notice,cheek,1
react,situation,1
use,kind,1
insert,needle,1
flinch,cheek,1
remember,fright,1
smirk,,1
hand,tumbleweed,1
next,tumbleweed,1
fall,ground,1
sit,knee,1
stuff,pocket,1
feel,eye,1
remember,terror,1
feel,different,1
take,arm,1
remember,person,1
cry,school,1
hide,friend,1
eye,toy,1
glare,distaste,1
develop,skill,1
bring,fragment,1
stand,middle,1
behave,situation,1
remember,face,1
get,inaccuracy,1
eye,ground,1
notice,wrist,1
excitedly,ear,1
talk,tumbleweed,1
look,toy,1
cry,knee,1
eye,tumbleweed,1
sit,school,1
head,,1
get,nightmare,1
see,toy,1
pull,chest,1
notice,bracelet,1
look,tumbleweed,1
fiddle,bracelet,1
hit,something,1
take,piece,1
hold,tumbleweed,1
soften,expression,1
see,tumbleweed,1
wait,kind,1
not,wrong,1
need,tomorrow,1
notice,hand,1
give,tumbleweed,1
behind,he,1
mean,lot,1
insert,fabric,1
fall,thud,1
notice,backpack,1
lose,who,1
make,contact,1
make,shiro,1
play,kid,1
stand,tumbleweed,1
eat,he,1
back,bracelet,1
use,who,1
interact,activity,1
use,he,1
freeze,source,1
glare,arm,1
,bracelet,1
look,body,1
eye,table,1
have,drawing,1
take,drink,1
teach,you,1
do,many,1
keep,head,1
think,one,1
hand,pipe,1
get,bcs,1
work,it,1
home,visit,1
console,someone,1
put,couch,1
ask,nervous,1
have,apartment,1
give,point,1
ask,all,1
want,language,1
smoke,day,1
again,available,1
send,music,1
agree,deal,1
show,fine,1
smoke,blunt,1
ask,today,1
again,ride,1
mpre,personality,1
mpre,i,1
bind,way,1
change,attitude,1
be,anchor,1
feel,thing,1
take,serious,1
make,united,1
bind,piece,1
take,request,1
show,history,1
look,disgusted,1
see,trailer,1
get,danger,1
get,lack,1
texte,middle,1
hold,class,1
there,second,1
meet,bank,1
know,bi,1
come,idea,1
compare,girl,1
watch,lot,1
rest,groin,1
drive,circle,1
hold,desk,1
rest,hand,1
time,house,1
compliment,boob,1
rest,thigh,1
know,lesbian,1
tell,size,1
everyday,month,1
leave,class,1
ask,bra,1
time,bike,1
act,this,1
texte,time,1
compliment,as,1
grab,hair,1
have,which,1
yell,stfu,1
buy,day,1
get,tf,1
have,place,1
outside,shoe,1
have,door,1
tonight,hair,1
outside,rain,1
jam,key,1
buy,that,1
everywhere,maggot,1
hit,year,1
disappear,session,1
,type,1
be,aggravate,1
pawn,sil,1
pawn,i,1
tell,chantix,1
injure,rage,1
aggravate,,1
injure,tendon,1
express,sympathy,1
injure,hip,1
tell,alcohol,1
clinch,neck,1
downstream,back,1
brave,,1
go,vest,1
go,water,1
read,arendt,1
clinch,terror,1
communicate,wrong,1
,little,1
,idea,1
have,vest,1
communicate,anyone,1
downstream,i,1
summer,camp,1
discuss,past,1
leave,unable,1
like,she,1
talk,couple,1
be,american,1
send,attack,1
climb,top,1
like,while,1
get,home,1
leave,afraid,1
confess,he,1
apart,drawer,1
rush,room,1
destroy,room,1
push,themselves,1
throw,house,1
naked,i,1
have,spunk,1
watch,mirror,1
bring,sauna,1
turn,sweet,1
do,morning,1
not,condom,1
charm,i,1
tell,house,1
know,pain,1
show,tenderness,1
belittle,everything,1
enjoy,look,1
bring,public,1
belittle,full,1
turn,second,1
flip,rage,1
pat,back,1
pleasure,point,1
buy,house,1
change,position,1
be,industry,1
flip,,1
like,pain,1
ask,neighbor,1
pleasure,i,1
turn,charming,1
watch,himself,1
find,he,1
again,effort,1
tell,fat,1
indulge,,1
let,one,1
say,facility,1
emotionally,my,1
tell,my,1
want,control,1
work,facility,1
tell,unnatractive,1
spend,year,1
know,life,1
tell,weak,1
badly,you,1
now,ok,1
pin,shirt,1
pin,they,1
remove,wing,1
remove,uniform,1
know,at,1
knock,minute,1
come,minute,1
sit,minute,1
numb,thing,1
stop,sick,1
knock,dark,1
awkwardly,,1
come,dark,1
sit,dark,1
knock,bed,1
sit,bed,1
stop,week,1
time,joke,1
properly,,1
stop,action,1
watch,show,1
feel,gross,1
s,dust,1
blow,shoulder,1
blow,problem,1
blow,he,1
have,consent,1
abuse,relationship,1
say,abusive,1
block,everything,1
be,favour,1
feel,way,1
make,consent,1
violate,policy,1
understand,pain,1
push,yesterday,1
push,mad,1
say,kind,1
be,dissatisfied,1
result,i,1
carry,threat,1
there,year,1
again,ex,1
there,phase,1
there,someone,1
seek,answer,1
let,q,1
shove,,1
abuse,answer,1
down,vagina,1
thank,we,1
fuck,we,1
down,hand,1
put,vagina,1
sexualize,friend,1
offer,home,1
massage,boob,1
tickle,stomach,1
have,rifle,1
want,friend,1
back,one,1
pull,one,1
continue,comment,1
have,weapon,1
together,we,1
fuck,heart,1
away,guy,1
sexualize,compliment,1
back,bra,1
pull,bra,1
hard,it,1
fix,top,1
thank,time,1
finish,he,1
offer,we,1
pull,trip,1
back,friend,1
back,oregon,1
call,tear,1
find,sympathy,1
know,am,1
take,desert,1
take,apartment,1
get,someone,1
have,little,1
give,one,1
back,mexico,1
,addicted,1
take,lake,1
say,mature,1
home,while,1
live,friend,1
not,anybody,1
pack,stuff,1
stalk,case,1
lose,little,1
threaten,month,1
not,afraid,1
pull,anybody,1
have,bull,1
since,i,1
rid,,1
well,trouble,1
kill,someone,1
correct,it,1
trauma,dump,1
preppe,disaster,1
far,thing,1
really,covid,1
really,unrest,1
drop,something,1
drink,adult,1
tell,lazy,1
be,phycopath,1
center,self,1
be,center,1
go,bit,1
block,medium,1
have,situation,1
ruin,term,1
abuse,drug,1
now,program,1
hide,action,1
together,shit,1
mess,,1
do,thousand,1
be,dorm,1
move,shit,1
away,everything,1
hide,abuse,1
be,class,1
stop,engage,1
engage,girl,1
once,essay,1
stalk,year,1
get,whatsapp,1
,sorry,1
apologise,i,1
realise,girl,1
beat,nothing,1
once,word,1
destroy,self,1
become,couple,1
groom,relationship,1
right,wrong,1
see,evidence,1
destroy,year,1
get,engage,1
once,sorry,1
admit,cheating,1
insult,itself,1
message,beginning,1
right,whatever,1
once,beginning,1
become,photographer,1
block,platform,1
leave,anything,1
away,word,1
be,unsure,1
have,ability,1
again,self,1
avoid,problem,1
before,detail,1
communicate,i,1
say,ability,1
g,anything,1
act,he,1
shut,room,1
reply,nothing,1
be,physically,1
again,medication,1
figure,thing,1
ignore,emotion,1
well,effort,1
again,therapy,1
refer,feeling,1
shut,himself,1
anymore,home,1
day,problem,1
overreact,,1
anymore,she,1
anymore,public,1
mix,,1
not,mom,1
chase,gun,1
kick,night,1
have,hate,1
be,locksmith,1
night,mad,1
chase,she,1
remember,bad,1
often,child,1
not,mexican,1
control,lot,1
assault,day,1
offer,room,1
threaten,custody,1
not,america,1
tell,person,1
take,cat,1
threaten,year,1
claim,camp,1
alone,day,1
abuse,kitten,1
take,kitten,1
not,physical,1
help,child,1
abuse,child,1
often,hard,1
be,dutch,1
lose,care,1
foster,,1
bring,topic,1
bring,sa,1
overall,guy,1
bring,unprovoked,1
suffer,rapist,1
bring,conversation,1
again,job,1
play,videogame,1
tell,ok,1
say,voice,1
change,room,1
there,house,1
stalk,while,1
slip,hand,1
watch,house,1
go,ymca,1
slip,short,1
s,property,1
stalk,incident,1
stalk,shut,1
push,hall,1
beat,time,1
be,danger,1
leave,college,1
leave,year,1
chat,we,1
now,trigger,1
blow,time,1
blow,hit,1
push,water,1
do,fist,1
punch,she,1
drug,son,1
poison,food,1
violate,son,1
instal,camera,1
sabotage,belonging,1
trash,place,1
monitor,apartment,1
beat,lucas,1
well,young,1
interrupt,they,1
hear,murder,1
know,lucas,1
put,show,1
slam,curse,1
too,morning,1
slam,stuff,1
currently,counseling,1
complain,everything,1
give,time,1
spy,window,1
give,case,1
now,ftm,1
matter,place,1
give,address,1
bother,it,1
matter,face,1
away,while,1
threaten,thing,1
threaten,breath,1
do,chase,1
be,nasty,1
stalk,point,1
attach,i,1
be,naked,1
enter,penis,1
call,man,1
back,this,1
come,handed,1
untie,robe,1
cauterize,they,1
whistle,,1
back,forge,1
back,point,1
say,step,1
apart,it,1
pull,tip,1
work,person,1
inject,it,1
whip,navel,1
back,instrument,1
use,name,1
tell,water,1
whip,i,1
lift,i,1
stop,stroke,1
become,animated,1
unlock,waist,1
mean,service,1
make,important,1
shout,crowd,1
pull,it,1
smirk,point,1
cup,breast,1
hold,needle,1
again,man,1
respond,that,1
drag,,1
be,step,1
lift,it,1
seem,focused,1
little,time,1
discuss,two,1
have,grin,1
encourage,thing,1
draw,lot,1
say,procedure,1
in,foot,1
throw,left,1
unlock,cell,1
pull,chain,1
enter,anus,1
back,table,1
get,table,1
finish,i,1
drag,foot,1
apart,all,1
cut,breast,1
laugh,thing,1
back,which,1
forward,i,1
know,female,1
slide,it,1
go,skin,1
grin,animated,1
shout,step,1
slide,door,1
make,cut,1
push,cart,1
place,they,1
work,set,1
around,bottom,1
draw,skin,1
slide,bar,1
slide,food,1
drop,floor,1
push,vagina,1
greet,i,1
tell,sign,1
negatively,,1
place,wound,1
cover,body,1
inject,i,1
make,breast,1
pull,syringe,1
say,fun,1
use,rod,1
grab,cart,1
cry,more,1
leave,bare,1
unlock,padlock,1
pull,whip,1
pull,rod,1
attach,drip,1
make,speech,1
go,symbol,1
say,set,1
burn,symbol,1
drop,it,1
complete,step,1
cut,scalpel,1
put,knife,1
away,that,1
open,cell,1
respond,pain,1
grab,something,1
respond,fire,1
draw,shape,1
again,forge,1
give,something,1
get,end,1
spit,fact,1
throw,grass,1
comment,eye,1
leave,which,1
back,people,1
cut,back,1
around,side,1
set,meal,1
push,end,1
come,guard,1
finish,front,1
laugh,time,1
greet,deadname,1
put,needle,1
eat,bitch,1
chuckle,eye,1
tell,female,1
pick,table,1
tell,step,1
give,procedure,1
growl,point,1
answer,i,1
pull,head,1
pull,something,1
keep,face,1
be,biter,1
bite,he,1
get,google,1
,he,1
,charge,1
think,person,1
identify,cop,1
frisk,friend,1
frisk,bathroom,1
identify,himself,1
be,unwell,1
emotionally,i,1
be,conscientious,1
know,option,1
have,asd,1
think,solution,1
say,amazing,1
tell,date,1
tell,excited,1
off,all,1
back,lot,1
want,over,1
run,bathroom,1
forget,i,1
go,other,1
say,easy,1
go,much,1
well,injury,1
run,middle,1
say,excited,1
stare,thing,1
have,dysfunction,1
get,pain,1
anymore,excited,1
confusingly,it,1
remember,color,1
be,lying,1
take,recess,1
guilt,i,1
rap,response,1
seem,sincere,1
chase,woman,1
break,heart,1
examine,page,1
remember,year,1
kill,humanity,1
let,sex,1
drive,conversation,1
grow,trial,1
well,wrong,1
make,perception,1
say,thought,1
bring,trauma,1
speak,something,1
make,reality,1
think,check,1
be,individual,1
go,reason,1
say,angry,1
badly,woman,1
sham,,1
be,sociopathic,1
use,tip,1
take,slow,1
push,seat,1
apply,gel,1
around,ok,1
apply,finger,1
ask,which,1
say,gel,1
say,finger,1
ask,knee,1
read,banality,1
make,part,1
touch,back,1
lock,he,1
put,neck,1
come,arm,1
come,waist,1
watch,front,1
approach,side,1
high,volume,1
violate,she,1
make,upstairs,1
put,waist,1
preform,act,1
never,someone,1
place,way,1
treat,month,1
bang,regard,1
bang,mouse,1
be,dismissive,1
well,majority,1
place,span,1
want,reaction,1
place,he,1
treat,that,1
be,condescending,1
date,month,1
place,time,1
place,hand,1
place,shoulder,1
say,past,1
horse,i,1
bang,table,1
horse,character,1
time,idiot,1
call,stupid,1
punch,time,1
again,today,1
douse,fire,1
back,hose,1
lay,truck,1
douse,himself,1
drop,day,1
push,side,1
drink,beer,1
drop,godmother,1
get,woman,1
get,room,1
get,nigga,1
pick,m,1
get,em,1
call,dad,1
make,victim,1
tell,at,1
ghost,that,1
then,fault,1
blackmail,picture,1
save,picture,1
ct,front,1
s,boyfriend,1
stab,wall,1
have,at,1
talk,nude,1
see,scar,1
stab,floor,1
not,lot-,1
do,public,1
defend,sympathy,1
tell,okay,1
have,picture,1
stab,room,1
do,okay,1
still,flirty,1
ct,himself,1
time,parent,1
yell,fault,1
not,loud,1
remember,cousin,1
remember,homicide,1
again,picture,1
turn,ex,1
much,sex,1
strip,we,1
feel,powerful,1
understand,right,1
strip,confidence,1
be,dominant,1
s,weak,1
live,denial,1
s,reality,1
strip,humanity,1
hurt,empty,1
say,empty,1
senseless,i,1
cut,week,1
remember,psychosis,1
leave,fear,1
deserve,someone,1
remember,much,1
cut,family,1
say,anxiety,1
be,apartment,1
call,intelligent,1
jolt,i,1
outline,detail,1
be,late,1
call,beautiful,1
be,long,1
console,i,1
be,generation,1
say,lover,1
spend,shop,1
outline,what,1
groom,that,1
numb,it,1
alcohol,alcohol,1
drink,liquor,1
use,drug,1
numb,himself,1
,civilian,1
numb,trauma,1
remember,what,1
see,professional,1
face,trauma,1
die,suicide,1
minute,plan,1
meet,station,1
minute,weekend,1
make,hallway,1
assume,problem,1
hate,it,1
put,he,1
get,picture,1
know,date,1
ask,dream,1
pay,meal,1
know,love,1
say,meal,1
take,meal,1
be,bit,1
next,trip,1
say,birthday,1
know,partner,1
hear,time,1
let,story,1
lock,door,1
open,it,1
scream,help,1
minute,more,1
childhood-,,1
be,february,1
back,minute,1
time,information,1
become,aware,1
back,irate,1
whisper,i,1
be,drink,1
minute,street,1
rap,one,1
have,wall,1
go,wringer,1
go,pain,1
there,front,1
be,controller,1
potentially,pedophile,1
once,road,1
slam,he,1
struggle,anger,1
leave,game,1
stay,angry,1
throw,item,1
think,problem,1
do,enough,1
be,autistic,1
remember,space,1
move,it,1
yell,friend,1
understand,space,1
throw,clothe,1
yell,incident,1
stay,sort,1
leave,pile,1
enter,room,1
anyway,run,1
spend,nicu,1
snap,any,1
anyway,vomiting,1
have,bit,1
get,agitated,1
spend,month,1
get,distant,1
lose,experience,1
lose,clearance,1
squall,,1
anyway,lot,1
need,it,1
panic,lonely,1
panic,upset,1
over,control,1
sneak,,1
be,girlfriend,1
there,belonging,1
mean,situation,1
mean,he,1
tell,police,1
texte,thing,1
know,mad,1
know,past,1
be,considerate,1
really,anything,1
know,gravity,1
understand,considerate,1
be,assault,1
become,neglectful,1
add,sweetie,1
become,hurtful,1
worsen,symptom,1
be,negative,1
be,enough,1
confirm,feeling,1
be,jackass,1
undress,,1
leave,door,1
slip,bar,1
stay,cottage,1
chat,she,1
stay,lake,1
look,girl,1
come,table,1
slip,crowd,1
leave,foot,1
tear,building,1
help,city,1
allow,,1
yell,window,1
spite,he,1
recognize,reason,1
have,crucifix,1
gently,it,1
know,symptom,1
understand,strength,1
open,saving,1
sexually,time,1
be,vampire,1
bully,i,1
offer,comfort,1
maintain,friendship,1
become,shortcoming,1
listen,problem,1
listen,comfort,1
become,fact,1
help,rent,1
bully,year,1
be,vacuum,1
anymore,responsibility,1
drive,hour,1
drive,apartment,1
,worried,1
drill,i,1
seem,aggressive,1
obviously,time,1
obviously,teacher,1
say,kyle,1
kiss,day,1
obviously,kid,1
obviously,parent,1
obviously,presentation,1
obviously,i,1
say,jew,1
be,jew,1
repeat,thing,1
do,presentation,1
know,boyfriend,1
rant,problem,1
night,front,1
rant,i,1
blame,problem,1
rant,mother,1
angrily,i,1
be,bipolar,1
night,suicide,1
tell,errand,1
focuse,feeling,1
victimize,state,1
get,approval,1
victimize,i,1
flatter,she,1
offer,work,1
do,victim,1
talk,course,1
take,date,1
bring,one,1
talk,today,1
talk,experience,1
share,experience,1
think,idea,1
want,go,1
share,,1
serve,war,1
call,bed,1
say,medication,1
talk,dream,1
feel,numb,1
tightly,they,1
place,bag,1
place,head,1
make,playlist,1
calm,mind,1
take,nap,1
take,bed,1
look,peaceful,1
look,nothing,1
make,medicine,1
make,alcohol,1
make,cellphone,1
smoke,that,1
use,gain,1
let,light,1
shackle,mind,1
use,mouth,1
shackle,i,1
be,cruel,1
fall,great,1
groom,year,1
buy,bag,1
fall,fact,1
be,count,1
keep,money,1
come,veteran,1
have,asperger,1
come,defence,1
too,stuff,1
whatsoever,it,1
discuss,which,1
do,asperger,1
reintroduce,it,1
claim,ww,1
rationalise,father,1
also,inexperienced,1
portray,it,1
defend,,1
later,time,1
too,sex,1
break,crowbar,1
hold,at,1
break,some,1
stomp,toe,1
cut,clothe,1
repeatedly,door,1
throw,hallway,1
drag,naked,1
balcony,thing,1
beat,head,1
beat,dildo,1
balcony,i,1
join,navy,1
cut,haircut,1
reply,i,1
do,rotc,1
betray,it,1
